[22:14:55.047] EnsureLoaded: frameworkRoot=D:\testpgms\WPFTestAutoClaudeNew\WpfTestFramework, repoDir=D:\testpgms\WPFTestAutoClaudeNew\WpfTestFramework\repository\elements, exists=True
[22:14:55.101] Loaded YAML: D:\testpgms\WPFTestAutoClaudeNew\WpfTestFramework\repository\elements\login_page.yaml, keys: elements
[22:14:55.103] Loaded YAML: D:\testpgms\WPFTestAutoClaudeNew\WpfTestFramework\repository\elements\orders_page.yaml, keys: elements
[22:14:55.103] Loaded 10 AutomationId mappings, 10 Name mappings
[22:15:09.589] ResolveAlias(automationId=txtUsername, name=)
[22:15:09.589]   -> matched by AutomationId: LoginPage.UsernameTextBox
[22:15:17.484] ResolveAlias(automationId=txtUsername, name=)
[22:15:17.485]   -> matched by AutomationId: LoginPage.UsernameTextBox
[22:15:17.559] ResolveAlias(automationId=txtPassword, name=)
[22:15:17.560]   -> matched by AutomationId: LoginPage.PasswordTextBox
[22:15:19.371] ResolveAlias(automationId=txtUsername, name=)
[22:15:19.371]   -> matched by AutomationId: LoginPage.UsernameTextBox
[22:15:22.136] ResolveAlias(automationId=, name=contentPresenter)
[22:15:22.137]   -> NO MATCH
[22:15:25.493] ResolveAlias(automationId=btnSubmit, name=Login)
[22:15:25.493]   -> matched by AutomationId: LoginPage.SubmitButton
[23:06:01.468] EnsureLoaded: frameworkRoot=D:\testpgms\WPFTestAutoClaudeNew\WpfTestFramework, repoDir=D:\testpgms\WPFTestAutoClaudeNew\WpfTestFramework\repository\elements, exists=True
[23:06:01.524] Loaded YAML: D:\testpgms\WPFTestAutoClaudeNew\WpfTestFramework\repository\elements\login_page.yaml, keys: elements
[23:06:01.525] elements count: 4
[23:06:01.525] Processing alias=LoginPage.UsernameTextBox, entry keys=displayName,controlType,parentAlias,defaultTimeout,tags,strategies
[23:06:01.525]   Found strategies: WPFSpy
[23:06:01.526]   Added Name mapping: txtUsername -> LoginPage.UsernameTextBox
[23:06:01.526] Processing alias=LoginPage.PasswordTextBox, entry keys=displayName,controlType,parentAlias,defaultTimeout,tags,strategies
[23:06:01.526]   Found strategies: WPFSpy
[23:06:01.526]   Added Name mapping: txtPassword -> LoginPage.PasswordTextBox
[23:06:01.526] Processing alias=LoginPage.SubmitButton, entry keys=displayName,controlType,parentAlias,defaultTimeout,tags,strategies
[23:06:01.526]   Found strategies: WPFSpy
[23:06:01.526]   Added Name mapping: btnSubmit -> LoginPage.SubmitButton
[23:06:01.526] Processing alias=LoginPage.ErrorLabel, entry keys=displayName,controlType,parentAlias,defaultTimeout,tags,strategies
[23:06:01.527]   Found strategies: WPFSpy
[23:06:01.527]   Added Name mapping: lblError -> LoginPage.ErrorLabel
[23:06:01.528] Loaded YAML: D:\testpgms\WPFTestAutoClaudeNew\WpfTestFramework\repository\elements\orders_page.yaml, keys: elements
[23:06:01.528] elements count: 6
[23:06:01.528] Processing alias=OrdersPage.SkuComboBox, entry keys=displayName,controlType,parentAlias,defaultTimeout,tags,strategies
[23:06:01.528]   Found strategies: WPFSpy
[23:06:01.528]   Added Name mapping: cmbSku -> OrdersPage.SkuComboBox
[23:06:01.529] Processing alias=OrdersPage.QuantityTextBox, entry keys=displayName,controlType,parentAlias,defaultTimeout,tags,strategies
[23:06:01.529]   Found strategies: WPFSpy
[23:06:01.529]   Added Name mapping: txtQty -> OrdersPage.QuantityTextBox
[23:06:01.529] Processing alias=OrdersPage.PriorityCheckbox, entry keys=displayName,controlType,parentAlias,defaultTimeout,tags,strategies
[23:06:01.529]   Found strategies: WPFSpy
[23:06:01.529]   Added Name mapping: chkPriority -> OrdersPage.PriorityCheckbox
[23:06:01.529] Processing alias=OrdersPage.CreateOrderButton, entry keys=displayName,controlType,parentAlias,defaultTimeout,tags,strategies
[23:06:01.529]   Found strategies: WPFSpy
[23:06:01.529]   Added Name mapping: btnCreateOrder -> OrdersPage.CreateOrderButton
[23:06:01.529] Processing alias=OrdersPage.ConfirmationLabel, entry keys=displayName,controlType,parentAlias,defaultTimeout,tags,strategies
[23:06:01.529]   Found strategies: WPFSpy
[23:06:01.530]   Added Name mapping: lblConfirmation -> OrdersPage.ConfirmationLabel
[23:06:01.530] Processing alias=OrdersPage.OrdersGrid, entry keys=displayName,controlType,parentAlias,defaultTimeout,tags,strategies
[23:06:01.530]   Found strategies: WPFSpy
[23:06:01.530]   Added Name mapping: gridOrders -> OrdersPage.OrdersGrid
[23:06:01.530] Loaded 0 AutomationId mappings, 10 Name mappings
[23:06:10.598] ResolveAlias(automationId=, name=PART_ContentHost)
[23:06:10.598]   -> NO MATCH
[23:06:18.795] ResolveAlias(automationId=, name=PART_ContentHost)
[23:06:18.796]   -> NO MATCH
[23:06:24.441] ResolveAlias(automationId=, name=PART_ContentHost)
[23:06:24.441]   -> NO MATCH
[23:06:29.315] ResolveAlias(automationId=, name=PART_ContentHost)
[23:06:29.315]   -> NO MATCH
[23:06:37.403] ResolveAlias(automationId=, name=border)
[23:06:37.404]   -> NO MATCH
[23:06:40.395] ResolveAlias(automationId=, name=splitBorder)
[23:06:40.396]   -> NO MATCH
[23:06:43.188] ResolveAlias(automationId=, name=PART_ContentHost)
[23:06:43.189]   -> NO MATCH
[23:06:45.924] ResolveAlias(automationId=, name=chkPriority)
[23:06:45.925]   -> matched by Name: OrdersPage.PriorityCheckbox
[23:06:46.964] ResolveAlias(automationId=, name=contentPresenter)
[23:06:46.965]   -> NO MATCH
[23:10:24.374] EnsureLoaded: frameworkRoot=D:\testpgms\WPFTestAutoClaudeNew\WpfTestFramework, repoDir=D:\testpgms\WPFTestAutoClaudeNew\WpfTestFramework\repository\elements, exists=True
[23:10:24.418] Loaded YAML: D:\testpgms\WPFTestAutoClaudeNew\WpfTestFramework\repository\elements\login_page.yaml, keys: elements
[23:10:24.420] elements count: 4
[23:10:24.420] Processing alias=LoginPage.UsernameTextBox, entry keys=displayName,controlType,parentAlias,defaultTimeout,tags,strategies
[23:10:24.420]   Found strategies: WPFSpy
[23:10:24.420]   Added Name mapping: txtUsername -> LoginPage.UsernameTextBox
[23:10:24.420] Processing alias=LoginPage.PasswordTextBox, entry keys=displayName,controlType,parentAlias,defaultTimeout,tags,strategies
[23:10:24.421]   Found strategies: WPFSpy
[23:10:24.421]   Added Name mapping: txtPassword -> LoginPage.PasswordTextBox
[23:10:24.421] Processing alias=LoginPage.SubmitButton, entry keys=displayName,controlType,parentAlias,defaultTimeout,tags,strategies
[23:10:24.421]   Found strategies: WPFSpy
[23:10:24.421]   Added Name mapping: btnSubmit -> LoginPage.SubmitButton
[23:10:24.421] Processing alias=LoginPage.ErrorLabel, entry keys=displayName,controlType,parentAlias,defaultTimeout,tags,strategies
[23:10:24.421]   Found strategies: WPFSpy
[23:10:24.421]   Added Name mapping: lblError -> LoginPage.ErrorLabel
[23:10:24.422] Loaded YAML: D:\testpgms\WPFTestAutoClaudeNew\WpfTestFramework\repository\elements\orders_page.yaml, keys: elements
[23:10:24.422] elements count: 6
[23:10:24.422] Processing alias=OrdersPage.SkuComboBox, entry keys=displayName,controlType,parentAlias,defaultTimeout,tags,strategies
[23:10:24.423]   Found strategies: WPFSpy
[23:10:24.423]   Added Name mapping: cmbSku -> OrdersPage.SkuComboBox
[23:10:24.423] Processing alias=OrdersPage.QuantityTextBox, entry keys=displayName,controlType,parentAlias,defaultTimeout,tags,strategies
[23:10:24.423]   Found strategies: WPFSpy
[23:10:24.423]   Added Name mapping: txtQty -> OrdersPage.QuantityTextBox
[23:10:24.423] Processing alias=OrdersPage.PriorityCheckbox, entry keys=displayName,controlType,parentAlias,defaultTimeout,tags,strategies
[23:10:24.423]   Found strategies: WPFSpy
[23:10:24.423]   Added Name mapping: chkPriority -> OrdersPage.PriorityCheckbox
[23:10:24.423] Processing alias=OrdersPage.CreateOrderButton, entry keys=displayName,controlType,parentAlias,defaultTimeout,tags,strategies
[23:10:24.423]   Found strategies: WPFSpy
[23:10:24.424]   Added Name mapping: btnCreateOrder -> OrdersPage.CreateOrderButton
[23:10:24.424] Processing alias=OrdersPage.ConfirmationLabel, entry keys=displayName,controlType,parentAlias,defaultTimeout,tags,strategies
[23:10:24.424]   Found strategies: WPFSpy
[23:10:24.424]   Added Name mapping: lblConfirmation -> OrdersPage.ConfirmationLabel
[23:10:24.424] Processing alias=OrdersPage.OrdersGrid, entry keys=displayName,controlType,parentAlias,defaultTimeout,tags,strategies
[23:10:24.424]   Found strategies: WPFSpy
[23:10:24.424]   Added Name mapping: gridOrders -> OrdersPage.OrdersGrid
[23:10:24.424] Loaded 0 AutomationId mappings, 10 Name mappings
[23:10:36.786] ResolveAlias(automationId=, name=PART_ContentHost)
[23:10:36.786]   -> NO MATCH
[23:10:44.973] ResolveAlias(automationId=, name=PART_ContentHost)
[23:10:44.973]   -> NO MATCH
[23:10:47.725] ResolveAlias(automationId=, name=contentPresenter)
[23:10:47.725]   -> NO MATCH
[23:13:57.478] EnsureLoaded: frameworkRoot=D:\testpgms\WPFTestAutoClaudeNew\WpfTestFramework, repoDir=D:\testpgms\WPFTestAutoClaudeNew\WpfTestFramework\repository\elements, exists=True
[23:13:57.522] Loaded YAML: D:\testpgms\WPFTestAutoClaudeNew\WpfTestFramework\repository\elements\login_page.yaml, keys: elements
[23:13:57.523] elements count: 4
[23:13:57.523] Processing alias=LoginPage.UsernameTextBox, entry keys=displayName,controlType,parentAlias,defaultTimeout,tags,strategies
[23:13:57.523]   Found strategies: WPFSpy
[23:13:57.524]   Added Name mapping: txtUsername -> LoginPage.UsernameTextBox
[23:13:57.524] Processing alias=LoginPage.PasswordTextBox, entry keys=displayName,controlType,parentAlias,defaultTimeout,tags,strategies
[23:13:57.524]   Found strategies: WPFSpy
[23:13:57.524]   Added Name mapping: txtPassword -> LoginPage.PasswordTextBox
[23:13:57.524] Processing alias=LoginPage.SubmitButton, entry keys=displayName,controlType,parentAlias,defaultTimeout,tags,strategies
[23:13:57.524]   Found strategies: WPFSpy
[23:13:57.524]   Added Name mapping: btnSubmit -> LoginPage.SubmitButton
[23:13:57.524] Processing alias=LoginPage.ErrorLabel, entry keys=displayName,controlType,parentAlias,defaultTimeout,tags,strategies
[23:13:57.524]   Found strategies: WPFSpy
[23:13:57.524]   Added Name mapping: lblError -> LoginPage.ErrorLabel
[23:13:57.525] Loaded YAML: D:\testpgms\WPFTestAutoClaudeNew\WpfTestFramework\repository\elements\orders_page.yaml, keys: elements
[23:13:57.526] elements count: 6
[23:13:57.526] Processing alias=OrdersPage.SkuComboBox, entry keys=displayName,controlType,parentAlias,defaultTimeout,tags,strategies
[23:13:57.526]   Found strategies: WPFSpy
[23:13:57.526]   Added Name mapping: cmbSku -> OrdersPage.SkuComboBox
[23:13:57.526] Processing alias=OrdersPage.QuantityTextBox, entry keys=displayName,controlType,parentAlias,defaultTimeout,tags,strategies
[23:13:57.526]   Found strategies: WPFSpy
[23:13:57.526]   Added Name mapping: txtQty -> OrdersPage.QuantityTextBox
[23:13:57.526] Processing alias=OrdersPage.PriorityCheckbox, entry keys=displayName,controlType,parentAlias,defaultTimeout,tags,strategies
[23:13:57.526]   Found strategies: WPFSpy
[23:13:57.526]   Added Name mapping: chkPriority -> OrdersPage.PriorityCheckbox
[23:13:57.527] Processing alias=OrdersPage.CreateOrderButton, entry keys=displayName,controlType,parentAlias,defaultTimeout,tags,strategies
[23:13:57.527]   Found strategies: WPFSpy
[23:13:57.527]   Added Name mapping: btnCreateOrder -> OrdersPage.CreateOrderButton
[23:13:57.527] Processing alias=OrdersPage.ConfirmationLabel, entry keys=displayName,controlType,parentAlias,defaultTimeout,tags,strategies
[23:13:57.527]   Found strategies: WPFSpy
[23:13:57.527]   Added Name mapping: lblConfirmation -> OrdersPage.ConfirmationLabel
[23:13:57.527] Processing alias=OrdersPage.OrdersGrid, entry keys=displayName,controlType,parentAlias,defaultTimeout,tags,strategies
[23:13:57.527]   Found strategies: WPFSpy
[23:13:57.527]   Added Name mapping: gridOrders -> OrdersPage.OrdersGrid
[23:13:57.528] Loaded 0 AutomationId mappings, 10 Name mappings
[23:14:25.990] ResolveAlias(automationId=, name=PART_ContentHost)
[23:14:25.990]   -> NO MATCH
[23:15:02.554] ResolveAlias(automationId=, name=PART_ContentHost)
[23:15:02.554]   -> NO MATCH
[23:15:24.835] ResolveAlias(automationId=, name=PART_ContentHost)
[23:15:24.836]   -> NO MATCH
[23:15:27.296] ResolveAlias(automationId=, name=border)
[23:15:27.297]   -> NO MATCH
[23:15:28.945] ResolveAlias(automationId=, name=border)
[23:15:28.945]   -> NO MATCH
[00:09:39.236] EnsureLoaded: frameworkRoot=D:\testpgms\WPFTestAutoClaudeNew\WpfTestFramework, repoDir=D:\testpgms\WPFTestAutoClaudeNew\WpfTestFramework\repository\elements, exists=True
[00:09:39.322] Loaded YAML: D:\testpgms\WPFTestAutoClaudeNew\WpfTestFramework\repository\elements\login_page.yaml, keys: elements
[00:09:39.323] elements count: 4
[00:09:39.324] Processing alias=LoginPage.MainWindow.txtUsername, entry keys=displayName,controlType,parentAlias,defaultTimeout,tags,strategies
[00:09:39.324]   Found strategies: WPFSpy
[00:09:39.324]   Added Name mapping: /Window[@AutomationId='MainWindow']/Grid/TextBox[@AutomationId='txtUsername'] -> LoginPage.MainWindow.txtUsername
[00:09:39.325] Processing alias=LoginPage.MainWindow.txtPassword, entry keys=displayName,controlType,parentAlias,defaultTimeout,tags,strategies
[00:09:39.325]   Found strategies: WPFSpy
[00:09:39.325]   Added Name mapping: /Window[@AutomationId='MainWindow']/Grid/PasswordBox[@AutomationId='txtPassword'] -> LoginPage.MainWindow.txtPassword
[00:09:39.325] Processing alias=LoginPage.MainWindow.btnSubmit, entry keys=displayName,controlType,parentAlias,defaultTimeout,tags,strategies
[00:09:39.325]   Found strategies: WPFSpy
[00:09:39.325]   Added Name mapping: /Window[@AutomationId='MainWindow']/Grid/StackPanel/Button[@AutomationId='btnSubmit'] -> LoginPage.MainWindow.btnSubmit
[00:09:39.325] Processing alias=LoginPage.MainWindow.lblError, entry keys=displayName,controlType,parentAlias,defaultTimeout,tags,strategies
[00:09:39.325]   Found strategies: WPFSpy
[00:09:39.326]   Added Name mapping: /Window[@AutomationId='MainWindow']/Grid/StackPanel/Label[@Name='lblError'] -> LoginPage.MainWindow.lblError
[00:09:39.327] Loaded YAML: D:\testpgms\WPFTestAutoClaudeNew\WpfTestFramework\repository\elements\orders_page.yaml, keys: elements
[00:09:39.328] elements count: 6
[00:09:39.328] Processing alias=OrdersPage.OrdersWindow.cmbSku, entry keys=displayName,controlType,parentAlias,defaultTimeout,tags,strategies
[00:09:39.328]   Found strategies: WPFSpy
[00:09:39.328]   Added Name mapping: /Window[@AutomationId='OrdersWindow']/Grid/ComboBox[@AutomationId='cmbSku'] -> OrdersPage.OrdersWindow.cmbSku
[00:09:39.328] Processing alias=OrdersPage.OrdersWindow.txtQty, entry keys=displayName,controlType,parentAlias,defaultTimeout,tags,strategies
[00:09:39.328]   Found strategies: WPFSpy
[00:09:39.329]   Added Name mapping: /Window[@AutomationId='OrdersWindow']/Grid/TextBox[@AutomationId='txtQty'] -> OrdersPage.OrdersWindow.txtQty
[00:09:39.329] Processing alias=OrdersPage.OrdersWindow.chkPriority, entry keys=displayName,controlType,parentAlias,defaultTimeout,tags,strategies
[00:09:39.329]   Found strategies: WPFSpy
[00:09:39.329]   Added Name mapping: /Window[@AutomationId='OrdersWindow']/Grid/StackPanel/PriorityToggleControl[@Name='chkPriority'] -> OrdersPage.OrdersWindow.chkPriority
[00:09:39.329] Processing alias=OrdersPage.OrdersWindow.btnCreateOrder, entry keys=displayName,controlType,parentAlias,defaultTimeout,tags,strategies
[00:09:39.329]   Found strategies: WPFSpy
[00:09:39.329]   Added Name mapping: /Window[@AutomationId='OrdersWindow']/Grid/StackPanel/Button[@AutomationId='btnCreateOrder'] -> OrdersPage.OrdersWindow.btnCreateOrder
[00:09:39.329] Processing alias=OrdersPage.OrdersWindow.lblConfirmation, entry keys=displayName,controlType,parentAlias,defaultTimeout,tags,strategies
[00:09:39.329]   Found strategies: WPFSpy
[00:09:39.330]   Added Name mapping: /Window[@AutomationId='OrdersWindow']/Grid/StackPanel/Label[@Name='lblConfirmation'] -> OrdersPage.OrdersWindow.lblConfirmation
[00:09:39.330] Processing alias=OrdersPage.OrdersWindow.gridOrders, entry keys=displayName,controlType,parentAlias,defaultTimeout,tags,strategies
[00:09:39.330]   Found strategies: WPFSpy
[00:09:39.330]   Added Name mapping: /Window[@AutomationId='OrdersWindow']/Grid/DataGrid[@AutomationId='gridOrders'] -> OrdersPage.OrdersWindow.gridOrders
[00:09:39.330] Loaded 0 AutomationId mappings, 10 Name mappings
[00:09:45.852] ResolveAlias(automationId=, name=PART_ContentHost)
[00:09:45.853]   -> NO MATCH
[00:09:52.434] ResolveAlias(automationId=, name=PART_ContentHost)
[00:09:52.435]   -> NO MATCH
[00:09:59.516] ResolveAlias(automationId=, name=contentPresenter)
[00:09:59.517]   -> NO MATCH
[00:15:24.457] EnsureLoaded: frameworkRoot=D:\testpgms\WPFTestAutoClaudeNew\WpfTestFramework, repoDir=D:\testpgms\WPFTestAutoClaudeNew\WpfTestFramework\repository\elements, exists=True
[00:15:24.505] Loaded YAML: D:\testpgms\WPFTestAutoClaudeNew\WpfTestFramework\repository\elements\login_page.yaml, keys: elements
[00:15:24.506] elements count: 4
[00:15:24.506] Processing alias=LoginPage.MainWindow.txtUsername, entry keys=displayName,controlType,parentAlias,defaultTimeout,tags,strategies
[00:15:24.507]   Found strategies: WPFSpy
[00:15:24.507]   Added Name mapping: /Window[@AutomationId='MainWindow']/Grid/TextBox[@AutomationId='txtUsername'] -> LoginPage.MainWindow.txtUsername
[00:15:24.507] Processing alias=LoginPage.MainWindow.txtPassword, entry keys=displayName,controlType,parentAlias,defaultTimeout,tags,strategies
[00:15:24.507]   Found strategies: WPFSpy
[00:15:24.507]   Added Name mapping: /Window[@AutomationId='MainWindow']/Grid/PasswordBox[@AutomationId='txtPassword'] -> LoginPage.MainWindow.txtPassword
[00:15:24.507] Processing alias=LoginPage.MainWindow.btnSubmit, entry keys=displayName,controlType,parentAlias,defaultTimeout,tags,strategies
[00:15:24.507]   Found strategies: WPFSpy
[00:15:24.507]   Added Name mapping: /Window[@AutomationId='MainWindow']/Grid/StackPanel/Button[@AutomationId='btnSubmit'] -> LoginPage.MainWindow.btnSubmit
[00:15:24.508] Processing alias=LoginPage.MainWindow.lblError, entry keys=displayName,controlType,parentAlias,defaultTimeout,tags,strategies
[00:15:24.508]   Found strategies: WPFSpy
[00:15:24.508]   Added Name mapping: /Window[@AutomationId='MainWindow']/Grid/StackPanel/Label[@Name='lblError'] -> LoginPage.MainWindow.lblError
[00:15:24.509] Loaded YAML: D:\testpgms\WPFTestAutoClaudeNew\WpfTestFramework\repository\elements\orders_page.yaml, keys: elements
[00:15:24.510] elements count: 6
[00:15:24.510] Processing alias=OrdersPage.OrdersWindow.cmbSku, entry keys=displayName,controlType,parentAlias,defaultTimeout,tags,strategies
[00:15:24.510]   Found strategies: WPFSpy
[00:15:24.510]   Added Name mapping: /Window[@AutomationId='OrdersWindow']/Grid/ComboBox[@AutomationId='cmbSku'] -> OrdersPage.OrdersWindow.cmbSku
[00:15:24.510] Processing alias=OrdersPage.OrdersWindow.txtQty, entry keys=displayName,controlType,parentAlias,defaultTimeout,tags,strategies
[00:15:24.510]   Found strategies: WPFSpy
[00:15:24.510]   Added Name mapping: /Window[@AutomationId='OrdersWindow']/Grid/TextBox[@AutomationId='txtQty'] -> OrdersPage.OrdersWindow.txtQty
[00:15:24.510] Processing alias=OrdersPage.OrdersWindow.chkPriority, entry keys=displayName,controlType,parentAlias,defaultTimeout,tags,strategies
[00:15:24.510]   Found strategies: WPFSpy
[00:15:24.510]   Added Name mapping: /Window[@AutomationId='OrdersWindow']/Grid/StackPanel/PriorityToggleControl[@Name='chkPriority'] -> OrdersPage.OrdersWindow.chkPriority
[00:15:24.510] Processing alias=OrdersPage.OrdersWindow.btnCreateOrder, entry keys=displayName,controlType,parentAlias,defaultTimeout,tags,strategies
[00:15:24.511]   Found strategies: WPFSpy
[00:15:24.511]   Added Name mapping: /Window[@AutomationId='OrdersWindow']/Grid/StackPanel/Button[@AutomationId='btnCreateOrder'] -> OrdersPage.OrdersWindow.btnCreateOrder
[00:15:24.511] Processing alias=OrdersPage.OrdersWindow.lblConfirmation, entry keys=displayName,controlType,parentAlias,defaultTimeout,tags,strategies
[00:15:24.511]   Found strategies: WPFSpy
[00:15:24.511]   Added Name mapping: /Window[@AutomationId='OrdersWindow']/Grid/StackPanel/Label[@Name='lblConfirmation'] -> OrdersPage.OrdersWindow.lblConfirmation
[00:15:24.511] Processing alias=OrdersPage.OrdersWindow.gridOrders, entry keys=displayName,controlType,parentAlias,defaultTimeout,tags,strategies
[00:15:24.511]   Found strategies: WPFSpy
[00:15:24.511]   Added Name mapping: /Window[@AutomationId='OrdersWindow']/Grid/DataGrid[@AutomationId='gridOrders'] -> OrdersPage.OrdersWindow.gridOrders
[00:15:24.511] Loaded 0 AutomationId mappings, 10 Name mappings
[00:15:32.783] ResolveAlias(automationId=, name=PART_ContentHost)
[00:15:32.783]   -> NO MATCH
[00:15:37.922] ResolveAlias(automationId=, name=PART_ContentHost)
[00:15:37.923]   -> NO MATCH
[00:15:39.724] ResolveAlias(automationId=, name=border)
[00:15:39.725]   -> NO MATCH
[12:08:00.250] EnsureLoaded: frameworkRoot=D:\testpgms\WPFTestAutoClaudeNew\WpfTestFramework, repoDir=D:\testpgms\WPFTestAutoClaudeNew\WpfTestFramework\repository\elements, exists=True
[12:08:00.294] Loaded YAML: D:\testpgms\WPFTestAutoClaudeNew\WpfTestFramework\repository\elements\login_page.yaml, keys: elements
[12:08:00.295] elements count: 4
[12:08:00.296] Processing alias=LoginPage.MainWindow.txtUsername, entry keys=displayName,controlType,parentAlias,defaultTimeout,tags,strategies
[12:08:00.296]   Found strategies: WPFSpy
[12:08:00.296]   Added Name mapping: /Window[@AutomationId='MainWindow']/Grid/TextBox[@AutomationId='txtUsername'] -> LoginPage.MainWindow.txtUsername
[12:08:00.296] Processing alias=LoginPage.MainWindow.txtPassword, entry keys=displayName,controlType,parentAlias,defaultTimeout,tags,strategies
[12:08:00.296]   Found strategies: WPFSpy
[12:08:00.296]   Added Name mapping: /Window[@AutomationId='MainWindow']/Grid/PasswordBox[@AutomationId='txtPassword'] -> LoginPage.MainWindow.txtPassword
[12:08:00.296] Processing alias=LoginPage.MainWindow.btnSubmit, entry keys=displayName,controlType,parentAlias,defaultTimeout,tags,strategies
[12:08:00.297]   Found strategies: WPFSpy
[12:08:00.297]   Added Name mapping: /Window[@AutomationId='MainWindow']/Grid/StackPanel/Button[@AutomationId='btnSubmit'] -> LoginPage.MainWindow.btnSubmit
[12:08:00.297] Processing alias=LoginPage.MainWindow.lblError, entry keys=displayName,controlType,parentAlias,defaultTimeout,tags,strategies
[12:08:00.297]   Found strategies: WPFSpy
[12:08:00.297]   Added Name mapping: /Window[@AutomationId='MainWindow']/Grid/StackPanel/Label[@Name='lblError'] -> LoginPage.MainWindow.lblError
[12:08:00.299] Loaded YAML: D:\testpgms\WPFTestAutoClaudeNew\WpfTestFramework\repository\elements\orders_page.yaml, keys: elements
[12:08:00.299] elements count: 7
[12:08:00.299] Processing alias=OrdersPage.OrdersWindow.cmbSku, entry keys=displayName,controlType,parentAlias,defaultTimeout,tags,strategies
[12:08:00.299]   Found strategies: WPFSpy
[12:08:00.299]   Added Name mapping: /Window[@AutomationId='OrdersWindow']/Grid/ComboBox[@AutomationId='cmbSku'] -> OrdersPage.OrdersWindow.cmbSku
[12:08:00.300] Processing alias=OrdersPage.OrdersWindow.txtQty, entry keys=displayName,controlType,parentAlias,defaultTimeout,tags,strategies
[12:08:00.300]   Found strategies: WPFSpy
[12:08:00.300]   Added Name mapping: /Window[@AutomationId='OrdersWindow']/Grid/TextBox[@AutomationId='txtQty'] -> OrdersPage.OrdersWindow.txtQty
[12:08:00.300] Processing alias=OrdersPage.OrdersWindow.chkPriority, entry keys=displayName,controlType,parentAlias,defaultTimeout,tags,strategies
[12:08:00.300]   Found strategies: WPFSpy
[12:08:00.300]   Added Name mapping: /Window[@AutomationId='OrdersWindow']/Grid/StackPanel/PriorityToggleControl[@Name='chkPriority'] -> OrdersPage.OrdersWindow.chkPriority
[12:08:00.301] Processing alias=OrdersPage.OrdersWindow.btnCreateOrder, entry keys=displayName,controlType,parentAlias,defaultTimeout,tags,strategies
[12:08:00.301]   Found strategies: WPFSpy
[12:08:00.301]   Added Name mapping: /Window[@AutomationId='OrdersWindow']/Grid/StackPanel/Button[@AutomationId='btnCreateOrder'] -> OrdersPage.OrdersWindow.btnCreateOrder
[12:08:00.301] Processing alias=OrdersPage.OrdersWindow.btnLogout, entry keys=displayName,controlType,parentAlias,defaultTimeout,tags,strategies
[12:08:00.301]   Found strategies: WPFSpy
[12:08:00.301]   Added Name mapping: /Window[@AutomationId='OrdersWindow']/Grid/StackPanel/Button[@AutomationId='btnLogout'] -> OrdersPage.OrdersWindow.btnLogout
[12:08:00.301] Processing alias=OrdersPage.OrdersWindow.lblConfirmation, entry keys=displayName,controlType,parentAlias,defaultTimeout,tags,strategies
[12:08:00.301]   Found strategies: WPFSpy
[12:08:00.301]   Added Name mapping: /Window[@AutomationId='OrdersWindow']/Grid/StackPanel/Label[@Name='lblConfirmation'] -> OrdersPage.OrdersWindow.lblConfirmation
[12:08:00.302] Processing alias=OrdersPage.OrdersWindow.gridOrders, entry keys=displayName,controlType,parentAlias,defaultTimeout,tags,strategies
[12:08:00.302]   Found strategies: WPFSpy
[12:08:00.302]   Added Name mapping: /Window[@AutomationId='OrdersWindow']/Grid/DataGrid[@AutomationId='gridOrders'] -> OrdersPage.OrdersWindow.gridOrders
[12:08:00.303] Loaded 0 AutomationId mappings, 11 Name mappings
[12:10:43.813] EnsureLoaded: frameworkRoot=D:\testpgms\WPFTestAutoClaudeNew\WpfTestFramework, repoDir=D:\testpgms\WPFTestAutoClaudeNew\WpfTestFramework\repository\elements, exists=True
[12:10:43.863] Loaded YAML: D:\testpgms\WPFTestAutoClaudeNew\WpfTestFramework\repository\elements\login_page.yaml, keys: elements
[12:10:43.865] elements count: 4
[12:10:43.865] Processing alias=LoginPage.MainWindow.txtUsername, entry keys=displayName,controlType,parentAlias,defaultTimeout,tags,strategies
[12:10:43.865]   Found strategies: WPFSpy
[12:10:43.865]   Added Name mapping: /Window[@AutomationId='MainWindow']/Grid/TextBox[@AutomationId='txtUsername'] -> LoginPage.MainWindow.txtUsername
[12:10:43.865] Processing alias=LoginPage.MainWindow.txtPassword, entry keys=displayName,controlType,parentAlias,defaultTimeout,tags,strategies
[12:10:43.866]   Found strategies: WPFSpy
[12:10:43.866]   Added Name mapping: /Window[@AutomationId='MainWindow']/Grid/PasswordBox[@AutomationId='txtPassword'] -> LoginPage.MainWindow.txtPassword
[12:10:43.866] Processing alias=LoginPage.MainWindow.btnSubmit, entry keys=displayName,controlType,parentAlias,defaultTimeout,tags,strategies
[12:10:43.866]   Found strategies: WPFSpy
[12:10:43.866]   Added Name mapping: /Window[@AutomationId='MainWindow']/Grid/StackPanel/Button[@AutomationId='btnSubmit'] -> LoginPage.MainWindow.btnSubmit
[12:10:43.866] Processing alias=LoginPage.MainWindow.lblError, entry keys=displayName,controlType,parentAlias,defaultTimeout,tags,strategies
[12:10:43.866]   Found strategies: WPFSpy
[12:10:43.867]   Added Name mapping: /Window[@AutomationId='MainWindow']/Grid/StackPanel/Label[@Name='lblError'] -> LoginPage.MainWindow.lblError
[12:10:43.868] Loaded YAML: D:\testpgms\WPFTestAutoClaudeNew\WpfTestFramework\repository\elements\orders_page.yaml, keys: elements
[12:10:43.868] elements count: 7
[12:10:43.869] Processing alias=OrdersPage.OrdersWindow.cmbSku, entry keys=displayName,controlType,parentAlias,defaultTimeout,tags,strategies
[12:10:43.869]   Found strategies: WPFSpy
[12:10:43.869]   Added Name mapping: /Window[@AutomationId='OrdersWindow']/Grid/ComboBox[@AutomationId='cmbSku'] -> OrdersPage.OrdersWindow.cmbSku
[12:10:43.869] Processing alias=OrdersPage.OrdersWindow.txtQty, entry keys=displayName,controlType,parentAlias,defaultTimeout,tags,strategies
[12:10:43.869]   Found strategies: WPFSpy
[12:10:43.869]   Added Name mapping: /Window[@AutomationId='OrdersWindow']/Grid/TextBox[@AutomationId='txtQty'] -> OrdersPage.OrdersWindow.txtQty
[12:10:43.869] Processing alias=OrdersPage.OrdersWindow.chkPriority, entry keys=displayName,controlType,parentAlias,defaultTimeout,tags,strategies
[12:10:43.870]   Found strategies: WPFSpy
[12:10:43.870]   Added Name mapping: /Window[@AutomationId='OrdersWindow']/Grid/StackPanel/PriorityToggleControl[@Name='chkPriority'] -> OrdersPage.OrdersWindow.chkPriority
[12:10:43.870] Processing alias=OrdersPage.OrdersWindow.btnCreateOrder, entry keys=displayName,controlType,parentAlias,defaultTimeout,tags,strategies
[12:10:43.870]   Found strategies: WPFSpy
[12:10:43.870]   Added Name mapping: /Window[@AutomationId='OrdersWindow']/Grid/StackPanel/Button[@AutomationId='btnCreateOrder'] -> OrdersPage.OrdersWindow.btnCreateOrder
[12:10:43.870] Processing alias=OrdersPage.OrdersWindow.btnLogout, entry keys=displayName,controlType,parentAlias,defaultTimeout,tags,strategies
[12:10:43.870]   Found strategies: WPFSpy
[12:10:43.871]   Added Name mapping: /Window[@AutomationId='OrdersWindow']/Grid/StackPanel/Button[@AutomationId='btnLogout'] -> OrdersPage.OrdersWindow.btnLogout
[12:10:43.871] Processing alias=OrdersPage.OrdersWindow.lblConfirmation, entry keys=displayName,controlType,parentAlias,defaultTimeout,tags,strategies
[12:10:43.871]   Found strategies: WPFSpy
[12:10:43.871]   Added Name mapping: /Window[@AutomationId='OrdersWindow']/Grid/StackPanel/Label[@Name='lblConfirmation'] -> OrdersPage.OrdersWindow.lblConfirmation
[12:10:43.871] Processing alias=OrdersPage.OrdersWindow.gridOrders, entry keys=displayName,controlType,parentAlias,defaultTimeout,tags,strategies
[12:10:43.871]   Found strategies: WPFSpy
[12:10:43.871]   Added Name mapping: /Window[@AutomationId='OrdersWindow']/Grid/DataGrid[@AutomationId='gridOrders'] -> OrdersPage.OrdersWindow.gridOrders
[12:10:43.872] Loaded 0 AutomationId mappings, 11 Name mappings
[12:53:16.161] EnsureLoaded: frameworkRoot=D:\testpgms\WPFTestAutoClaudeNew\WpfTestFramework, repoDir=D:\testpgms\WPFTestAutoClaudeNew\WpfTestFramework\repository\elements, exists=True
[12:53:16.212] Loaded YAML: D:\testpgms\WPFTestAutoClaudeNew\WpfTestFramework\repository\elements\login_page.yaml, keys: elements
[12:53:16.213] elements count: 4
[12:53:16.214] Processing alias=LoginPage.MainWindow.txtUsername, entry keys=displayName,controlType,parentAlias,defaultTimeout,tags,strategies
[12:53:16.214]   Found strategies: WPFSpy
[12:53:16.214]   Added Name mapping: /Window[@AutomationId='MainWindow']/Grid/TextBox[@AutomationId='txtUsername'] -> LoginPage.MainWindow.txtUsername
[12:53:16.214] Processing alias=LoginPage.MainWindow.txtPassword, entry keys=displayName,controlType,parentAlias,defaultTimeout,tags,strategies
[12:53:16.214]   Found strategies: WPFSpy
[12:53:16.214]   Added Name mapping: /Window[@AutomationId='MainWindow']/Grid/PasswordBox[@AutomationId='txtPassword'] -> LoginPage.MainWindow.txtPassword
[12:53:16.215] Processing alias=LoginPage.MainWindow.btnSubmit, entry keys=displayName,controlType,parentAlias,defaultTimeout,tags,strategies
[12:53:16.215]   Found strategies: WPFSpy
[12:53:16.215]   Added Name mapping: /Window[@AutomationId='MainWindow']/Grid/StackPanel/Button[@AutomationId='btnSubmit'] -> LoginPage.MainWindow.btnSubmit
[12:53:16.215] Processing alias=LoginPage.MainWindow.lblError, entry keys=displayName,controlType,parentAlias,defaultTimeout,tags,strategies
[12:53:16.215]   Found strategies: WPFSpy
[12:53:16.215]   Added Name mapping: /Window[@AutomationId='MainWindow']/Grid/StackPanel/Label[@Name='lblError'] -> LoginPage.MainWindow.lblError
[12:53:16.217] Loaded YAML: D:\testpgms\WPFTestAutoClaudeNew\WpfTestFramework\repository\elements\orders_page.yaml, keys: elements
[12:53:16.218] elements count: 7
[12:53:16.218] Processing alias=OrdersPage.OrdersWindow.cmbSku, entry keys=displayName,controlType,parentAlias,defaultTimeout,tags,strategies
[12:53:16.218]   Found strategies: WPFSpy
[12:53:16.218]   Added Name mapping: /Window[@AutomationId='OrdersWindow']/Grid/ComboBox[@AutomationId='cmbSku'] -> OrdersPage.OrdersWindow.cmbSku
[12:53:16.218] Processing alias=OrdersPage.OrdersWindow.txtQty, entry keys=displayName,controlType,parentAlias,defaultTimeout,tags,strategies
[12:53:16.218]   Found strategies: WPFSpy
[12:53:16.218]   Added Name mapping: /Window[@AutomationId='OrdersWindow']/Grid/TextBox[@AutomationId='txtQty'] -> OrdersPage.OrdersWindow.txtQty
[12:53:16.219] Processing alias=OrdersPage.OrdersWindow.chkPriority, entry keys=displayName,controlType,parentAlias,defaultTimeout,tags,strategies
[12:53:16.219]   Found strategies: WPFSpy
[12:53:16.219]   Added Name mapping: /Window[@AutomationId='OrdersWindow']/Grid/StackPanel/PriorityToggleControl[@Name='chkPriority'] -> OrdersPage.OrdersWindow.chkPriority
[12:53:16.219] Processing alias=OrdersPage.OrdersWindow.btnCreateOrder, entry keys=displayName,controlType,parentAlias,defaultTimeout,tags,strategies
[12:53:16.219]   Found strategies: WPFSpy
[12:53:16.219]   Added Name mapping: /Window[@AutomationId='OrdersWindow']/Grid/StackPanel/Button[@AutomationId='btnCreateOrder'] -> OrdersPage.OrdersWindow.btnCreateOrder
[12:53:16.219] Processing alias=OrdersPage.OrdersWindow.btnLogout, entry keys=displayName,controlType,parentAlias,defaultTimeout,tags,strategies
[12:53:16.219]   Found strategies: WPFSpy
[12:53:16.220]   Added Name mapping: /Window[@AutomationId='OrdersWindow']/Grid/StackPanel/Button[@AutomationId='btnLogout'] -> OrdersPage.OrdersWindow.btnLogout
[12:53:16.220] Processing alias=OrdersPage.OrdersWindow.lblConfirmation, entry keys=displayName,controlType,parentAlias,defaultTimeout,tags,strategies
[12:53:16.220]   Found strategies: WPFSpy
[12:53:16.220]   Added Name mapping: /Window[@AutomationId='OrdersWindow']/Grid/StackPanel/Label[@Name='lblConfirmation'] -> OrdersPage.OrdersWindow.lblConfirmation
[12:53:16.220] Processing alias=OrdersPage.OrdersWindow.gridOrders, entry keys=displayName,controlType,parentAlias,defaultTimeout,tags,strategies
[12:53:16.220]   Found strategies: WPFSpy
[12:53:16.220]   Added Name mapping: /Window[@AutomationId='OrdersWindow']/Grid/DataGrid[@AutomationId='gridOrders'] -> OrdersPage.OrdersWindow.gridOrders
[12:53:16.221] Loaded 0 AutomationId mappings, 11 Name mappings
[13:02:23.166] EnsureLoaded: frameworkRoot=D:\testpgms\WPFTestAutoClaudeNew\WpfTestFramework, repoDir=D:\testpgms\WPFTestAutoClaudeNew\WpfTestFramework\repository\elements, exists=True
[13:02:23.214] Loaded YAML: D:\testpgms\WPFTestAutoClaudeNew\WpfTestFramework\repository\elements\login_page.yaml, keys: elements
[13:02:23.215] elements count: 4
[13:02:23.215] Processing alias=LoginPage.MainWindow.txtUsername, entry keys=displayName,controlType,parentAlias,defaultTimeout,tags,strategies
[13:02:23.216]   Found strategies: WPFSpy
[13:02:23.216]   Added Name mapping: /Window[@AutomationId='MainWindow']/Grid/TextBox[@AutomationId='txtUsername'] -> LoginPage.MainWindow.txtUsername
[13:02:23.216] Processing alias=LoginPage.MainWindow.txtPassword, entry keys=displayName,controlType,parentAlias,defaultTimeout,tags,strategies
[13:02:23.216]   Found strategies: WPFSpy
[13:02:23.216]   Added Name mapping: /Window[@AutomationId='MainWindow']/Grid/PasswordBox[@AutomationId='txtPassword'] -> LoginPage.MainWindow.txtPassword
[13:02:23.216] Processing alias=LoginPage.MainWindow.btnSubmit, entry keys=displayName,controlType,parentAlias,defaultTimeout,tags,strategies
[13:02:23.216]   Found strategies: WPFSpy
[13:02:23.217]   Added Name mapping: /Window[@AutomationId='MainWindow']/Grid/StackPanel/Button[@AutomationId='btnSubmit'] -> LoginPage.MainWindow.btnSubmit
[13:02:23.217] Processing alias=LoginPage.MainWindow.lblError, entry keys=displayName,controlType,parentAlias,defaultTimeout,tags,strategies
[13:02:23.217]   Found strategies: WPFSpy
[13:02:23.217]   Added Name mapping: /Window[@AutomationId='MainWindow']/Grid/StackPanel/Label[@Name='lblError'] -> LoginPage.MainWindow.lblError
[13:02:23.219] Loaded YAML: D:\testpgms\WPFTestAutoClaudeNew\WpfTestFramework\repository\elements\orders_page.yaml, keys: elements
[13:02:23.219] elements count: 7
[13:02:23.219] Processing alias=OrdersPage.OrdersWindow.cmbSku, entry keys=displayName,controlType,parentAlias,defaultTimeout,tags,strategies
[13:02:23.219]   Found strategies: WPFSpy
[13:02:23.219]   Added Name mapping: /Window[@AutomationId='OrdersWindow']/Grid/ComboBox[@AutomationId='cmbSku'] -> OrdersPage.OrdersWindow.cmbSku
[13:02:23.219] Processing alias=OrdersPage.OrdersWindow.txtQty, entry keys=displayName,controlType,parentAlias,defaultTimeout,tags,strategies
[13:02:23.219]   Found strategies: WPFSpy
[13:02:23.219]   Added Name mapping: /Window[@AutomationId='OrdersWindow']/Grid/TextBox[@AutomationId='txtQty'] -> OrdersPage.OrdersWindow.txtQty
[13:02:23.220] Processing alias=OrdersPage.OrdersWindow.chkPriority, entry keys=displayName,controlType,parentAlias,defaultTimeout,tags,strategies
[13:02:23.220]   Found strategies: WPFSpy
[13:02:23.220]   Added Name mapping: /Window[@AutomationId='OrdersWindow']/Grid/StackPanel/PriorityToggleControl[@Name='chkPriority'] -> OrdersPage.OrdersWindow.chkPriority
[13:02:23.220] Processing alias=OrdersPage.OrdersWindow.btnCreateOrder, entry keys=displayName,controlType,parentAlias,defaultTimeout,tags,strategies
[13:02:23.221]   Found strategies: WPFSpy
[13:02:23.221]   Added Name mapping: /Window[@AutomationId='OrdersWindow']/Grid/StackPanel/Button[@AutomationId='btnCreateOrder'] -> OrdersPage.OrdersWindow.btnCreateOrder
[13:02:23.221] Processing alias=OrdersPage.OrdersWindow.btnLogout, entry keys=displayName,controlType,parentAlias,defaultTimeout,tags,strategies
[13:02:23.221]   Found strategies: WPFSpy
[13:02:23.221]   Added Name mapping: /Window[@AutomationId='OrdersWindow']/Grid/StackPanel/Button[@AutomationId='btnLogout'] -> OrdersPage.OrdersWindow.btnLogout
[13:02:23.221] Processing alias=OrdersPage.OrdersWindow.lblConfirmation, entry keys=displayName,controlType,parentAlias,defaultTimeout,tags,strategies
[13:02:23.222]   Found strategies: WPFSpy
[13:02:23.222]   Added Name mapping: /Window[@AutomationId='OrdersWindow']/Grid/StackPanel/Label[@Name='lblConfirmation'] -> OrdersPage.OrdersWindow.lblConfirmation
[13:02:23.222] Processing alias=OrdersPage.OrdersWindow.gridOrders, entry keys=displayName,controlType,parentAlias,defaultTimeout,tags,strategies
[13:02:23.222]   Found strategies: WPFSpy
[13:02:23.222]   Added Name mapping: /Window[@AutomationId='OrdersWindow']/Grid/DataGrid[@AutomationId='gridOrders'] -> OrdersPage.OrdersWindow.gridOrders
[13:02:23.222] Loaded 0 AutomationId mappings, 11 Name mappings
[13:17:54.816] EnsureLoaded: frameworkRoot=D:\testpgms\WPFTestAutoClaudeNew\WpfTestFramework, repoDir=D:\testpgms\WPFTestAutoClaudeNew\WpfTestFramework\repository\elements, exists=True
[13:17:54.880] Loaded YAML: D:\testpgms\WPFTestAutoClaudeNew\WpfTestFramework\repository\elements\login_page.yaml, keys: elements
[13:17:54.881] elements count: 4
[13:17:54.881] Processing alias=LoginPage.MainWindow.txtUsername, entry keys=displayName,controlType,parentAlias,defaultTimeout,tags,strategies
[13:17:54.881]   Found strategies: WPFSpy
[13:17:54.882]   Added Name mapping: /Window[@AutomationId='MainWindow']/Grid/TextBox[@AutomationId='txtUsername'] -> LoginPage.MainWindow.txtUsername
[13:17:54.882] Processing alias=LoginPage.MainWindow.txtPassword, entry keys=displayName,controlType,parentAlias,defaultTimeout,tags,strategies
[13:17:54.882]   Found strategies: WPFSpy
[13:17:54.882]   Added Name mapping: /Window[@AutomationId='MainWindow']/Grid/PasswordBox[@AutomationId='txtPassword'] -> LoginPage.MainWindow.txtPassword
[13:17:54.882] Processing alias=LoginPage.MainWindow.btnSubmit, entry keys=displayName,controlType,parentAlias,defaultTimeout,tags,strategies
[13:17:54.882]   Found strategies: WPFSpy
[13:17:54.882]   Added Name mapping: /Window[@AutomationId='MainWindow']/Grid/StackPanel/Button[@AutomationId='btnSubmit'] -> LoginPage.MainWindow.btnSubmit
[13:17:54.882] Processing alias=LoginPage.MainWindow.lblError, entry keys=displayName,controlType,parentAlias,defaultTimeout,tags,strategies
[13:17:54.882]   Found strategies: WPFSpy
[13:17:54.882]   Added Name mapping: /Window[@AutomationId='MainWindow']/Grid/StackPanel/Label[@Name='lblError'] -> LoginPage.MainWindow.lblError
[13:17:54.884] Loaded YAML: D:\testpgms\WPFTestAutoClaudeNew\WpfTestFramework\repository\elements\orders_page.yaml, keys: elements
[13:17:54.884] elements count: 7
[13:17:54.884] Processing alias=OrdersPage.OrdersWindow.cmbSku, entry keys=displayName,controlType,parentAlias,defaultTimeout,tags,strategies
[13:17:54.884]   Found strategies: WPFSpy
[13:17:54.884]   Added Name mapping: /Window[@AutomationId='OrdersWindow']/Grid/ComboBox[@AutomationId='cmbSku'] -> OrdersPage.OrdersWindow.cmbSku
[13:17:54.884] Processing alias=OrdersPage.OrdersWindow.txtQty, entry keys=displayName,controlType,parentAlias,defaultTimeout,tags,strategies
[13:17:54.884]   Found strategies: WPFSpy
[13:17:54.885]   Added Name mapping: /Window[@AutomationId='OrdersWindow']/Grid/TextBox[@AutomationId='txtQty'] -> OrdersPage.OrdersWindow.txtQty
[13:17:54.885] Processing alias=OrdersPage.OrdersWindow.chkPriority, entry keys=displayName,controlType,parentAlias,defaultTimeout,tags,strategies
[13:17:54.885]   Found strategies: WPFSpy
[13:17:54.885]   Added Name mapping: /Window[@AutomationId='OrdersWindow']/Grid/StackPanel/PriorityToggleControl[@Name='chkPriority'] -> OrdersPage.OrdersWindow.chkPriority
[13:17:54.885] Processing alias=OrdersPage.OrdersWindow.btnCreateOrder, entry keys=displayName,controlType,parentAlias,defaultTimeout,tags,strategies
[13:17:54.885]   Found strategies: WPFSpy
[13:17:54.885]   Added Name mapping: /Window[@AutomationId='OrdersWindow']/Grid/StackPanel/Button[@AutomationId='btnCreateOrder'] -> OrdersPage.OrdersWindow.btnCreateOrder
[13:17:54.885] Processing alias=OrdersPage.OrdersWindow.btnLogout, entry keys=displayName,controlType,parentAlias,defaultTimeout,tags,strategies
[13:17:54.885]   Found strategies: WPFSpy
[13:17:54.886]   Added Name mapping: /Window[@AutomationId='OrdersWindow']/Grid/StackPanel/Button[@AutomationId='btnLogout'] -> OrdersPage.OrdersWindow.btnLogout
[13:17:54.886] Processing alias=OrdersPage.OrdersWindow.lblConfirmation, entry keys=displayName,controlType,parentAlias,defaultTimeout,tags,strategies
[13:17:54.886]   Found strategies: WPFSpy
[13:17:54.886]   Added Name mapping: /Window[@AutomationId='OrdersWindow']/Grid/StackPanel/Label[@Name='lblConfirmation'] -> OrdersPage.OrdersWindow.lblConfirmation
[13:17:54.886] Processing alias=OrdersPage.OrdersWindow.gridOrders, entry keys=displayName,controlType,parentAlias,defaultTimeout,tags,strategies
[13:17:54.886]   Found strategies: WPFSpy
[13:17:54.886]   Added Name mapping: /Window[@AutomationId='OrdersWindow']/Grid/DataGrid[@AutomationId='gridOrders'] -> OrdersPage.OrdersWindow.gridOrders
[13:17:54.886] Loaded 0 AutomationId mappings, 11 Name mappings
[13:21:20.517] EnsureLoaded: frameworkRoot=D:\testpgms\WPFTestAutoClaudeNew\WpfTestFramework, repoDir=D:\testpgms\WPFTestAutoClaudeNew\WpfTestFramework\repository\elements, exists=True
[13:21:20.561] Loaded YAML: D:\testpgms\WPFTestAutoClaudeNew\WpfTestFramework\repository\elements\login_page.yaml, keys: elements
[13:21:20.562] elements count: 4
[13:21:20.562] Processing alias=LoginPage.MainWindow.txtUsername, entry keys=displayName,controlType,parentAlias,defaultTimeout,tags,strategies
[13:21:20.563]   Found strategies: WPFSpy
[13:21:20.563]   Added Name mapping: /Window[@AutomationId='MainWindow']/Grid/TextBox[@AutomationId='txtUsername'] -> LoginPage.MainWindow.txtUsername
[13:21:20.563] Processing alias=LoginPage.MainWindow.txtPassword, entry keys=displayName,controlType,parentAlias,defaultTimeout,tags,strategies
[13:21:20.563]   Found strategies: WPFSpy
[13:21:20.563]   Added Name mapping: /Window[@AutomationId='MainWindow']/Grid/PasswordBox[@AutomationId='txtPassword'] -> LoginPage.MainWindow.txtPassword
[13:21:20.563] Processing alias=LoginPage.MainWindow.btnSubmit, entry keys=displayName,controlType,parentAlias,defaultTimeout,tags,strategies
[13:21:20.564]   Found strategies: WPFSpy
[13:21:20.564]   Added Name mapping: /Window[@AutomationId='MainWindow']/Grid/StackPanel/Button[@AutomationId='btnSubmit'] -> LoginPage.MainWindow.btnSubmit
[13:21:20.564] Processing alias=LoginPage.MainWindow.lblError, entry keys=displayName,controlType,parentAlias,defaultTimeout,tags,strategies
[13:21:20.564]   Found strategies: WPFSpy
[13:21:20.564]   Added Name mapping: /Window[@AutomationId='MainWindow']/Grid/StackPanel/Label[@Name='lblError'] -> LoginPage.MainWindow.lblError
[13:21:20.566] Loaded YAML: D:\testpgms\WPFTestAutoClaudeNew\WpfTestFramework\repository\elements\orders_page.yaml, keys: elements
[13:21:20.567] elements count: 7
[13:21:20.567] Processing alias=OrdersPage.OrdersWindow.cmbSku, entry keys=displayName,controlType,parentAlias,defaultTimeout,tags,strategies
[13:21:20.567]   Found strategies: WPFSpy
[13:21:20.567]   Added Name mapping: /Window[@AutomationId='OrdersWindow']/Grid/ComboBox[@AutomationId='cmbSku'] -> OrdersPage.OrdersWindow.cmbSku
[13:21:20.567] Processing alias=OrdersPage.OrdersWindow.txtQty, entry keys=displayName,controlType,parentAlias,defaultTimeout,tags,strategies
[13:21:20.567]   Found strategies: WPFSpy
[13:21:20.567]   Added Name mapping: /Window[@AutomationId='OrdersWindow']/Grid/TextBox[@AutomationId='txtQty'] -> OrdersPage.OrdersWindow.txtQty
[13:21:20.567] Processing alias=OrdersPage.OrdersWindow.chkPriority, entry keys=displayName,controlType,parentAlias,defaultTimeout,tags,strategies
[13:21:20.568]   Found strategies: WPFSpy
[13:21:20.568]   Added Name mapping: /Window[@AutomationId='OrdersWindow']/Grid/StackPanel/PriorityToggleControl[@Name='chkPriority'] -> OrdersPage.OrdersWindow.chkPriority
[13:21:20.568] Processing alias=OrdersPage.OrdersWindow.btnCreateOrder, entry keys=displayName,controlType,parentAlias,defaultTimeout,tags,strategies
[13:21:20.568]   Found strategies: WPFSpy
[13:21:20.568]   Added Name mapping: /Window[@AutomationId='OrdersWindow']/Grid/StackPanel/Button[@AutomationId='btnCreateOrder'] -> OrdersPage.OrdersWindow.btnCreateOrder
[13:21:20.568] Processing alias=OrdersPage.OrdersWindow.btnLogout, entry keys=displayName,controlType,parentAlias,defaultTimeout,tags,strategies
[13:21:20.568]   Found strategies: WPFSpy
[13:21:20.569]   Added Name mapping: /Window[@AutomationId='OrdersWindow']/Grid/StackPanel/Button[@AutomationId='btnLogout'] -> OrdersPage.OrdersWindow.btnLogout
[13:21:20.569] Processing alias=OrdersPage.OrdersWindow.lblConfirmation, entry keys=displayName,controlType,parentAlias,defaultTimeout,tags,strategies
[13:21:20.569]   Found strategies: WPFSpy
[13:21:20.569]   Added Name mapping: /Window[@AutomationId='OrdersWindow']/Grid/StackPanel/Label[@Name='lblConfirmation'] -> OrdersPage.OrdersWindow.lblConfirmation
[13:21:20.569] Processing alias=OrdersPage.OrdersWindow.gridOrders, entry keys=displayName,controlType,parentAlias,defaultTimeout,tags,strategies
[13:21:20.569]   Found strategies: WPFSpy
[13:21:20.569]   Added Name mapping: /Window[@AutomationId='OrdersWindow']/Grid/DataGrid[@AutomationId='gridOrders'] -> OrdersPage.OrdersWindow.gridOrders
[13:21:20.570] Loaded 0 AutomationId mappings, 11 Name mappings
[13:28:13.631] EnsureLoaded: frameworkRoot=D:\testpgms\WPFTestAutoClaudeNew\WpfTestFramework, repoDir=D:\testpgms\WPFTestAutoClaudeNew\WpfTestFramework\repository\elements, exists=True
[13:28:13.683] Loaded YAML: D:\testpgms\WPFTestAutoClaudeNew\WpfTestFramework\repository\elements\login_page.yaml, keys: elements
[13:28:13.685] elements count: 4
[13:28:13.685] Processing alias=LoginPage.MainWindow.txtUsername, entry keys=displayName,controlType,parentAlias,defaultTimeout,tags,strategies
[13:28:13.686]   Found strategies: WPFSpy
[13:28:13.686]   Added Name mapping: /Window[@AutomationId='MainWindow']/Grid/TextBox[@AutomationId='txtUsername'] -> LoginPage.MainWindow.txtUsername
[13:28:13.686] Processing alias=LoginPage.MainWindow.txtPassword, entry keys=displayName,controlType,parentAlias,defaultTimeout,tags,strategies
[13:28:13.686]   Found strategies: WPFSpy
[13:28:13.686]   Added Name mapping: /Window[@AutomationId='MainWindow']/Grid/PasswordBox[@AutomationId='txtPassword'] -> LoginPage.MainWindow.txtPassword
[13:28:13.686] Processing alias=LoginPage.MainWindow.btnSubmit, entry keys=displayName,controlType,parentAlias,defaultTimeout,tags,strategies
[13:28:13.686]   Found strategies: WPFSpy
[13:28:13.686]   Added Name mapping: /Window[@AutomationId='MainWindow']/Grid/StackPanel/Button[@AutomationId='btnSubmit'] -> LoginPage.MainWindow.btnSubmit
[13:28:13.687] Processing alias=LoginPage.MainWindow.lblError, entry keys=displayName,controlType,parentAlias,defaultTimeout,tags,strategies
[13:28:13.687]   Found strategies: WPFSpy
[13:28:13.687]   Added Name mapping: /Window[@AutomationId='MainWindow']/Grid/StackPanel/Label[@Name='lblError'] -> LoginPage.MainWindow.lblError
[13:28:13.689] Loaded YAML: D:\testpgms\WPFTestAutoClaudeNew\WpfTestFramework\repository\elements\orders_page.yaml, keys: elements
[13:28:13.689] elements count: 7
[13:28:13.689] Processing alias=OrdersPage.OrdersWindow.cmbSku, entry keys=displayName,controlType,parentAlias,defaultTimeout,tags,strategies
[13:28:13.689]   Found strategies: WPFSpy
[13:28:13.690]   Added Name mapping: /Window[@AutomationId='OrdersWindow']/Grid/ComboBox[@AutomationId='cmbSku'] -> OrdersPage.OrdersWindow.cmbSku
[13:28:13.690] Processing alias=OrdersPage.OrdersWindow.txtQty, entry keys=displayName,controlType,parentAlias,defaultTimeout,tags,strategies
[13:28:13.690]   Found strategies: WPFSpy
[13:28:13.690]   Added Name mapping: /Window[@AutomationId='OrdersWindow']/Grid/TextBox[@AutomationId='txtQty'] -> OrdersPage.OrdersWindow.txtQty
[13:28:13.690] Processing alias=OrdersPage.OrdersWindow.chkPriority, entry keys=displayName,controlType,parentAlias,defaultTimeout,tags,strategies
[13:28:13.690]   Found strategies: WPFSpy
[13:28:13.690]   Added Name mapping: /Window[@AutomationId='OrdersWindow']/Grid/StackPanel/PriorityToggleControl[@Name='chkPriority'] -> OrdersPage.OrdersWindow.chkPriority
[13:28:13.691] Processing alias=OrdersPage.OrdersWindow.btnCreateOrder, entry keys=displayName,controlType,parentAlias,defaultTimeout,tags,strategies
[13:28:13.691]   Found strategies: WPFSpy
[13:28:13.691]   Added Name mapping: /Window[@AutomationId='OrdersWindow']/Grid/StackPanel/Button[@AutomationId='btnCreateOrder'] -> OrdersPage.OrdersWindow.btnCreateOrder
[13:28:13.691] Processing alias=OrdersPage.OrdersWindow.btnLogout, entry keys=displayName,controlType,parentAlias,defaultTimeout,tags,strategies
[13:28:13.691]   Found strategies: WPFSpy
[13:28:13.691]   Added Name mapping: /Window[@AutomationId='OrdersWindow']/Grid/StackPanel/Button[@AutomationId='btnLogout'] -> OrdersPage.OrdersWindow.btnLogout
[13:28:13.691] Processing alias=OrdersPage.OrdersWindow.lblConfirmation, entry keys=displayName,controlType,parentAlias,defaultTimeout,tags,strategies
[13:28:13.692]   Found strategies: WPFSpy
[13:28:13.692]   Added Name mapping: /Window[@AutomationId='OrdersWindow']/Grid/StackPanel/Label[@Name='lblConfirmation'] -> OrdersPage.OrdersWindow.lblConfirmation
[13:28:13.692] Processing alias=OrdersPage.OrdersWindow.gridOrders, entry keys=displayName,controlType,parentAlias,defaultTimeout,tags,strategies
[13:28:13.692]   Found strategies: WPFSpy
[13:28:13.692]   Added Name mapping: /Window[@AutomationId='OrdersWindow']/Grid/DataGrid[@AutomationId='gridOrders'] -> OrdersPage.OrdersWindow.gridOrders
[13:28:13.692] Loaded 0 AutomationId mappings, 11 Name mappings
[13:31:28.341] EnsureLoaded: frameworkRoot=D:\testpgms\WPFTestAutoClaudeNew\WpfTestFramework, repoDir=D:\testpgms\WPFTestAutoClaudeNew\WpfTestFramework\repository\elements, exists=True
[13:31:28.394] Loaded YAML: D:\testpgms\WPFTestAutoClaudeNew\WpfTestFramework\repository\elements\login_page.yaml, keys: elements
[13:31:28.395] elements count: 4
[13:31:28.396] Processing alias=LoginPage.MainWindow.txtUsername, entry keys=displayName,controlType,parentAlias,defaultTimeout,tags,strategies
[13:31:28.396]   Found strategies: WPFSpy
[13:31:28.396]   Added Name mapping: /Window[@AutomationId='MainWindow']/Grid/TextBox[@AutomationId='txtUsername'] -> LoginPage.MainWindow.txtUsername
[13:31:28.397] Processing alias=LoginPage.MainWindow.txtPassword, entry keys=displayName,controlType,parentAlias,defaultTimeout,tags,strategies
[13:31:28.397]   Found strategies: WPFSpy
[13:31:28.397]   Added Name mapping: /Window[@AutomationId='MainWindow']/Grid/PasswordBox[@AutomationId='txtPassword'] -> LoginPage.MainWindow.txtPassword
[13:31:28.397] Processing alias=LoginPage.MainWindow.btnSubmit, entry keys=displayName,controlType,parentAlias,defaultTimeout,tags,strategies
[13:31:28.397]   Found strategies: WPFSpy
[13:31:28.397]   Added Name mapping: /Window[@AutomationId='MainWindow']/Grid/StackPanel/Button[@AutomationId='btnSubmit'] -> LoginPage.MainWindow.btnSubmit
[13:31:28.397] Processing alias=LoginPage.MainWindow.lblError, entry keys=displayName,controlType,parentAlias,defaultTimeout,tags,strategies
[13:31:28.397]   Found strategies: WPFSpy
[13:31:28.398]   Added Name mapping: /Window[@AutomationId='MainWindow']/Grid/StackPanel/Label[@Name='lblError'] -> LoginPage.MainWindow.lblError
[13:31:28.399] Loaded YAML: D:\testpgms\WPFTestAutoClaudeNew\WpfTestFramework\repository\elements\orders_page.yaml, keys: elements
[13:31:28.399] elements count: 7
[13:31:28.399] Processing alias=OrdersPage.OrdersWindow.cmbSku, entry keys=displayName,controlType,parentAlias,defaultTimeout,tags,strategies
[13:31:28.399]   Found strategies: WPFSpy
[13:31:28.400]   Added Name mapping: /Window[@AutomationId='OrdersWindow']/Grid/ComboBox[@AutomationId='cmbSku'] -> OrdersPage.OrdersWindow.cmbSku
[13:31:28.400] Processing alias=OrdersPage.OrdersWindow.txtQty, entry keys=displayName,controlType,parentAlias,defaultTimeout,tags,strategies
[13:31:28.400]   Found strategies: WPFSpy
[13:31:28.400]   Added Name mapping: /Window[@AutomationId='OrdersWindow']/Grid/TextBox[@AutomationId='txtQty'] -> OrdersPage.OrdersWindow.txtQty
[13:31:28.400] Processing alias=OrdersPage.OrdersWindow.chkPriority, entry keys=displayName,controlType,parentAlias,defaultTimeout,tags,strategies
[13:31:28.400]   Found strategies: WPFSpy
[13:31:28.400]   Added Name mapping: /Window[@AutomationId='OrdersWindow']/Grid/StackPanel/PriorityToggleControl[@Name='chkPriority'] -> OrdersPage.OrdersWindow.chkPriority
[13:31:28.401] Processing alias=OrdersPage.OrdersWindow.btnCreateOrder, entry keys=displayName,controlType,parentAlias,defaultTimeout,tags,strategies
[13:31:28.401]   Found strategies: WPFSpy
[13:31:28.401]   Added Name mapping: /Window[@AutomationId='OrdersWindow']/Grid/StackPanel/Button[@AutomationId='btnCreateOrder'] -> OrdersPage.OrdersWindow.btnCreateOrder
[13:31:28.401] Processing alias=OrdersPage.OrdersWindow.btnLogout, entry keys=displayName,controlType,parentAlias,defaultTimeout,tags,strategies
[13:31:28.401]   Found strategies: WPFSpy
[13:31:28.401]   Added Name mapping: /Window[@AutomationId='OrdersWindow']/Grid/StackPanel/Button[@AutomationId='btnLogout'] -> OrdersPage.OrdersWindow.btnLogout
[13:31:28.401] Processing alias=OrdersPage.OrdersWindow.lblConfirmation, entry keys=displayName,controlType,parentAlias,defaultTimeout,tags,strategies
[13:31:28.401]   Found strategies: WPFSpy
[13:31:28.401]   Added Name mapping: /Window[@AutomationId='OrdersWindow']/Grid/StackPanel/Label[@Name='lblConfirmation'] -> OrdersPage.OrdersWindow.lblConfirmation
[13:31:28.402] Processing alias=OrdersPage.OrdersWindow.gridOrders, entry keys=displayName,controlType,parentAlias,defaultTimeout,tags,strategies
[13:31:28.402]   Found strategies: WPFSpy
[13:31:28.402]   Added Name mapping: /Window[@AutomationId='OrdersWindow']/Grid/DataGrid[@AutomationId='gridOrders'] -> OrdersPage.OrdersWindow.gridOrders
[13:31:28.402] Loaded 0 AutomationId mappings, 11 Name mappings
[13:35:10.356] EnsureLoaded: frameworkRoot=D:\testpgms\WPFTestAutoClaudeNew\WpfTestFramework, repoDir=D:\testpgms\WPFTestAutoClaudeNew\WpfTestFramework\repository\elements, exists=True
[13:35:10.422] Loaded YAML: D:\testpgms\WPFTestAutoClaudeNew\WpfTestFramework\repository\elements\login_page.yaml, keys: elements
[13:35:10.423] elements count: 4
[13:35:10.423] Processing alias=LoginPage.MainWindow.txtUsername, entry keys=displayName,controlType,parentAlias,defaultTimeout,tags,strategies
[13:35:10.424]   Found strategies: WPFSpy
[13:35:10.424]   Added Name mapping: /Window[@AutomationId='MainWindow']/Grid/TextBox[@AutomationId='txtUsername'] -> LoginPage.MainWindow.txtUsername
[13:35:10.424] Processing alias=LoginPage.MainWindow.txtPassword, entry keys=displayName,controlType,parentAlias,defaultTimeout,tags,strategies
[13:35:10.424]   Found strategies: WPFSpy
[13:35:10.424]   Added Name mapping: /Window[@AutomationId='MainWindow']/Grid/PasswordBox[@AutomationId='txtPassword'] -> LoginPage.MainWindow.txtPassword
[13:35:10.424] Processing alias=LoginPage.MainWindow.btnSubmit, entry keys=displayName,controlType,parentAlias,defaultTimeout,tags,strategies
[13:35:10.424]   Found strategies: WPFSpy
[13:35:10.424]   Added Name mapping: /Window[@AutomationId='MainWindow']/Grid/StackPanel/Button[@AutomationId='btnSubmit'] -> LoginPage.MainWindow.btnSubmit
[13:35:10.425] Processing alias=LoginPage.MainWindow.lblError, entry keys=displayName,controlType,parentAlias,defaultTimeout,tags,strategies
[13:35:10.425]   Found strategies: WPFSpy
[13:35:10.425]   Added Name mapping: /Window[@AutomationId='MainWindow']/Grid/StackPanel/Label[@Name='lblError'] -> LoginPage.MainWindow.lblError
[13:35:10.426] Loaded YAML: D:\testpgms\WPFTestAutoClaudeNew\WpfTestFramework\repository\elements\orders_page.yaml, keys: elements
[13:35:10.427] elements count: 7
[13:35:10.427] Processing alias=OrdersPage.OrdersWindow.cmbSku, entry keys=displayName,controlType,parentAlias,defaultTimeout,tags,strategies
[13:35:10.427]   Found strategies: WPFSpy
[13:35:10.427]   Added Name mapping: /Window[@AutomationId='OrdersWindow']/Grid/ComboBox[@AutomationId='cmbSku'] -> OrdersPage.OrdersWindow.cmbSku
[13:35:10.427] Processing alias=OrdersPage.OrdersWindow.txtQty, entry keys=displayName,controlType,parentAlias,defaultTimeout,tags,strategies
[13:35:10.427]   Found strategies: WPFSpy
[13:35:10.427]   Added Name mapping: /Window[@AutomationId='OrdersWindow']/Grid/TextBox[@AutomationId='txtQty'] -> OrdersPage.OrdersWindow.txtQty
[13:35:10.428] Processing alias=OrdersPage.OrdersWindow.chkPriority, entry keys=displayName,controlType,parentAlias,defaultTimeout,tags,strategies
[13:35:10.428]   Found strategies: WPFSpy
[13:35:10.428]   Added Name mapping: /Window[@AutomationId='OrdersWindow']/Grid/StackPanel/PriorityToggleControl[@Name='chkPriority'] -> OrdersPage.OrdersWindow.chkPriority
[13:35:10.428] Processing alias=OrdersPage.OrdersWindow.btnCreateOrder, entry keys=displayName,controlType,parentAlias,defaultTimeout,tags,strategies
[13:35:10.428]   Found strategies: WPFSpy
[13:35:10.428]   Added Name mapping: /Window[@AutomationId='OrdersWindow']/Grid/StackPanel/Button[@AutomationId='btnCreateOrder'] -> OrdersPage.OrdersWindow.btnCreateOrder
[13:35:10.429] Processing alias=OrdersPage.OrdersWindow.btnLogout, entry keys=displayName,controlType,parentAlias,defaultTimeout,tags,strategies
[13:35:10.429]   Found strategies: WPFSpy
[13:35:10.429]   Added Name mapping: /Window[@AutomationId='OrdersWindow']/Grid/StackPanel/Button[@AutomationId='btnLogout'] -> OrdersPage.OrdersWindow.btnLogout
[13:35:10.429] Processing alias=OrdersPage.OrdersWindow.lblConfirmation, entry keys=displayName,controlType,parentAlias,defaultTimeout,tags,strategies
[13:35:10.429]   Found strategies: WPFSpy
[13:35:10.429]   Added Name mapping: /Window[@AutomationId='OrdersWindow']/Grid/StackPanel/Label[@Name='lblConfirmation'] -> OrdersPage.OrdersWindow.lblConfirmation
[13:35:10.429] Processing alias=OrdersPage.OrdersWindow.gridOrders, entry keys=displayName,controlType,parentAlias,defaultTimeout,tags,strategies
[13:35:10.430]   Found strategies: WPFSpy
[13:35:10.430]   Added Name mapping: /Window[@AutomationId='OrdersWindow']/Grid/DataGrid[@AutomationId='gridOrders'] -> OrdersPage.OrdersWindow.gridOrders
[13:35:10.430] Loaded 0 AutomationId mappings, 11 Name mappings
[13:41:02.785] EnsureLoaded: frameworkRoot=D:\testpgms\WPFTestAutoClaudeNew\WpfTestFramework, repoDir=D:\testpgms\WPFTestAutoClaudeNew\WpfTestFramework\repository\elements, exists=True
[13:41:02.841] Loaded YAML: D:\testpgms\WPFTestAutoClaudeNew\WpfTestFramework\repository\elements\login_page.yaml, keys: elements
[13:41:02.843] elements count: 4
[13:41:02.843] Processing alias=LoginPage.MainWindow.txtUsername, entry keys=displayName,controlType,parentAlias,defaultTimeout,tags,strategies
[13:41:02.844]   Found strategies: WPFSpy
[13:41:02.844]   Added Name mapping: /Window[@AutomationId='MainWindow']/Grid/TextBox[@AutomationId='txtUsername'] -> LoginPage.MainWindow.txtUsername
[13:41:02.844] Processing alias=LoginPage.MainWindow.txtPassword, entry keys=displayName,controlType,parentAlias,defaultTimeout,tags,strategies
[13:41:02.844]   Found strategies: WPFSpy
[13:41:02.844]   Added Name mapping: /Window[@AutomationId='MainWindow']/Grid/PasswordBox[@AutomationId='txtPassword'] -> LoginPage.MainWindow.txtPassword
[13:41:02.844] Processing alias=LoginPage.MainWindow.btnSubmit, entry keys=displayName,controlType,parentAlias,defaultTimeout,tags,strategies
[13:41:02.844]   Found strategies: WPFSpy
[13:41:02.845]   Added Name mapping: /Window[@AutomationId='MainWindow']/Grid/StackPanel/Button[@AutomationId='btnSubmit'] -> LoginPage.MainWindow.btnSubmit
[13:41:02.845] Processing alias=LoginPage.MainWindow.lblError, entry keys=displayName,controlType,parentAlias,defaultTimeout,tags,strategies
[13:41:02.845]   Found strategies: WPFSpy
[13:41:02.845]   Added Name mapping: /Window[@AutomationId='MainWindow']/Grid/StackPanel/Label[@Name='lblError'] -> LoginPage.MainWindow.lblError
[13:41:02.846] Loaded YAML: D:\testpgms\WPFTestAutoClaudeNew\WpfTestFramework\repository\elements\orders_page.yaml, keys: elements
[13:41:02.847] elements count: 7
[13:41:02.847] Processing alias=OrdersPage.OrdersWindow.cmbSku, entry keys=displayName,controlType,parentAlias,defaultTimeout,tags,strategies
[13:41:02.847]   Found strategies: WPFSpy
[13:41:02.847]   Added Name mapping: /Window[@AutomationId='OrdersWindow']/Grid/ComboBox[@AutomationId='cmbSku'] -> OrdersPage.OrdersWindow.cmbSku
[13:41:02.847] Processing alias=OrdersPage.OrdersWindow.txtQty, entry keys=displayName,controlType,parentAlias,defaultTimeout,tags,strategies
[13:41:02.847]   Found strategies: WPFSpy
[13:41:02.847]   Added Name mapping: /Window[@AutomationId='OrdersWindow']/Grid/TextBox[@AutomationId='txtQty'] -> OrdersPage.OrdersWindow.txtQty
[13:41:02.847] Processing alias=OrdersPage.OrdersWindow.chkPriority, entry keys=displayName,controlType,parentAlias,defaultTimeout,tags,strategies
[13:41:02.848]   Found strategies: WPFSpy
[13:41:02.848]   Added Name mapping: /Window[@AutomationId='OrdersWindow']/Grid/StackPanel/PriorityToggleControl[@Name='chkPriority'] -> OrdersPage.OrdersWindow.chkPriority
[13:41:02.848] Processing alias=OrdersPage.OrdersWindow.btnCreateOrder, entry keys=displayName,controlType,parentAlias,defaultTimeout,tags,strategies
[13:41:02.848]   Found strategies: WPFSpy
[13:41:02.848]   Added Name mapping: /Window[@AutomationId='OrdersWindow']/Grid/StackPanel/Button[@AutomationId='btnCreateOrder'] -> OrdersPage.OrdersWindow.btnCreateOrder
[13:41:02.848] Processing alias=OrdersPage.OrdersWindow.btnLogout, entry keys=displayName,controlType,parentAlias,defaultTimeout,tags,strategies
[13:41:02.848]   Found strategies: WPFSpy
[13:41:02.848]   Added Name mapping: /Window[@AutomationId='OrdersWindow']/Grid/StackPanel/Button[@AutomationId='btnLogout'] -> OrdersPage.OrdersWindow.btnLogout
[13:41:02.849] Processing alias=OrdersPage.OrdersWindow.lblConfirmation, entry keys=displayName,controlType,parentAlias,defaultTimeout,tags,strategies
[13:41:02.849]   Found strategies: WPFSpy
[13:41:02.849]   Added Name mapping: /Window[@AutomationId='OrdersWindow']/Grid/StackPanel/Label[@Name='lblConfirmation'] -> OrdersPage.OrdersWindow.lblConfirmation
[13:41:02.849] Processing alias=OrdersPage.OrdersWindow.gridOrders, entry keys=displayName,controlType,parentAlias,defaultTimeout,tags,strategies
[13:41:02.849]   Found strategies: WPFSpy
[13:41:02.849]   Added Name mapping: /Window[@AutomationId='OrdersWindow']/Grid/DataGrid[@AutomationId='gridOrders'] -> OrdersPage.OrdersWindow.gridOrders
[13:41:02.849] Loaded 0 AutomationId mappings, 11 Name mappings
[13:57:37.657] EnsureLoaded: frameworkRoot=D:\testpgms\WPFTestAutoClaudeNew\WpfTestFramework, repoDir=D:\testpgms\WPFTestAutoClaudeNew\WpfTestFramework\repository\elements, exists=True
[13:57:37.719] Loaded YAML: D:\testpgms\WPFTestAutoClaudeNew\WpfTestFramework\repository\elements\login_page.yaml, keys: elements
[13:57:37.720] elements count: 4
[13:57:37.721] Processing alias=LoginPage.MainWindow.txtUsername, entry keys=displayName,controlType,parentAlias,defaultTimeout,tags,strategies
[13:57:37.722]   Found strategies: WPFSpy
[13:57:37.722]   Added Name mapping: /Window[@AutomationId='MainWindow']/Grid/TextBox[@AutomationId='txtUsername'] -> LoginPage.MainWindow.txtUsername
[13:57:37.722] Processing alias=LoginPage.MainWindow.txtPassword, entry keys=displayName,controlType,parentAlias,defaultTimeout,tags,strategies
[13:57:37.722]   Found strategies: WPFSpy
[13:57:37.723]   Added Name mapping: /Window[@AutomationId='MainWindow']/Grid/PasswordBox[@AutomationId='txtPassword'] -> LoginPage.MainWindow.txtPassword
[13:57:37.723] Processing alias=LoginPage.MainWindow.btnSubmit, entry keys=displayName,controlType,parentAlias,defaultTimeout,tags,strategies
[13:57:37.723]   Found strategies: WPFSpy
[13:57:37.723]   Added Name mapping: /Window[@AutomationId='MainWindow']/Grid/StackPanel/Button[@AutomationId='btnSubmit'] -> LoginPage.MainWindow.btnSubmit
[13:57:37.723] Processing alias=LoginPage.MainWindow.lblError, entry keys=displayName,controlType,parentAlias,defaultTimeout,tags,strategies
[13:57:37.723]   Found strategies: WPFSpy
[13:57:37.723]   Added Name mapping: /Window[@AutomationId='MainWindow']/Grid/StackPanel/Label[@Name='lblError'] -> LoginPage.MainWindow.lblError
[13:57:37.724] Loaded YAML: D:\testpgms\WPFTestAutoClaudeNew\WpfTestFramework\repository\elements\orders_page.yaml, keys: elements
[13:57:37.725] elements count: 7
[13:57:37.725] Processing alias=OrdersPage.OrdersWindow.cmbSku, entry keys=displayName,controlType,parentAlias,defaultTimeout,tags,strategies
[13:57:37.725]   Found strategies: WPFSpy
[13:57:37.725]   Added Name mapping: /Window[@AutomationId='OrdersWindow']/Grid/ComboBox[@AutomationId='cmbSku'] -> OrdersPage.OrdersWindow.cmbSku
[13:57:37.725] Processing alias=OrdersPage.OrdersWindow.txtQty, entry keys=displayName,controlType,parentAlias,defaultTimeout,tags,strategies
[13:57:37.725]   Found strategies: WPFSpy
[13:57:37.725]   Added Name mapping: /Window[@AutomationId='OrdersWindow']/Grid/TextBox[@AutomationId='txtQty'] -> OrdersPage.OrdersWindow.txtQty
[13:57:37.725] Processing alias=OrdersPage.OrdersWindow.chkPriority, entry keys=displayName,controlType,parentAlias,defaultTimeout,tags,strategies
[13:57:37.725]   Found strategies: WPFSpy
[13:57:37.726]   Added Name mapping: /Window[@AutomationId='OrdersWindow']/Grid/StackPanel/PriorityToggleControl[@Name='chkPriority'] -> OrdersPage.OrdersWindow.chkPriority
[13:57:37.726] Processing alias=OrdersPage.OrdersWindow.btnCreateOrder, entry keys=displayName,controlType,parentAlias,defaultTimeout,tags,strategies
[13:57:37.726]   Found strategies: WPFSpy
[13:57:37.726]   Added Name mapping: /Window[@AutomationId='OrdersWindow']/Grid/StackPanel/Button[@AutomationId='btnCreateOrder'] -> OrdersPage.OrdersWindow.btnCreateOrder
[13:57:37.726] Processing alias=OrdersPage.OrdersWindow.btnLogout, entry keys=displayName,controlType,parentAlias,defaultTimeout,tags,strategies
[13:57:37.726]   Found strategies: WPFSpy
[13:57:37.726]   Added Name mapping: /Window[@AutomationId='OrdersWindow']/Grid/StackPanel/Button[@AutomationId='btnLogout'] -> OrdersPage.OrdersWindow.btnLogout
[13:57:37.726] Processing alias=OrdersPage.OrdersWindow.lblConfirmation, entry keys=displayName,controlType,parentAlias,defaultTimeout,tags,strategies
[13:57:37.726]   Found strategies: WPFSpy
[13:57:37.726]   Added Name mapping: /Window[@AutomationId='OrdersWindow']/Grid/StackPanel/Label[@Name='lblConfirmation'] -> OrdersPage.OrdersWindow.lblConfirmation
[13:57:37.727] Processing alias=OrdersPage.OrdersWindow.gridOrders, entry keys=displayName,controlType,parentAlias,defaultTimeout,tags,strategies
[13:57:37.727]   Found strategies: WPFSpy
[13:57:37.727]   Added Name mapping: /Window[@AutomationId='OrdersWindow']/Grid/DataGrid[@AutomationId='gridOrders'] -> OrdersPage.OrdersWindow.gridOrders
[13:57:37.727] Loaded 0 AutomationId mappings, 11 Name mappings
[14:29:18.040] EnsureLoaded: frameworkRoot=D:\testpgms\WPFTestAutoClaudeNew\WpfTestFramework, repoDir=D:\testpgms\WPFTestAutoClaudeNew\WpfTestFramework\repository\elements, exists=True
[14:29:18.111] Loaded YAML: D:\testpgms\WPFTestAutoClaudeNew\WpfTestFramework\repository\elements\login_page.yaml, keys: elements
[14:29:18.113] elements count: 4
[14:29:18.113] Processing alias=LoginPage.MainWindow.txtUsername, entry keys=displayName,controlType,parentAlias,defaultTimeout,tags,strategies
[14:29:18.113]   Found strategies: WPFSpy
[14:29:18.114]   Added Name mapping: /Window[@AutomationId='MainWindow']/Grid/TextBox[@AutomationId='txtUsername'] -> LoginPage.MainWindow.txtUsername
[14:29:18.114] Processing alias=LoginPage.MainWindow.txtPassword, entry keys=displayName,controlType,parentAlias,defaultTimeout,tags,strategies
[14:29:18.114]   Found strategies: WPFSpy
[14:29:18.114]   Added Name mapping: /Window[@AutomationId='MainWindow']/Grid/PasswordBox[@AutomationId='txtPassword'] -> LoginPage.MainWindow.txtPassword
[14:29:18.114] Processing alias=LoginPage.MainWindow.btnSubmit, entry keys=displayName,controlType,parentAlias,defaultTimeout,tags,strategies
[14:29:18.115]   Found strategies: WPFSpy
[14:29:18.115]   Added Name mapping: /Window[@AutomationId='MainWindow']/Grid/StackPanel/Button[@AutomationId='btnSubmit'] -> LoginPage.MainWindow.btnSubmit
[14:29:18.115] Processing alias=LoginPage.MainWindow.lblError, entry keys=displayName,controlType,parentAlias,defaultTimeout,tags,strategies
[14:29:18.115]   Found strategies: WPFSpy
[14:29:18.115]   Added Name mapping: /Window[@AutomationId='MainWindow']/Grid/StackPanel/Label[@Name='lblError'] -> LoginPage.MainWindow.lblError
[14:29:18.116] Loaded YAML: D:\testpgms\WPFTestAutoClaudeNew\WpfTestFramework\repository\elements\orders_page.yaml, keys: elements
[14:29:18.117] elements count: 7
[14:29:18.117] Processing alias=OrdersPage.OrdersWindow.cmbSku, entry keys=displayName,controlType,parentAlias,defaultTimeout,tags,strategies
[14:29:18.117]   Found strategies: WPFSpy
[14:29:18.117]   Added Name mapping: /Window[@AutomationId='OrdersWindow']/Grid/ComboBox[@AutomationId='cmbSku'] -> OrdersPage.OrdersWindow.cmbSku
[14:29:18.117] Processing alias=OrdersPage.OrdersWindow.txtQty, entry keys=displayName,controlType,parentAlias,defaultTimeout,tags,strategies
[14:29:18.117]   Found strategies: WPFSpy
[14:29:18.117]   Added Name mapping: /Window[@AutomationId='OrdersWindow']/Grid/TextBox[@AutomationId='txtQty'] -> OrdersPage.OrdersWindow.txtQty
[14:29:18.117] Processing alias=OrdersPage.OrdersWindow.chkPriority, entry keys=displayName,controlType,parentAlias,defaultTimeout,tags,strategies
[14:29:18.118]   Found strategies: WPFSpy
[14:29:18.118]   Added Name mapping: /Window[@AutomationId='OrdersWindow']/Grid/StackPanel/PriorityToggleControl[@Name='chkPriority'] -> OrdersPage.OrdersWindow.chkPriority
[14:29:18.118] Processing alias=OrdersPage.OrdersWindow.btnCreateOrder, entry keys=displayName,controlType,parentAlias,defaultTimeout,tags,strategies
[14:29:18.118]   Found strategies: WPFSpy
[14:29:18.118]   Added Name mapping: /Window[@AutomationId='OrdersWindow']/Grid/StackPanel/Button[@AutomationId='btnCreateOrder'] -> OrdersPage.OrdersWindow.btnCreateOrder
[14:29:18.118] Processing alias=OrdersPage.OrdersWindow.btnLogout, entry keys=displayName,controlType,parentAlias,defaultTimeout,tags,strategies
[14:29:18.118]   Found strategies: WPFSpy
[14:29:18.119]   Added Name mapping: /Window[@AutomationId='OrdersWindow']/Grid/StackPanel/Button[@AutomationId='btnLogout'] -> OrdersPage.OrdersWindow.btnLogout
[14:29:18.119] Processing alias=OrdersPage.OrdersWindow.lblConfirmation, entry keys=displayName,controlType,parentAlias,defaultTimeout,tags,strategies
[14:29:18.119]   Found strategies: WPFSpy
[14:29:18.119]   Added Name mapping: /Window[@AutomationId='OrdersWindow']/Grid/StackPanel/Label[@Name='lblConfirmation'] -> OrdersPage.OrdersWindow.lblConfirmation
[14:29:18.119] Processing alias=OrdersPage.OrdersWindow.gridOrders, entry keys=displayName,controlType,parentAlias,defaultTimeout,tags,strategies
[14:29:18.119]   Found strategies: WPFSpy
[14:29:18.120]   Added Name mapping: /Window[@AutomationId='OrdersWindow']/Grid/DataGrid[@AutomationId='gridOrders'] -> OrdersPage.OrdersWindow.gridOrders
[14:29:18.120] Loaded 0 AutomationId mappings, 11 Name mappings
[14:29:33.088] ResolveAlias(automationId=, name=border)
[14:29:33.089]   -> NO MATCH
[14:29:41.919] ResolveAlias(automationId=, name=border)
[14:29:41.919]   -> NO MATCH
[14:29:43.004] ResolveAlias(automationId=, name=border)
[14:29:43.004]   -> NO MATCH
[14:29:43.435] ResolveAlias(automationId=, name=border)
[14:29:43.435]   -> NO MATCH
[14:29:43.635] ResolveAlias(automationId=, name=border)
[14:29:43.636]   -> NO MATCH
[14:29:43.827] ResolveAlias(automationId=, name=border)
[14:29:43.828]   -> NO MATCH
[14:29:44.050] ResolveAlias(automationId=, name=border)
[14:29:44.051]   -> NO MATCH
[14:37:45.560] EnsureLoaded: frameworkRoot=D:\testpgms\WPFTestAutoClaudeNew\WpfTestFramework, repoDir=D:\testpgms\WPFTestAutoClaudeNew\WpfTestFramework\repository\elements, exists=True
[14:37:45.613] Loaded YAML: D:\testpgms\WPFTestAutoClaudeNew\WpfTestFramework\repository\elements\login_page.yaml, keys: elements
[14:37:45.614] elements count: 4
[14:37:45.614] Processing alias=LoginPage.MainWindow.txtUsername, entry keys=displayName,controlType,parentAlias,defaultTimeout,tags,strategies
[14:37:45.614]   Found strategies: WPFSpy
[14:37:45.614]   Added Name mapping: /Window[@AutomationId='MainWindow']/Grid/TextBox[@AutomationId='txtUsername'] -> LoginPage.MainWindow.txtUsername
[14:37:45.615] Processing alias=LoginPage.MainWindow.txtPassword, entry keys=displayName,controlType,parentAlias,defaultTimeout,tags,strategies
[14:37:45.615]   Found strategies: WPFSpy
[14:37:45.615]   Added Name mapping: /Window[@AutomationId='MainWindow']/Grid/PasswordBox[@AutomationId='txtPassword'] -> LoginPage.MainWindow.txtPassword
[14:37:45.615] Processing alias=LoginPage.MainWindow.btnSubmit, entry keys=displayName,controlType,parentAlias,defaultTimeout,tags,strategies
[14:37:45.615]   Found strategies: WPFSpy
[14:37:45.615]   Added Name mapping: /Window[@AutomationId='MainWindow']/Grid/StackPanel/Button[@AutomationId='btnSubmit'] -> LoginPage.MainWindow.btnSubmit
[14:37:45.615] Processing alias=LoginPage.MainWindow.lblError, entry keys=displayName,controlType,parentAlias,defaultTimeout,tags,strategies
[14:37:45.615]   Found strategies: WPFSpy
[14:37:45.615]   Added Name mapping: /Window[@AutomationId='MainWindow']/Grid/StackPanel/Label[@Name='lblError'] -> LoginPage.MainWindow.lblError
[14:37:45.617] Loaded YAML: D:\testpgms\WPFTestAutoClaudeNew\WpfTestFramework\repository\elements\orders_page.yaml, keys: elements
[14:37:45.617] elements count: 7
[14:37:45.617] Processing alias=OrdersPage.OrdersWindow.cmbSku, entry keys=displayName,controlType,parentAlias,defaultTimeout,tags,strategies
[14:37:45.617]   Found strategies: WPFSpy
[14:37:45.617]   Added Name mapping: /Window[@AutomationId='OrdersWindow']/Grid/ComboBox[@AutomationId='cmbSku'] -> OrdersPage.OrdersWindow.cmbSku
[14:37:45.617] Processing alias=OrdersPage.OrdersWindow.txtQty, entry keys=displayName,controlType,parentAlias,defaultTimeout,tags,strategies
[14:37:45.617]   Found strategies: WPFSpy
[14:37:45.617]   Added Name mapping: /Window[@AutomationId='OrdersWindow']/Grid/TextBox[@AutomationId='txtQty'] -> OrdersPage.OrdersWindow.txtQty
[14:37:45.618] Processing alias=OrdersPage.OrdersWindow.chkPriority, entry keys=displayName,controlType,parentAlias,defaultTimeout,tags,strategies
[14:37:45.618]   Found strategies: WPFSpy
[14:37:45.618]   Added Name mapping: /Window[@AutomationId='OrdersWindow']/Grid/StackPanel/PriorityToggleControl[@Name='chkPriority'] -> OrdersPage.OrdersWindow.chkPriority
[14:37:45.618] Processing alias=OrdersPage.OrdersWindow.btnCreateOrder, entry keys=displayName,controlType,parentAlias,defaultTimeout,tags,strategies
[14:37:45.618]   Found strategies: WPFSpy
[14:37:45.618]   Added Name mapping: /Window[@AutomationId='OrdersWindow']/Grid/StackPanel/Button[@AutomationId='btnCreateOrder'] -> OrdersPage.OrdersWindow.btnCreateOrder
[14:37:45.618] Processing alias=OrdersPage.OrdersWindow.btnLogout, entry keys=displayName,controlType,parentAlias,defaultTimeout,tags,strategies
[14:37:45.618]   Found strategies: WPFSpy
[14:37:45.618]   Added Name mapping: /Window[@AutomationId='OrdersWindow']/Grid/StackPanel/Button[@AutomationId='btnLogout'] -> OrdersPage.OrdersWindow.btnLogout
[14:37:45.619] Processing alias=OrdersPage.OrdersWindow.lblConfirmation, entry keys=displayName,controlType,parentAlias,defaultTimeout,tags,strategies
[14:37:45.619]   Found strategies: WPFSpy
[14:37:45.619]   Added Name mapping: /Window[@AutomationId='OrdersWindow']/Grid/StackPanel/Label[@Name='lblConfirmation'] -> OrdersPage.OrdersWindow.lblConfirmation
[14:37:45.619] Processing alias=OrdersPage.OrdersWindow.gridOrders, entry keys=displayName,controlType,parentAlias,defaultTimeout,tags,strategies
[14:37:45.619]   Found strategies: WPFSpy
[14:37:45.619]   Added Name mapping: /Window[@AutomationId='OrdersWindow']/Grid/DataGrid[@AutomationId='gridOrders'] -> OrdersPage.OrdersWindow.gridOrders
[14:37:45.619] Loaded 0 AutomationId mappings, 11 Name mappings
[14:37:54.872] ResolveAlias(automationId=txtUsername, name=txtUsername)
[14:37:54.872]   -> NO MATCH
[14:38:12.289] ResolveAlias(automationId=txtUsername, name=txtUsername)
[14:38:12.289]   -> NO MATCH
[14:38:26.119] ResolveAlias(automationId=txtUsername, name=txtUsername)
[14:38:26.120]   -> NO MATCH
[14:42:42.338] EnsureLoaded: frameworkRoot=D:\testpgms\WPFTestAutoClaudeNew\WpfTestFramework, repoDir=D:\testpgms\WPFTestAutoClaudeNew\WpfTestFramework\repository\elements, exists=True
[14:42:42.384] Loaded YAML: D:\testpgms\WPFTestAutoClaudeNew\WpfTestFramework\repository\elements\login_page.yaml, keys: elements
[14:42:42.385] elements count: 4
[14:42:42.385] Processing alias=LoginPage.MainWindow.txtUsername, entry keys=displayName,controlType,parentAlias,defaultTimeout,tags,strategies
[14:42:42.385]   Found strategies: WPFSpy
[14:42:42.386]   Added Name mapping: /Window[@AutomationId='MainWindow']/Grid/TextBox[@AutomationId='txtUsername'] -> LoginPage.MainWindow.txtUsername
[14:42:42.386] Processing alias=LoginPage.MainWindow.txtPassword, entry keys=displayName,controlType,parentAlias,defaultTimeout,tags,strategies
[14:42:42.386]   Found strategies: WPFSpy
[14:42:42.386]   Added Name mapping: /Window[@AutomationId='MainWindow']/Grid/PasswordBox[@AutomationId='txtPassword'] -> LoginPage.MainWindow.txtPassword
[14:42:42.386] Processing alias=LoginPage.MainWindow.btnSubmit, entry keys=displayName,controlType,parentAlias,defaultTimeout,tags,strategies
[14:42:42.386]   Found strategies: WPFSpy
[14:42:42.386]   Added Name mapping: /Window[@AutomationId='MainWindow']/Grid/StackPanel/Button[@AutomationId='btnSubmit'] -> LoginPage.MainWindow.btnSubmit
[14:42:42.387] Processing alias=LoginPage.MainWindow.lblError, entry keys=displayName,controlType,parentAlias,defaultTimeout,tags,strategies
[14:42:42.387]   Found strategies: WPFSpy
[14:42:42.387]   Added Name mapping: /Window[@AutomationId='MainWindow']/Grid/StackPanel/Label[@Name='lblError'] -> LoginPage.MainWindow.lblError
[14:42:42.389] Loaded YAML: D:\testpgms\WPFTestAutoClaudeNew\WpfTestFramework\repository\elements\orders_page.yaml, keys: elements
[14:42:42.389] elements count: 7
[14:42:42.389] Processing alias=OrdersPage.OrdersWindow.cmbSku, entry keys=displayName,controlType,parentAlias,defaultTimeout,tags,strategies
[14:42:42.389]   Found strategies: WPFSpy
[14:42:42.390]   Added Name mapping: /Window[@AutomationId='OrdersWindow']/Grid/ComboBox[@AutomationId='cmbSku'] -> OrdersPage.OrdersWindow.cmbSku
[14:42:42.390] Processing alias=OrdersPage.OrdersWindow.txtQty, entry keys=displayName,controlType,parentAlias,defaultTimeout,tags,strategies
[14:42:42.390]   Found strategies: WPFSpy
[14:42:42.390]   Added Name mapping: /Window[@AutomationId='OrdersWindow']/Grid/TextBox[@AutomationId='txtQty'] -> OrdersPage.OrdersWindow.txtQty
[14:42:42.390] Processing alias=OrdersPage.OrdersWindow.chkPriority, entry keys=displayName,controlType,parentAlias,defaultTimeout,tags,strategies
[14:42:42.390]   Found strategies: WPFSpy
[14:42:42.390]   Added Name mapping: /Window[@AutomationId='OrdersWindow']/Grid/StackPanel/PriorityToggleControl[@Name='chkPriority'] -> OrdersPage.OrdersWindow.chkPriority
[14:42:42.390] Processing alias=OrdersPage.OrdersWindow.btnCreateOrder, entry keys=displayName,controlType,parentAlias,defaultTimeout,tags,strategies
[14:42:42.391]   Found strategies: WPFSpy
[14:42:42.391]   Added Name mapping: /Window[@AutomationId='OrdersWindow']/Grid/StackPanel/Button[@AutomationId='btnCreateOrder'] -> OrdersPage.OrdersWindow.btnCreateOrder
[14:42:42.391] Processing alias=OrdersPage.OrdersWindow.btnLogout, entry keys=displayName,controlType,parentAlias,defaultTimeout,tags,strategies
[14:42:42.391]   Found strategies: WPFSpy
[14:42:42.391]   Added Name mapping: /Window[@AutomationId='OrdersWindow']/Grid/StackPanel/Button[@AutomationId='btnLogout'] -> OrdersPage.OrdersWindow.btnLogout
[14:42:42.391] Processing alias=OrdersPage.OrdersWindow.lblConfirmation, entry keys=displayName,controlType,parentAlias,defaultTimeout,tags,strategies
[14:42:42.391]   Found strategies: WPFSpy
[14:42:42.391]   Added Name mapping: /Window[@AutomationId='OrdersWindow']/Grid/StackPanel/Label[@Name='lblConfirmation'] -> OrdersPage.OrdersWindow.lblConfirmation
[14:42:42.392] Processing alias=OrdersPage.OrdersWindow.gridOrders, entry keys=displayName,controlType,parentAlias,defaultTimeout,tags,strategies
[14:42:42.392]   Found strategies: WPFSpy
[14:42:42.392]   Added Name mapping: /Window[@AutomationId='OrdersWindow']/Grid/DataGrid[@AutomationId='gridOrders'] -> OrdersPage.OrdersWindow.gridOrders
[14:42:42.392] Loaded 0 AutomationId mappings, 11 Name mappings
[14:43:06.544] ResolveAlias(automationId=txtUsername, name=txtUsername)
[14:43:06.544]   -> NO MATCH
[14:43:08.010] ResolveAlias(automationId=txtUsername, name=txtUsername)
[14:43:08.010]   -> NO MATCH
[14:43:22.569] ResolveAlias(automationId=txtUsername, name=txtUsername)
[14:43:22.570]   -> NO MATCH
[14:50:38.379] EnsureLoaded: frameworkRoot=D:\testpgms\WPFTestAutoClaudeNew\WpfTestFramework, repoDir=D:\testpgms\WPFTestAutoClaudeNew\WpfTestFramework\repository\elements, exists=True
[14:50:38.426] Loaded YAML: D:\testpgms\WPFTestAutoClaudeNew\WpfTestFramework\repository\elements\login_page.yaml, keys: elements
[14:50:38.427] elements count: 4
[14:50:38.427] Processing alias=LoginPage.MainWindow.txtUsername, entry keys=displayName,controlType,parentAlias,defaultTimeout,tags,strategies
[14:50:38.427]   Found strategies: WPFSpy
[14:50:38.427]   Added Name mapping: /Window[@AutomationId='MainWindow']/Grid/TextBox[@AutomationId='txtUsername'] -> LoginPage.MainWindow.txtUsername
[14:50:38.428] Processing alias=LoginPage.MainWindow.txtPassword, entry keys=displayName,controlType,parentAlias,defaultTimeout,tags,strategies
[14:50:38.428]   Found strategies: WPFSpy
[14:50:38.428]   Added Name mapping: /Window[@AutomationId='MainWindow']/Grid/PasswordBox[@AutomationId='txtPassword'] -> LoginPage.MainWindow.txtPassword
[14:50:38.428] Processing alias=LoginPage.MainWindow.btnSubmit, entry keys=displayName,controlType,parentAlias,defaultTimeout,tags,strategies
[14:50:38.428]   Found strategies: WPFSpy
[14:50:38.428]   Added Name mapping: /Window[@AutomationId='MainWindow']/Grid/StackPanel/Button[@AutomationId='btnSubmit'] -> LoginPage.MainWindow.btnSubmit
[14:50:38.428] Processing alias=LoginPage.MainWindow.lblError, entry keys=displayName,controlType,parentAlias,defaultTimeout,tags,strategies
[14:50:38.428]   Found strategies: WPFSpy
[14:50:38.429]   Added Name mapping: /Window[@AutomationId='MainWindow']/Grid/StackPanel/Label[@Name='lblError'] -> LoginPage.MainWindow.lblError
[14:50:38.430] Loaded YAML: D:\testpgms\WPFTestAutoClaudeNew\WpfTestFramework\repository\elements\orders_page.yaml, keys: elements
[14:50:38.430] elements count: 7
[14:50:38.430] Processing alias=OrdersPage.OrdersWindow.cmbSku, entry keys=displayName,controlType,parentAlias,defaultTimeout,tags,strategies
[14:50:38.431]   Found strategies: WPFSpy
[14:50:38.431]   Added Name mapping: /Window[@AutomationId='OrdersWindow']/Grid/ComboBox[@AutomationId='cmbSku'] -> OrdersPage.OrdersWindow.cmbSku
[14:50:38.431] Processing alias=OrdersPage.OrdersWindow.txtQty, entry keys=displayName,controlType,parentAlias,defaultTimeout,tags,strategies
[14:50:38.431]   Found strategies: WPFSpy
[14:50:38.431]   Added Name mapping: /Window[@AutomationId='OrdersWindow']/Grid/TextBox[@AutomationId='txtQty'] -> OrdersPage.OrdersWindow.txtQty
[14:50:38.431] Processing alias=OrdersPage.OrdersWindow.chkPriority, entry keys=displayName,controlType,parentAlias,defaultTimeout,tags,strategies
[14:50:38.432]   Found strategies: WPFSpy
[14:50:38.432]   Added Name mapping: /Window[@AutomationId='OrdersWindow']/Grid/StackPanel/PriorityToggleControl[@Name='chkPriority'] -> OrdersPage.OrdersWindow.chkPriority
[14:50:38.432] Processing alias=OrdersPage.OrdersWindow.btnCreateOrder, entry keys=displayName,controlType,parentAlias,defaultTimeout,tags,strategies
[14:50:38.432]   Found strategies: WPFSpy
[14:50:38.432]   Added Name mapping: /Window[@AutomationId='OrdersWindow']/Grid/StackPanel/Button[@AutomationId='btnCreateOrder'] -> OrdersPage.OrdersWindow.btnCreateOrder
[14:50:38.432] Processing alias=OrdersPage.OrdersWindow.btnLogout, entry keys=displayName,controlType,parentAlias,defaultTimeout,tags,strategies
[14:50:38.432]   Found strategies: WPFSpy
[14:50:38.433]   Added Name mapping: /Window[@AutomationId='OrdersWindow']/Grid/StackPanel/Button[@AutomationId='btnLogout'] -> OrdersPage.OrdersWindow.btnLogout
[14:50:38.433] Processing alias=OrdersPage.OrdersWindow.lblConfirmation, entry keys=displayName,controlType,parentAlias,defaultTimeout,tags,strategies
[14:50:38.433]   Found strategies: WPFSpy
[14:50:38.433]   Added Name mapping: /Window[@AutomationId='OrdersWindow']/Grid/StackPanel/Label[@Name='lblConfirmation'] -> OrdersPage.OrdersWindow.lblConfirmation
[14:50:38.433] Processing alias=OrdersPage.OrdersWindow.gridOrders, entry keys=displayName,controlType,parentAlias,defaultTimeout,tags,strategies
[14:50:38.433]   Found strategies: WPFSpy
[14:50:38.433]   Added Name mapping: /Window[@AutomationId='OrdersWindow']/Grid/DataGrid[@AutomationId='gridOrders'] -> OrdersPage.OrdersWindow.gridOrders
[14:50:38.434] Loaded 0 AutomationId mappings, 11 Name mappings
[14:52:39.363] EnsureLoaded: frameworkRoot=D:\testpgms\WPFTestAutoClaudeNew\WpfTestFramework, repoDir=D:\testpgms\WPFTestAutoClaudeNew\WpfTestFramework\repository\elements, exists=True
[14:52:39.423] Loaded YAML: D:\testpgms\WPFTestAutoClaudeNew\WpfTestFramework\repository\elements\login_page.yaml, keys: elements
[14:52:39.425] elements count: 4
[14:52:39.425] Processing alias=LoginPage.MainWindow.txtUsername, entry keys=displayName,controlType,parentAlias,defaultTimeout,tags,strategies
[14:52:39.426]   Found strategies: WPFSpy
[14:52:39.426]   Added Name mapping: /Window[@AutomationId='MainWindow']/Grid/TextBox[@AutomationId='txtUsername'] -> LoginPage.MainWindow.txtUsername
[14:52:39.426] Processing alias=LoginPage.MainWindow.txtPassword, entry keys=displayName,controlType,parentAlias,defaultTimeout,tags,strategies
[14:52:39.426]   Found strategies: WPFSpy
[14:52:39.426]   Added Name mapping: /Window[@AutomationId='MainWindow']/Grid/PasswordBox[@AutomationId='txtPassword'] -> LoginPage.MainWindow.txtPassword
[14:52:39.426] Processing alias=LoginPage.MainWindow.btnSubmit, entry keys=displayName,controlType,parentAlias,defaultTimeout,tags,strategies
[14:52:39.427]   Found strategies: WPFSpy
[14:52:39.427]   Added Name mapping: /Window[@AutomationId='MainWindow']/Grid/StackPanel/Button[@AutomationId='btnSubmit'] -> LoginPage.MainWindow.btnSubmit
[14:52:39.427] Processing alias=LoginPage.MainWindow.lblError, entry keys=displayName,controlType,parentAlias,defaultTimeout,tags,strategies
[14:52:39.427]   Found strategies: WPFSpy
[14:52:39.427]   Added Name mapping: /Window[@AutomationId='MainWindow']/Grid/StackPanel/Label[@Name='lblError'] -> LoginPage.MainWindow.lblError
[14:52:39.429] Loaded YAML: D:\testpgms\WPFTestAutoClaudeNew\WpfTestFramework\repository\elements\orders_page.yaml, keys: elements
[14:52:39.430] elements count: 7
[14:52:39.430] Processing alias=OrdersPage.OrdersWindow.cmbSku, entry keys=displayName,controlType,parentAlias,defaultTimeout,tags,strategies
[14:52:39.430]   Found strategies: WPFSpy
[14:52:39.430]   Added Name mapping: /Window[@AutomationId='OrdersWindow']/Grid/ComboBox[@AutomationId='cmbSku'] -> OrdersPage.OrdersWindow.cmbSku
[14:52:39.430] Processing alias=OrdersPage.OrdersWindow.txtQty, entry keys=displayName,controlType,parentAlias,defaultTimeout,tags,strategies
[14:52:39.430]   Found strategies: WPFSpy
[14:52:39.431]   Added Name mapping: /Window[@AutomationId='OrdersWindow']/Grid/TextBox[@AutomationId='txtQty'] -> OrdersPage.OrdersWindow.txtQty
[14:52:39.431] Processing alias=OrdersPage.OrdersWindow.chkPriority, entry keys=displayName,controlType,parentAlias,defaultTimeout,tags,strategies
[14:52:39.431]   Found strategies: WPFSpy
[14:52:39.431]   Added Name mapping: /Window[@AutomationId='OrdersWindow']/Grid/StackPanel/PriorityToggleControl[@Name='chkPriority'] -> OrdersPage.OrdersWindow.chkPriority
[14:52:39.431] Processing alias=OrdersPage.OrdersWindow.btnCreateOrder, entry keys=displayName,controlType,parentAlias,defaultTimeout,tags,strategies
[14:52:39.431]   Found strategies: WPFSpy
[14:52:39.431]   Added Name mapping: /Window[@AutomationId='OrdersWindow']/Grid/StackPanel/Button[@AutomationId='btnCreateOrder'] -> OrdersPage.OrdersWindow.btnCreateOrder
[14:52:39.431] Processing alias=OrdersPage.OrdersWindow.btnLogout, entry keys=displayName,controlType,parentAlias,defaultTimeout,tags,strategies
[14:52:39.431]   Found strategies: WPFSpy
[14:52:39.432]   Added Name mapping: /Window[@AutomationId='OrdersWindow']/Grid/StackPanel/Button[@AutomationId='btnLogout'] -> OrdersPage.OrdersWindow.btnLogout
[14:52:39.432] Processing alias=OrdersPage.OrdersWindow.lblConfirmation, entry keys=displayName,controlType,parentAlias,defaultTimeout,tags,strategies
[14:52:39.432]   Found strategies: WPFSpy
[14:52:39.432]   Added Name mapping: /Window[@AutomationId='OrdersWindow']/Grid/StackPanel/Label[@Name='lblConfirmation'] -> OrdersPage.OrdersWindow.lblConfirmation
[14:52:39.432] Processing alias=OrdersPage.OrdersWindow.gridOrders, entry keys=displayName,controlType,parentAlias,defaultTimeout,tags,strategies
[14:52:39.432]   Found strategies: WPFSpy
[14:52:39.432]   Added Name mapping: /Window[@AutomationId='OrdersWindow']/Grid/DataGrid[@AutomationId='gridOrders'] -> OrdersPage.OrdersWindow.gridOrders
[14:52:39.432] Loaded 0 AutomationId mappings, 11 Name mappings
[14:57:45.979] EnsureLoaded: frameworkRoot=D:\testpgms\WPFTestAutoClaudeNew\WpfTestFramework, repoDir=D:\testpgms\WPFTestAutoClaudeNew\WpfTestFramework\repository\elements, exists=True
[14:57:46.047] Loaded YAML: D:\testpgms\WPFTestAutoClaudeNew\WpfTestFramework\repository\elements\login_page.yaml, keys: elements
[14:57:46.050] elements count: 4
[14:57:46.050] Processing alias=LoginPage.MainWindow.txtUsername, entry keys=displayName,controlType,parentAlias,defaultTimeout,tags,strategies
[14:57:46.051]   Found strategies: WPFSpy
[14:57:46.051]   Added Name mapping: /Window[@AutomationId='MainWindow']/Grid/TextBox[@AutomationId='txtUsername'] -> LoginPage.MainWindow.txtUsername
[14:57:46.051] Processing alias=LoginPage.MainWindow.txtPassword, entry keys=displayName,controlType,parentAlias,defaultTimeout,tags,strategies
[14:57:46.051]   Found strategies: WPFSpy
[14:57:46.051]   Added Name mapping: /Window[@AutomationId='MainWindow']/Grid/PasswordBox[@AutomationId='txtPassword'] -> LoginPage.MainWindow.txtPassword
[14:57:46.051] Processing alias=LoginPage.MainWindow.btnSubmit, entry keys=displayName,controlType,parentAlias,defaultTimeout,tags,strategies
[14:57:46.052]   Found strategies: WPFSpy
[14:57:46.052]   Added Name mapping: /Window[@AutomationId='MainWindow']/Grid/StackPanel/Button[@AutomationId='btnSubmit'] -> LoginPage.MainWindow.btnSubmit
[14:57:46.052] Processing alias=LoginPage.MainWindow.lblError, entry keys=displayName,controlType,parentAlias,defaultTimeout,tags,strategies
[14:57:46.052]   Found strategies: WPFSpy
[14:57:46.052]   Added Name mapping: /Window[@AutomationId='MainWindow']/Grid/StackPanel/Label[@Name='lblError'] -> LoginPage.MainWindow.lblError
[14:57:46.054] Loaded YAML: D:\testpgms\WPFTestAutoClaudeNew\WpfTestFramework\repository\elements\orders_page.yaml, keys: elements
[14:57:46.055] elements count: 7
[14:57:46.055] Processing alias=OrdersPage.OrdersWindow.cmbSku, entry keys=displayName,controlType,parentAlias,defaultTimeout,tags,strategies
[14:57:46.055]   Found strategies: WPFSpy
[14:57:46.055]   Added Name mapping: /Window[@AutomationId='OrdersWindow']/Grid/ComboBox[@AutomationId='cmbSku'] -> OrdersPage.OrdersWindow.cmbSku
[14:57:46.055] Processing alias=OrdersPage.OrdersWindow.txtQty, entry keys=displayName,controlType,parentAlias,defaultTimeout,tags,strategies
[14:57:46.055]   Found strategies: WPFSpy
[14:57:46.055]   Added Name mapping: /Window[@AutomationId='OrdersWindow']/Grid/TextBox[@AutomationId='txtQty'] -> OrdersPage.OrdersWindow.txtQty
[14:57:46.055] Processing alias=OrdersPage.OrdersWindow.chkPriority, entry keys=displayName,controlType,parentAlias,defaultTimeout,tags,strategies
[14:57:46.056]   Found strategies: WPFSpy
[14:57:46.056]   Added Name mapping: /Window[@AutomationId='OrdersWindow']/Grid/StackPanel/PriorityToggleControl[@Name='chkPriority'] -> OrdersPage.OrdersWindow.chkPriority
[14:57:46.056] Processing alias=OrdersPage.OrdersWindow.btnCreateOrder, entry keys=displayName,controlType,parentAlias,defaultTimeout,tags,strategies
[14:57:46.056]   Found strategies: WPFSpy
[14:57:46.056]   Added Name mapping: /Window[@AutomationId='OrdersWindow']/Grid/StackPanel/Button[@AutomationId='btnCreateOrder'] -> OrdersPage.OrdersWindow.btnCreateOrder
[14:57:46.056] Processing alias=OrdersPage.OrdersWindow.btnLogout, entry keys=displayName,controlType,parentAlias,defaultTimeout,tags,strategies
[14:57:46.056]   Found strategies: WPFSpy
[14:57:46.056]   Added Name mapping: /Window[@AutomationId='OrdersWindow']/Grid/StackPanel/Button[@AutomationId='btnLogout'] -> OrdersPage.OrdersWindow.btnLogout
[14:57:46.057] Processing alias=OrdersPage.OrdersWindow.lblConfirmation, entry keys=displayName,controlType,parentAlias,defaultTimeout,tags,strategies
[14:57:46.057]   Found strategies: WPFSpy
[14:57:46.057]   Added Name mapping: /Window[@AutomationId='OrdersWindow']/Grid/StackPanel/Label[@Name='lblConfirmation'] -> OrdersPage.OrdersWindow.lblConfirmation
[14:57:46.057] Processing alias=OrdersPage.OrdersWindow.gridOrders, entry keys=displayName,controlType,parentAlias,defaultTimeout,tags,strategies
[14:57:46.057]   Found strategies: WPFSpy
[14:57:46.058]   Added Name mapping: /Window[@AutomationId='OrdersWindow']/Grid/DataGrid[@AutomationId='gridOrders'] -> OrdersPage.OrdersWindow.gridOrders
[14:57:46.058] Loaded 0 AutomationId mappings, 11 Name mappings
[14:57:49.892] ResolveAlias(automationId=btnSubmit, name=btnSubmit)
[14:57:49.893]   -> NO MATCH
[14:57:56.783] ResolveAlias(automationId=txtUsername, name=txtUsername)
[14:57:56.783]   -> NO MATCH
[14:58:07.413] ResolveAlias(automationId=txtUsername, name=txtUsername)
[14:58:07.413]   -> NO MATCH
[14:58:13.509] ResolveAlias(automationId=txtUsername, name=txtUsername)
[14:58:13.509]   -> NO MATCH
[14:58:13.529] ResolveAlias(automationId=btnSubmit, name=btnSubmit)
[14:58:13.529]   -> NO MATCH
[14:58:17.091] ResolveAlias(automationId=btnSubmit, name=btnSubmit)
[14:58:17.092]   -> NO MATCH
[15:00:10.873] ResolveAlias(automationId=, name=lblError)
[15:00:10.873]   -> NO MATCH
[15:00:24.911] ResolveAlias(automationId=, name=lblError)
[15:00:24.912]   -> NO MATCH
[15:05:33.481] ResolveAlias(automationId=, name=lblError)
[15:05:33.481]   -> NO MATCH
[15:05:49.930] ResolveAlias(automationId=, name=lblError)
[15:05:49.930]   -> NO MATCH
[15:26:13.879] ResolveAlias(automationId=txtUsername, name=txtUsername)
[15:26:13.879]   -> NO MATCH
[15:26:19.711] ResolveAlias(automationId=txtUsername, name=txtUsername)
[15:26:19.711]   -> NO MATCH
[15:26:19.719] ResolveAlias(automationId=btnSubmit, name=btnSubmit)
[15:26:19.719]   -> NO MATCH
[15:26:27.567] ResolveAlias(automationId=txtUsername, name=txtUsername)
[15:26:27.567]   -> NO MATCH
[15:26:34.814] ResolveAlias(automationId=btnSubmit, name=btnSubmit)
[15:26:34.815]   -> NO MATCH
[15:26:37.926] ResolveAlias(automationId=, name=PART_EditableTextBox)
[15:26:37.926]   -> NO MATCH
[15:26:37.955] ResolveAlias(automationId=, name=splitBorder)
[15:26:37.956]   -> NO MATCH
[15:26:41.503] ResolveAlias(automationId=txtQty, name=txtQty)
[15:26:41.503]   -> NO MATCH
[15:26:44.246] ResolveAlias(automationId=txtQty, name=txtQty)
[15:26:44.246]   -> NO MATCH
[15:26:44.253] ResolveAlias(automationId=, name=chkPriority)
[15:26:44.253]   -> NO MATCH
[15:26:47.328] ResolveAlias(automationId=btnCreateOrder, name=btnCreateOrder)
[15:26:47.328]   -> NO MATCH
[15:26:49.953] ResolveAlias(automationId=btnCreateOrder, name=btnCreateOrder)
[15:26:49.953]   -> NO MATCH
[15:26:54.237] ResolveAlias(automationId=btnLogout, name=btnLogout)
[15:26:54.237]   -> NO MATCH
[15:39:02.266] EnsureLoaded: frameworkRoot=D:\testpgms\WPFTestAutoClaudeNew\WpfTestFramework, repoDir=D:\testpgms\WPFTestAutoClaudeNew\WpfTestFramework\repository\elements, exists=True
[15:39:02.329] Loaded YAML: D:\testpgms\WPFTestAutoClaudeNew\WpfTestFramework\repository\elements\login_page.yaml, keys: elements
[15:39:02.330] elements count: 4
[15:39:02.330] Processing alias=LoginPage.MainWindow.txtUsername, entry keys=displayName,controlType,parentAlias,defaultTimeout,tags,strategies
[15:39:02.330]   Found strategies: WPFSpy
[15:39:02.330]   Added Name mapping: /Window[@AutomationId='MainWindow']/Grid/TextBox[@AutomationId='txtUsername'] -> LoginPage.MainWindow.txtUsername
[15:39:02.331] Processing alias=LoginPage.MainWindow.txtPassword, entry keys=displayName,controlType,parentAlias,defaultTimeout,tags,strategies
[15:39:02.331]   Found strategies: WPFSpy
[15:39:02.331]   Added Name mapping: /Window[@AutomationId='MainWindow']/Grid/PasswordBox[@AutomationId='txtPassword'] -> LoginPage.MainWindow.txtPassword
[15:39:02.331] Processing alias=LoginPage.MainWindow.btnSubmit, entry keys=displayName,controlType,parentAlias,defaultTimeout,tags,strategies
[15:39:02.331]   Found strategies: WPFSpy
[15:39:02.331]   Added Name mapping: /Window[@AutomationId='MainWindow']/Grid/StackPanel/Button[@AutomationId='btnSubmit'] -> LoginPage.MainWindow.btnSubmit
[15:39:02.331] Processing alias=LoginPage.MainWindow.lblError, entry keys=displayName,controlType,parentAlias,defaultTimeout,tags,strategies
[15:39:02.331]   Found strategies: WPFSpy
[15:39:02.332]   Added Name mapping: /Window[@AutomationId='MainWindow']/Grid/StackPanel/Label[@Name='lblError'] -> LoginPage.MainWindow.lblError
[15:39:02.337] Loaded YAML: D:\testpgms\WPFTestAutoClaudeNew\WpfTestFramework\repository\elements\orders_page.yaml, keys: elements
[15:39:02.338] elements count: 7
[15:39:02.338] Processing alias=OrdersPage.OrdersWindow.cmbSku, entry keys=displayName,controlType,parentAlias,defaultTimeout,tags,strategies
[15:39:02.338]   Found strategies: WPFSpy
[15:39:02.338]   Added Name mapping: /Window[@AutomationId='OrdersWindow']/Grid/ComboBox[@AutomationId='cmbSku'] -> OrdersPage.OrdersWindow.cmbSku
[15:39:02.338] Processing alias=OrdersPage.OrdersWindow.txtQty, entry keys=displayName,controlType,parentAlias,defaultTimeout,tags,strategies
[15:39:02.338]   Found strategies: WPFSpy
[15:39:02.339]   Added Name mapping: /Window[@AutomationId='OrdersWindow']/Grid/TextBox[@AutomationId='txtQty'] -> OrdersPage.OrdersWindow.txtQty
[15:39:02.339] Processing alias=OrdersPage.OrdersWindow.chkPriority, entry keys=displayName,controlType,parentAlias,defaultTimeout,tags,strategies
[15:39:02.339]   Found strategies: WPFSpy
[15:39:02.339]   Added Name mapping: /Window[@AutomationId='OrdersWindow']/Grid/StackPanel/PriorityToggleControl[@Name='chkPriority'] -> OrdersPage.OrdersWindow.chkPriority
[15:39:02.339] Processing alias=OrdersPage.OrdersWindow.btnCreateOrder, entry keys=displayName,controlType,parentAlias,defaultTimeout,tags,strategies
[15:39:02.339]   Found strategies: WPFSpy
[15:39:02.340]   Added Name mapping: /Window[@AutomationId='OrdersWindow']/Grid/StackPanel/Button[@AutomationId='btnCreateOrder'] -> OrdersPage.OrdersWindow.btnCreateOrder
[15:39:02.340] Processing alias=OrdersPage.OrdersWindow.btnLogout, entry keys=displayName,controlType,parentAlias,defaultTimeout,tags,strategies
[15:39:02.340]   Found strategies: WPFSpy
[15:39:02.340]   Added Name mapping: /Window[@AutomationId='OrdersWindow']/Grid/StackPanel/Button[@AutomationId='btnLogout'] -> OrdersPage.OrdersWindow.btnLogout
[15:39:02.340] Processing alias=OrdersPage.OrdersWindow.lblConfirmation, entry keys=displayName,controlType,parentAlias,defaultTimeout,tags,strategies
[15:39:02.340]   Found strategies: WPFSpy
[15:39:02.341]   Added Name mapping: /Window[@AutomationId='OrdersWindow']/Grid/StackPanel/Label[@Name='lblConfirmation'] -> OrdersPage.OrdersWindow.lblConfirmation
[15:39:02.341] Processing alias=OrdersPage.OrdersWindow.gridOrders, entry keys=displayName,controlType,parentAlias,defaultTimeout,tags,strategies
[15:39:02.341]   Found strategies: WPFSpy
[15:39:02.341]   Added Name mapping: /Window[@AutomationId='OrdersWindow']/Grid/DataGrid[@AutomationId='gridOrders'] -> OrdersPage.OrdersWindow.gridOrders
[15:39:02.341] Loaded 0 AutomationId mappings, 11 Name mappings
[15:39:15.430] ResolveAlias(automationId=txtUsername, name=txtUsername)
[15:39:15.430]   -> NO MATCH
[15:39:21.838] ResolveAlias(automationId=btnSubmit, name=btnSubmit)
[15:39:21.838]   -> NO MATCH
[15:39:31.403] ResolveAlias(automationId=btnSubmit, name=btnSubmit)
[15:39:31.404]   -> NO MATCH
[15:39:34.256] ResolveAlias(automationId=, name=templateRoot)
[15:39:34.257]   -> NO MATCH
[15:39:36.612] ResolveAlias(automationId=txtQty, name=txtQty)
[15:39:36.613]   -> NO MATCH
[15:39:37.159] ResolveAlias(automationId=txtQty, name=txtQty)
[15:39:37.160]   -> NO MATCH
[15:39:40.117] ResolveAlias(automationId=txtQty, name=txtQty)
[15:39:40.118]   -> NO MATCH
[15:39:40.125] ResolveAlias(automationId=, name=chkPriority)
[15:39:40.125]   -> NO MATCH
[15:39:41.852] ResolveAlias(automationId=btnCreateOrder, name=btnCreateOrder)
[15:39:41.852]   -> NO MATCH
[15:39:44.196] ResolveAlias(automationId=btnLogout, name=btnLogout)
[15:39:44.196]   -> NO MATCH
[15:43:20.663] EnsureLoaded: frameworkRoot=D:\testpgms\WPFTestAutoClaudeNew\WpfTestFramework, repoDir=D:\testpgms\WPFTestAutoClaudeNew\WpfTestFramework\repository\elements, exists=True
[15:43:20.716] Loaded YAML: D:\testpgms\WPFTestAutoClaudeNew\WpfTestFramework\repository\elements\login_page.yaml, keys: elements
[15:43:20.717] elements count: 4
[15:43:20.717] Processing alias=LoginPage.MainWindow.txtUsername, entry keys=displayName,controlType,parentAlias,defaultTimeout,tags,strategies
[15:43:20.717]   Found strategies: WPFSpy
[15:43:20.717]   Added Name mapping: /Window[@AutomationId='MainWindow']/Grid/TextBox[@AutomationId='txtUsername'] -> LoginPage.MainWindow.txtUsername
[15:43:20.717] Processing alias=LoginPage.MainWindow.txtPassword, entry keys=displayName,controlType,parentAlias,defaultTimeout,tags,strategies
[15:43:20.717]   Found strategies: WPFSpy
[15:43:20.718]   Added Name mapping: /Window[@AutomationId='MainWindow']/Grid/PasswordBox[@AutomationId='txtPassword'] -> LoginPage.MainWindow.txtPassword
[15:43:20.718] Processing alias=LoginPage.MainWindow.btnSubmit, entry keys=displayName,controlType,parentAlias,defaultTimeout,tags,strategies
[15:43:20.718]   Found strategies: WPFSpy
[15:43:20.718]   Added Name mapping: /Window[@AutomationId='MainWindow']/Grid/StackPanel/Button[@AutomationId='btnSubmit'] -> LoginPage.MainWindow.btnSubmit
[15:43:20.719] Processing alias=LoginPage.MainWindow.lblError, entry keys=displayName,controlType,parentAlias,defaultTimeout,tags,strategies
[15:43:20.719]   Found strategies: WPFSpy
[15:43:20.719]   Added Name mapping: /Window[@AutomationId='MainWindow']/Grid/StackPanel/Label[@Name='lblError'] -> LoginPage.MainWindow.lblError
[15:43:20.722] Loaded YAML: D:\testpgms\WPFTestAutoClaudeNew\WpfTestFramework\repository\elements\orders_page.yaml, keys: elements
[15:43:20.722] elements count: 7
[15:43:20.722] Processing alias=OrdersPage.OrdersWindow.cmbSku, entry keys=displayName,controlType,parentAlias,defaultTimeout,tags,strategies
[15:43:20.722]   Found strategies: WPFSpy
[15:43:20.723]   Added Name mapping: /Window[@AutomationId='OrdersWindow']/Grid/ComboBox[@AutomationId='cmbSku'] -> OrdersPage.OrdersWindow.cmbSku
[15:43:20.723] Processing alias=OrdersPage.OrdersWindow.txtQty, entry keys=displayName,controlType,parentAlias,defaultTimeout,tags,strategies
[15:43:20.723]   Found strategies: WPFSpy
[15:43:20.723]   Added Name mapping: /Window[@AutomationId='OrdersWindow']/Grid/TextBox[@AutomationId='txtQty'] -> OrdersPage.OrdersWindow.txtQty
[15:43:20.724] Processing alias=OrdersPage.OrdersWindow.chkPriority, entry keys=displayName,controlType,parentAlias,defaultTimeout,tags,strategies
[15:43:20.724]   Found strategies: WPFSpy
[15:43:20.724]   Added Name mapping: /Window[@AutomationId='OrdersWindow']/Grid/StackPanel/PriorityToggleControl[@Name='chkPriority'] -> OrdersPage.OrdersWindow.chkPriority
[15:43:20.724] Processing alias=OrdersPage.OrdersWindow.btnCreateOrder, entry keys=displayName,controlType,parentAlias,defaultTimeout,tags,strategies
[15:43:20.724]   Found strategies: WPFSpy
[15:43:20.725]   Added Name mapping: /Window[@AutomationId='OrdersWindow']/Grid/StackPanel/Button[@AutomationId='btnCreateOrder'] -> OrdersPage.OrdersWindow.btnCreateOrder
[15:43:20.725] Processing alias=OrdersPage.OrdersWindow.btnLogout, entry keys=displayName,controlType,parentAlias,defaultTimeout,tags,strategies
[15:43:20.725]   Found strategies: WPFSpy
[15:43:20.725]   Added Name mapping: /Window[@AutomationId='OrdersWindow']/Grid/StackPanel/Button[@AutomationId='btnLogout'] -> OrdersPage.OrdersWindow.btnLogout
[15:43:20.726] Processing alias=OrdersPage.OrdersWindow.lblConfirmation, entry keys=displayName,controlType,parentAlias,defaultTimeout,tags,strategies
[15:43:20.726]   Found strategies: WPFSpy
[15:43:20.726]   Added Name mapping: /Window[@AutomationId='OrdersWindow']/Grid/StackPanel/Label[@Name='lblConfirmation'] -> OrdersPage.OrdersWindow.lblConfirmation
[15:43:20.726] Processing alias=OrdersPage.OrdersWindow.gridOrders, entry keys=displayName,controlType,parentAlias,defaultTimeout,tags,strategies
[15:43:20.726]   Found strategies: WPFSpy
[15:43:20.727]   Added Name mapping: /Window[@AutomationId='OrdersWindow']/Grid/DataGrid[@AutomationId='gridOrders'] -> OrdersPage.OrdersWindow.gridOrders
[15:43:20.727] Loaded 0 AutomationId mappings, 11 Name mappings
[15:43:27.781] ResolveAlias(automationId=txtUsername, name=txtUsername)
[15:43:27.782]   -> NO MATCH
[15:43:28.485] ResolveAlias(automationId=btnSubmit, name=btnSubmit)
[15:43:28.485]   -> NO MATCH
[16:14:21.028] EnsureLoaded: frameworkRoot=D:\testpgms\WPFTestAutoClaudeNew\WpfTestFramework, repoDir=D:\testpgms\WPFTestAutoClaudeNew\WpfTestFramework\repository\elements, exists=True
[16:14:21.077] Loaded YAML: D:\testpgms\WPFTestAutoClaudeNew\WpfTestFramework\repository\elements\login_page.yaml, keys: elements
[16:14:21.078] elements count: 4
[16:14:21.078] Processing alias=LoginPage.MainWindow.txtUsername, entry keys=displayName,controlType,parentAlias,defaultTimeout,tags,strategies
[16:14:21.079]   Found strategies: WPFSpy
[16:14:21.079]   Added Name mapping: /Window[@AutomationId='MainWindow']/Grid/TextBox[@AutomationId='txtUsername'] -> LoginPage.MainWindow.txtUsername
[16:14:21.079] Processing alias=LoginPage.MainWindow.txtPassword, entry keys=displayName,controlType,parentAlias,defaultTimeout,tags,strategies
[16:14:21.079]   Found strategies: WPFSpy
[16:14:21.080]   Added Name mapping: /Window[@AutomationId='MainWindow']/Grid/PasswordBox[@AutomationId='txtPassword'] -> LoginPage.MainWindow.txtPassword
[16:14:21.080] Processing alias=LoginPage.MainWindow.btnSubmit, entry keys=displayName,controlType,parentAlias,defaultTimeout,tags,strategies
[16:14:21.080]   Found strategies: WPFSpy
[16:14:21.080]   Added Name mapping: /Window[@AutomationId='MainWindow']/Grid/StackPanel/Button[@AutomationId='btnSubmit'] -> LoginPage.MainWindow.btnSubmit
[16:14:21.080] Processing alias=LoginPage.MainWindow.lblError, entry keys=displayName,controlType,parentAlias,defaultTimeout,tags,strategies
[16:14:21.080]   Found strategies: WPFSpy
[16:14:21.080]   Added Name mapping: /Window[@AutomationId='MainWindow']/Grid/StackPanel/Label[@Name='lblError'] -> LoginPage.MainWindow.lblError
[16:14:21.082] Loaded YAML: D:\testpgms\WPFTestAutoClaudeNew\WpfTestFramework\repository\elements\orders_page.yaml, keys: elements
[16:14:21.082] elements count: 7
[16:14:21.082] Processing alias=OrdersPage.OrdersWindow.cmbSku, entry keys=displayName,controlType,parentAlias,defaultTimeout,tags,strategies
[16:14:21.082]   Found strategies: WPFSpy
[16:14:21.082]   Added Name mapping: /Window[@AutomationId='OrdersWindow']/Grid/ComboBox[@AutomationId='cmbSku'] -> OrdersPage.OrdersWindow.cmbSku
[16:14:21.083] Processing alias=OrdersPage.OrdersWindow.txtQty, entry keys=displayName,controlType,parentAlias,defaultTimeout,tags,strategies
[16:14:21.083]   Found strategies: WPFSpy
[16:14:21.083]   Added Name mapping: /Window[@AutomationId='OrdersWindow']/Grid/TextBox[@AutomationId='txtQty'] -> OrdersPage.OrdersWindow.txtQty
[16:14:21.083] Processing alias=OrdersPage.OrdersWindow.chkPriority, entry keys=displayName,controlType,parentAlias,defaultTimeout,tags,strategies
[16:14:21.083]   Found strategies: WPFSpy
[16:14:21.083]   Added Name mapping: /Window[@AutomationId='OrdersWindow']/Grid/StackPanel/PriorityToggleControl[@Name='chkPriority'] -> OrdersPage.OrdersWindow.chkPriority
[16:14:21.084] Processing alias=OrdersPage.OrdersWindow.btnCreateOrder, entry keys=displayName,controlType,parentAlias,defaultTimeout,tags,strategies
[16:14:21.084]   Found strategies: WPFSpy
[16:14:21.084]   Added Name mapping: /Window[@AutomationId='OrdersWindow']/Grid/StackPanel/Button[@AutomationId='btnCreateOrder'] -> OrdersPage.OrdersWindow.btnCreateOrder
[16:14:21.084] Processing alias=OrdersPage.OrdersWindow.btnLogout, entry keys=displayName,controlType,parentAlias,defaultTimeout,tags,strategies
[16:14:21.084]   Found strategies: WPFSpy
[16:14:21.084]   Added Name mapping: /Window[@AutomationId='OrdersWindow']/Grid/StackPanel/Button[@AutomationId='btnLogout'] -> OrdersPage.OrdersWindow.btnLogout
[16:14:21.084] Processing alias=OrdersPage.OrdersWindow.lblConfirmation, entry keys=displayName,controlType,parentAlias,defaultTimeout,tags,strategies
[16:14:21.085]   Found strategies: WPFSpy
[16:14:21.085]   Added Name mapping: /Window[@AutomationId='OrdersWindow']/Grid/StackPanel/Label[@Name='lblConfirmation'] -> OrdersPage.OrdersWindow.lblConfirmation
[16:14:21.085] Processing alias=OrdersPage.OrdersWindow.gridOrders, entry keys=displayName,controlType,parentAlias,defaultTimeout,tags,strategies
[16:14:21.085]   Found strategies: WPFSpy
[16:14:21.085]   Added Name mapping: /Window[@AutomationId='OrdersWindow']/Grid/DataGrid[@AutomationId='gridOrders'] -> OrdersPage.OrdersWindow.gridOrders
[16:14:21.085] Loaded 0 AutomationId mappings, 11 Name mappings
[16:14:38.109] ResolveAlias(automationId=txtUsername, name=txtUsername)
[16:14:38.110]   -> NO MATCH
[16:14:46.757] ResolveAlias(automationId=btnSubmit, name=btnSubmit)
[16:14:46.757]   -> NO MATCH
[16:14:49.922] ResolveAlias(automationId=, name=splitBorder)
[16:14:49.922]   -> NO MATCH
[16:14:54.518] ResolveAlias(automationId=txtQty, name=txtQty)
[16:14:54.518]   -> NO MATCH
[16:14:54.527] ResolveAlias(automationId=, name=chkPriority)
[16:14:54.527]   -> NO MATCH
[16:14:55.226] ResolveAlias(automationId=btnCreateOrder, name=btnCreateOrder)
[16:14:55.226]   -> NO MATCH
[16:25:31.599] EnsureLoaded: frameworkRoot=D:\testpgms\WPFTestAutoClaudeNew\WpfTestFramework, repoDir=D:\testpgms\WPFTestAutoClaudeNew\WpfTestFramework\repository\elements, exists=True
[16:25:31.658] Loaded YAML: D:\testpgms\WPFTestAutoClaudeNew\WpfTestFramework\repository\elements\login_page.yaml, keys: elements
[16:25:31.659] elements count: 4
[16:25:31.660] Processing alias=LoginPage.MainWindow.txtUsername, entry keys=displayName,controlType,parentAlias,defaultTimeout,tags,strategies
[16:25:31.660]   Found strategies: WPFSpy
[16:25:31.660]   Added Name mapping: /Window[@AutomationId='MainWindow']/Grid/TextBox[@AutomationId='txtUsername'] -> LoginPage.MainWindow.txtUsername
[16:25:31.660] Processing alias=LoginPage.MainWindow.txtPassword, entry keys=displayName,controlType,parentAlias,defaultTimeout,tags,strategies
[16:25:31.660]   Found strategies: WPFSpy
[16:25:31.661]   Added Name mapping: /Window[@AutomationId='MainWindow']/Grid/PasswordBox[@AutomationId='txtPassword'] -> LoginPage.MainWindow.txtPassword
[16:25:31.661] Processing alias=LoginPage.MainWindow.btnSubmit, entry keys=displayName,controlType,parentAlias,defaultTimeout,tags,strategies
[16:25:31.661]   Found strategies: WPFSpy
[16:25:31.661]   Added Name mapping: /Window[@AutomationId='MainWindow']/Grid/StackPanel/Button[@AutomationId='btnSubmit'] -> LoginPage.MainWindow.btnSubmit
[16:25:31.661] Processing alias=LoginPage.MainWindow.lblError, entry keys=displayName,controlType,parentAlias,defaultTimeout,tags,strategies
[16:25:31.661]   Found strategies: WPFSpy
[16:25:31.661]   Added Name mapping: /Window[@AutomationId='MainWindow']/Grid/StackPanel/Label[@Name='lblError'] -> LoginPage.MainWindow.lblError
[16:25:31.662] Loaded YAML: D:\testpgms\WPFTestAutoClaudeNew\WpfTestFramework\repository\elements\orders_page.yaml, keys: elements
[16:25:31.663] elements count: 7
[16:25:31.663] Processing alias=OrdersPage.OrdersWindow.cmbSku, entry keys=displayName,controlType,parentAlias,defaultTimeout,tags,strategies
[16:25:31.663]   Found strategies: WPFSpy
[16:25:31.663]   Added Name mapping: /Window[@AutomationId='OrdersWindow']/Grid/ComboBox[@AutomationId='cmbSku'] -> OrdersPage.OrdersWindow.cmbSku
[16:25:31.663] Processing alias=OrdersPage.OrdersWindow.txtQty, entry keys=displayName,controlType,parentAlias,defaultTimeout,tags,strategies
[16:25:31.663]   Found strategies: WPFSpy
[16:25:31.663]   Added Name mapping: /Window[@AutomationId='OrdersWindow']/Grid/TextBox[@AutomationId='txtQty'] -> OrdersPage.OrdersWindow.txtQty
[16:25:31.663] Processing alias=OrdersPage.OrdersWindow.chkPriority, entry keys=displayName,controlType,parentAlias,defaultTimeout,tags,strategies
[16:25:31.664]   Found strategies: WPFSpy
[16:25:31.664]   Added Name mapping: /Window[@AutomationId='OrdersWindow']/Grid/StackPanel/PriorityToggleControl[@Name='chkPriority'] -> OrdersPage.OrdersWindow.chkPriority
[16:25:31.664] Processing alias=OrdersPage.OrdersWindow.btnCreateOrder, entry keys=displayName,controlType,parentAlias,defaultTimeout,tags,strategies
[16:25:31.664]   Found strategies: WPFSpy
[16:25:31.664]   Added Name mapping: /Window[@AutomationId='OrdersWindow']/Grid/StackPanel/Button[@AutomationId='btnCreateOrder'] -> OrdersPage.OrdersWindow.btnCreateOrder
[16:25:31.664] Processing alias=OrdersPage.OrdersWindow.btnLogout, entry keys=displayName,controlType,parentAlias,defaultTimeout,tags,strategies
[16:25:31.664]   Found strategies: WPFSpy
[16:25:31.664]   Added Name mapping: /Window[@AutomationId='OrdersWindow']/Grid/StackPanel/Button[@AutomationId='btnLogout'] -> OrdersPage.OrdersWindow.btnLogout
[16:25:31.665] Processing alias=OrdersPage.OrdersWindow.lblConfirmation, entry keys=displayName,controlType,parentAlias,defaultTimeout,tags,strategies
[16:25:31.665]   Found strategies: WPFSpy
[16:25:31.665]   Added Name mapping: /Window[@AutomationId='OrdersWindow']/Grid/StackPanel/Label[@Name='lblConfirmation'] -> OrdersPage.OrdersWindow.lblConfirmation
[16:25:31.665] Processing alias=OrdersPage.OrdersWindow.gridOrders, entry keys=displayName,controlType,parentAlias,defaultTimeout,tags,strategies
[16:25:31.665]   Found strategies: WPFSpy
[16:25:31.665]   Added Name mapping: /Window[@AutomationId='OrdersWindow']/Grid/DataGrid[@AutomationId='gridOrders'] -> OrdersPage.OrdersWindow.gridOrders
[16:25:31.666] Loaded 0 AutomationId mappings, 11 Name mappings
[16:25:39.191] ResolveAlias(automationId=txtUsername, name=txtUsername)
[16:25:39.191]   -> NO MATCH
[16:25:40.619] ResolveAlias(automationId=btnSubmit, name=btnSubmit)
[16:25:40.619]   -> NO MATCH
[16:32:17.836] EnsureLoaded: frameworkRoot=D:\testpgms\WPFTestAutoClaudeNew\WpfTestFramework, repoDir=D:\testpgms\WPFTestAutoClaudeNew\WpfTestFramework\repository\elements, exists=True
[16:32:17.894] Loaded YAML: D:\testpgms\WPFTestAutoClaudeNew\WpfTestFramework\repository\elements\login_page.yaml, keys: elements
[16:32:17.895] elements count: 4
[16:32:17.895] Processing alias=LoginPage.MainWindow.txtUsername, entry keys=displayName,controlType,parentAlias,defaultTimeout,tags,strategies
[16:32:17.896]   Found strategies: WPFSpy
[16:32:17.896]   Added Name mapping: /Window[@AutomationId='MainWindow']/Grid/TextBox[@AutomationId='txtUsername'] -> LoginPage.MainWindow.txtUsername
[16:32:17.896] Processing alias=LoginPage.MainWindow.txtPassword, entry keys=displayName,controlType,parentAlias,defaultTimeout,tags,strategies
[16:32:17.897]   Found strategies: WPFSpy
[16:32:17.897]   Added Name mapping: /Window[@AutomationId='MainWindow']/Grid/PasswordBox[@AutomationId='txtPassword'] -> LoginPage.MainWindow.txtPassword
[16:32:17.897] Processing alias=LoginPage.MainWindow.btnSubmit, entry keys=displayName,controlType,parentAlias,defaultTimeout,tags,strategies
[16:32:17.897]   Found strategies: WPFSpy
[16:32:17.897]   Added Name mapping: /Window[@AutomationId='MainWindow']/Grid/StackPanel/Button[@AutomationId='btnSubmit'] -> LoginPage.MainWindow.btnSubmit
[16:32:17.898] Processing alias=LoginPage.MainWindow.lblError, entry keys=displayName,controlType,parentAlias,defaultTimeout,tags,strategies
[16:32:17.898]   Found strategies: WPFSpy
[16:32:17.898]   Added Name mapping: /Window[@AutomationId='MainWindow']/Grid/StackPanel/Label[@Name='lblError'] -> LoginPage.MainWindow.lblError
[16:32:17.901] Loaded YAML: D:\testpgms\WPFTestAutoClaudeNew\WpfTestFramework\repository\elements\orders_page.yaml, keys: elements
[16:32:17.901] elements count: 7
[16:32:17.901] Processing alias=OrdersPage.OrdersWindow.cmbSku, entry keys=displayName,controlType,parentAlias,defaultTimeout,tags,strategies
[16:32:17.901]   Found strategies: WPFSpy
[16:32:17.902]   Added Name mapping: /Window[@AutomationId='OrdersWindow']/Grid/ComboBox[@AutomationId='cmbSku'] -> OrdersPage.OrdersWindow.cmbSku
[16:32:17.902] Processing alias=OrdersPage.OrdersWindow.txtQty, entry keys=displayName,controlType,parentAlias,defaultTimeout,tags,strategies
[16:32:17.902]   Found strategies: WPFSpy
[16:32:17.902]   Added Name mapping: /Window[@AutomationId='OrdersWindow']/Grid/TextBox[@AutomationId='txtQty'] -> OrdersPage.OrdersWindow.txtQty
[16:32:17.902] Processing alias=OrdersPage.OrdersWindow.chkPriority, entry keys=displayName,controlType,parentAlias,defaultTimeout,tags,strategies
[16:32:17.903]   Found strategies: WPFSpy
[16:32:17.903]   Added Name mapping: /Window[@AutomationId='OrdersWindow']/Grid/StackPanel/PriorityToggleControl[@Name='chkPriority'] -> OrdersPage.OrdersWindow.chkPriority
[16:32:17.903] Processing alias=OrdersPage.OrdersWindow.btnCreateOrder, entry keys=displayName,controlType,parentAlias,defaultTimeout,tags,strategies
[16:32:17.903]   Found strategies: WPFSpy
[16:32:17.903]   Added Name mapping: /Window[@AutomationId='OrdersWindow']/Grid/StackPanel/Button[@AutomationId='btnCreateOrder'] -> OrdersPage.OrdersWindow.btnCreateOrder
[16:32:17.903] Processing alias=OrdersPage.OrdersWindow.btnLogout, entry keys=displayName,controlType,parentAlias,defaultTimeout,tags,strategies
[16:32:17.903]   Found strategies: WPFSpy
[16:32:17.904]   Added Name mapping: /Window[@AutomationId='OrdersWindow']/Grid/StackPanel/Button[@AutomationId='btnLogout'] -> OrdersPage.OrdersWindow.btnLogout
[16:32:17.904] Processing alias=OrdersPage.OrdersWindow.lblConfirmation, entry keys=displayName,controlType,parentAlias,defaultTimeout,tags,strategies
[16:32:17.904]   Found strategies: WPFSpy
[16:32:17.904]   Added Name mapping: /Window[@AutomationId='OrdersWindow']/Grid/StackPanel/Label[@Name='lblConfirmation'] -> OrdersPage.OrdersWindow.lblConfirmation
[16:32:17.904] Processing alias=OrdersPage.OrdersWindow.gridOrders, entry keys=displayName,controlType,parentAlias,defaultTimeout,tags,strategies
[16:32:17.904]   Found strategies: WPFSpy
[16:32:17.904]   Added Name mapping: /Window[@AutomationId='OrdersWindow']/Grid/DataGrid[@AutomationId='gridOrders'] -> OrdersPage.OrdersWindow.gridOrders
[16:32:17.905] Loaded 0 AutomationId mappings, 11 Name mappings
[16:32:28.241] ResolveAlias(automationId=txtUsername, name=txtUsername)
[16:32:28.242]   -> NO MATCH
[16:32:30.604] ResolveAlias(automationId=btnSubmit, name=btnSubmit)
[16:32:30.605]   -> NO MATCH
[16:35:42.145] EnsureLoaded: frameworkRoot=D:\testpgms\WPFTestAutoClaudeNew\WpfTestFramework, repoDir=D:\testpgms\WPFTestAutoClaudeNew\WpfTestFramework\repository\elements, exists=True
[16:35:42.204] Loaded YAML: D:\testpgms\WPFTestAutoClaudeNew\WpfTestFramework\repository\elements\login_page.yaml, keys: elements
[16:35:42.206] elements count: 4
[16:35:42.207] Processing alias=LoginPage.MainWindow.txtUsername, entry keys=displayName,controlType,parentAlias,defaultTimeout,tags,strategies
[16:35:42.207]   Found strategies: WPFSpy
[16:35:42.208]   Added Name mapping: /Window[@AutomationId='MainWindow']/Grid/TextBox[@AutomationId='txtUsername'] -> LoginPage.MainWindow.txtUsername
[16:35:42.208] Processing alias=LoginPage.MainWindow.txtPassword, entry keys=displayName,controlType,parentAlias,defaultTimeout,tags,strategies
[16:35:42.208]   Found strategies: WPFSpy
[16:35:42.208]   Added Name mapping: /Window[@AutomationId='MainWindow']/Grid/PasswordBox[@AutomationId='txtPassword'] -> LoginPage.MainWindow.txtPassword
[16:35:42.208] Processing alias=LoginPage.MainWindow.btnSubmit, entry keys=displayName,controlType,parentAlias,defaultTimeout,tags,strategies
[16:35:42.208]   Found strategies: WPFSpy
[16:35:42.209]   Added Name mapping: /Window[@AutomationId='MainWindow']/Grid/StackPanel/Button[@AutomationId='btnSubmit'] -> LoginPage.MainWindow.btnSubmit
[16:35:42.209] Processing alias=LoginPage.MainWindow.lblError, entry keys=displayName,controlType,parentAlias,defaultTimeout,tags,strategies
[16:35:42.209]   Found strategies: WPFSpy
[16:35:42.209]   Added Name mapping: /Window[@AutomationId='MainWindow']/Grid/StackPanel/Label[@Name='lblError'] -> LoginPage.MainWindow.lblError
[16:35:42.211] Loaded YAML: D:\testpgms\WPFTestAutoClaudeNew\WpfTestFramework\repository\elements\orders_page.yaml, keys: elements
[16:35:42.212] elements count: 7
[16:35:42.212] Processing alias=OrdersPage.OrdersWindow.cmbSku, entry keys=displayName,controlType,parentAlias,defaultTimeout,tags,strategies
[16:35:42.212]   Found strategies: WPFSpy
[16:35:42.212]   Added Name mapping: /Window[@AutomationId='OrdersWindow']/Grid/ComboBox[@AutomationId='cmbSku'] -> OrdersPage.OrdersWindow.cmbSku
[16:35:42.212] Processing alias=OrdersPage.OrdersWindow.txtQty, entry keys=displayName,controlType,parentAlias,defaultTimeout,tags,strategies
[16:35:42.212]   Found strategies: WPFSpy
[16:35:42.212]   Added Name mapping: /Window[@AutomationId='OrdersWindow']/Grid/TextBox[@AutomationId='txtQty'] -> OrdersPage.OrdersWindow.txtQty
[16:35:42.213] Processing alias=OrdersPage.OrdersWindow.chkPriority, entry keys=displayName,controlType,parentAlias,defaultTimeout,tags,strategies
[16:35:42.213]   Found strategies: WPFSpy
[16:35:42.213]   Added Name mapping: /Window[@AutomationId='OrdersWindow']/Grid/StackPanel/PriorityToggleControl[@Name='chkPriority'] -> OrdersPage.OrdersWindow.chkPriority
[16:35:42.213] Processing alias=OrdersPage.OrdersWindow.btnCreateOrder, entry keys=displayName,controlType,parentAlias,defaultTimeout,tags,strategies
[16:35:42.214]   Found strategies: WPFSpy
[16:35:42.214]   Added Name mapping: /Window[@AutomationId='OrdersWindow']/Grid/StackPanel/Button[@AutomationId='btnCreateOrder'] -> OrdersPage.OrdersWindow.btnCreateOrder
[16:35:42.214] Processing alias=OrdersPage.OrdersWindow.btnLogout, entry keys=displayName,controlType,parentAlias,defaultTimeout,tags,strategies
[16:35:42.214]   Found strategies: WPFSpy
[16:35:42.214]   Added Name mapping: /Window[@AutomationId='OrdersWindow']/Grid/StackPanel/Button[@AutomationId='btnLogout'] -> OrdersPage.OrdersWindow.btnLogout
[16:35:42.214] Processing alias=OrdersPage.OrdersWindow.lblConfirmation, entry keys=displayName,controlType,parentAlias,defaultTimeout,tags,strategies
[16:35:42.215]   Found strategies: WPFSpy
[16:35:42.215]   Added Name mapping: /Window[@AutomationId='OrdersWindow']/Grid/StackPanel/Label[@Name='lblConfirmation'] -> OrdersPage.OrdersWindow.lblConfirmation
[16:35:42.215] Processing alias=OrdersPage.OrdersWindow.gridOrders, entry keys=displayName,controlType,parentAlias,defaultTimeout,tags,strategies
[16:35:42.215]   Found strategies: WPFSpy
[16:35:42.215]   Added Name mapping: /Window[@AutomationId='OrdersWindow']/Grid/DataGrid[@AutomationId='gridOrders'] -> OrdersPage.OrdersWindow.gridOrders
[16:35:42.215] Loaded 0 AutomationId mappings, 11 Name mappings
[16:35:46.033] ResolveAlias(automationId=txtUsername, name=txtUsername)
[16:35:46.033]   -> NO MATCH
[16:35:46.815] ResolveAlias(automationId=btnSubmit, name=btnSubmit)
[16:35:46.815]   -> NO MATCH
[17:11:43.820] EnsureLoaded: frameworkRoot=D:\testpgms\WPFTestAutoClaudeNew\WpfTestFramework, repoDir=D:\testpgms\WPFTestAutoClaudeNew\WpfTestFramework\repository\elements, exists=True
[17:11:43.889] Loaded YAML: D:\testpgms\WPFTestAutoClaudeNew\WpfTestFramework\repository\elements\login_page.yaml, keys: elements
[17:11:43.890] elements count: 4
[17:11:43.890] Processing alias=LoginPage.MainWindow.txtUsername, entry keys=displayName,controlType,parentAlias,defaultTimeout,tags,strategies
[17:11:43.891]   Found strategies: WPFSpy
[17:11:43.891]   Added Name mapping: /Window[@AutomationId='MainWindow']/Grid/TextBox[@AutomationId='txtUsername'] -> LoginPage.MainWindow.txtUsername
[17:11:43.891] Processing alias=LoginPage.MainWindow.txtPassword, entry keys=displayName,controlType,parentAlias,defaultTimeout,tags,strategies
[17:11:43.891]   Found strategies: WPFSpy
[17:11:43.891]   Added Name mapping: /Window[@AutomationId='MainWindow']/Grid/PasswordBox[@AutomationId='txtPassword'] -> LoginPage.MainWindow.txtPassword
[17:11:43.891] Processing alias=LoginPage.MainWindow.btnSubmit, entry keys=displayName,controlType,parentAlias,defaultTimeout,tags,strategies
[17:11:43.892]   Found strategies: WPFSpy
[17:11:43.892]   Added Name mapping: /Window[@AutomationId='MainWindow']/Grid/StackPanel/Button[@AutomationId='btnSubmit'] -> LoginPage.MainWindow.btnSubmit
[17:11:43.892] Processing alias=LoginPage.MainWindow.lblError, entry keys=displayName,controlType,parentAlias,defaultTimeout,tags,strategies
[17:11:43.892]   Found strategies: WPFSpy
[17:11:43.892]   Added Name mapping: /Window[@AutomationId='MainWindow']/Grid/StackPanel/Label[@Name='lblError'] -> LoginPage.MainWindow.lblError
[17:11:43.895] Loaded YAML: D:\testpgms\WPFTestAutoClaudeNew\WpfTestFramework\repository\elements\orders_page.yaml, keys: elements
[17:11:43.895] elements count: 7
[17:11:43.896] Processing alias=OrdersPage.OrdersWindow.cmbSku, entry keys=displayName,controlType,parentAlias,defaultTimeout,tags,strategies
[17:11:43.896]   Found strategies: WPFSpy
[17:11:43.896]   Added Name mapping: /Window[@AutomationId='OrdersWindow']/Grid/ComboBox[@AutomationId='cmbSku'] -> OrdersPage.OrdersWindow.cmbSku
[17:11:43.896] Processing alias=OrdersPage.OrdersWindow.txtQty, entry keys=displayName,controlType,parentAlias,defaultTimeout,tags,strategies
[17:11:43.896]   Found strategies: WPFSpy
[17:11:43.896]   Added Name mapping: /Window[@AutomationId='OrdersWindow']/Grid/TextBox[@AutomationId='txtQty'] -> OrdersPage.OrdersWindow.txtQty
[17:11:43.896] Processing alias=OrdersPage.OrdersWindow.chkPriority, entry keys=displayName,controlType,parentAlias,defaultTimeout,tags,strategies
[17:11:43.896]   Found strategies: WPFSpy
[17:11:43.897]   Added Name mapping: /Window[@AutomationId='OrdersWindow']/Grid/StackPanel/PriorityToggleControl[@Name='chkPriority'] -> OrdersPage.OrdersWindow.chkPriority
[17:11:43.897] Processing alias=OrdersPage.OrdersWindow.btnCreateOrder, entry keys=displayName,controlType,parentAlias,defaultTimeout,tags,strategies
[17:11:43.897]   Found strategies: WPFSpy
[17:11:43.897]   Added Name mapping: /Window[@AutomationId='OrdersWindow']/Grid/StackPanel/Button[@AutomationId='btnCreateOrder'] -> OrdersPage.OrdersWindow.btnCreateOrder
[17:11:43.897] Processing alias=OrdersPage.OrdersWindow.btnLogout, entry keys=displayName,controlType,parentAlias,defaultTimeout,tags,strategies
[17:11:43.897]   Found strategies: WPFSpy
[17:11:43.897]   Added Name mapping: /Window[@AutomationId='OrdersWindow']/Grid/StackPanel/Button[@AutomationId='btnLogout'] -> OrdersPage.OrdersWindow.btnLogout
[17:11:43.897] Processing alias=OrdersPage.OrdersWindow.lblConfirmation, entry keys=displayName,controlType,parentAlias,defaultTimeout,tags,strategies
[17:11:43.898]   Found strategies: WPFSpy
[17:11:43.898]   Added Name mapping: /Window[@AutomationId='OrdersWindow']/Grid/StackPanel/Label[@Name='lblConfirmation'] -> OrdersPage.OrdersWindow.lblConfirmation
[17:11:43.898] Processing alias=OrdersPage.OrdersWindow.gridOrders, entry keys=displayName,controlType,parentAlias,defaultTimeout,tags,strategies
[17:11:43.898]   Found strategies: WPFSpy
[17:11:43.898]   Added Name mapping: /Window[@AutomationId='OrdersWindow']/Grid/DataGrid[@AutomationId='gridOrders'] -> OrdersPage.OrdersWindow.gridOrders
[17:11:43.898] Loaded 0 AutomationId mappings, 11 Name mappings
[17:11:48.726] ResolveAlias(automationId=txtUsername, name=txtUsername)
[17:11:48.726]   -> NO MATCH
[17:11:50.059] ResolveAlias(automationId=btnSubmit, name=btnSubmit)
[17:11:50.060]   -> NO MATCH
[17:13:32.403] EnsureLoaded: frameworkRoot=D:\testpgms\WPFTestAutoClaudeNew\WpfTestFramework, repoDir=D:\testpgms\WPFTestAutoClaudeNew\WpfTestFramework\repository\elements, exists=True
[17:13:32.477] Loaded YAML: D:\testpgms\WPFTestAutoClaudeNew\WpfTestFramework\repository\elements\login_page.yaml, keys: elements
[17:13:32.479] elements count: 4
[17:13:32.480] Processing alias=LoginPage.MainWindow.txtUsername, entry keys=displayName,controlType,parentAlias,defaultTimeout,tags,strategies
[17:13:32.480]   Found strategies: WPFSpy
[17:13:32.480]   Added Name mapping: /Window[@AutomationId='MainWindow']/Grid/TextBox[@AutomationId='txtUsername'] -> LoginPage.MainWindow.txtUsername
[17:13:32.480] Processing alias=LoginPage.MainWindow.txtPassword, entry keys=displayName,controlType,parentAlias,defaultTimeout,tags,strategies
[17:13:32.481]   Found strategies: WPFSpy
[17:13:32.481]   Added Name mapping: /Window[@AutomationId='MainWindow']/Grid/PasswordBox[@AutomationId='txtPassword'] -> LoginPage.MainWindow.txtPassword
[17:13:32.481] Processing alias=LoginPage.MainWindow.btnSubmit, entry keys=displayName,controlType,parentAlias,defaultTimeout,tags,strategies
[17:13:32.481]   Found strategies: WPFSpy
[17:13:32.481]   Added Name mapping: /Window[@AutomationId='MainWindow']/Grid/StackPanel/Button[@AutomationId='btnSubmit'] -> LoginPage.MainWindow.btnSubmit
[17:13:32.481] Processing alias=LoginPage.MainWindow.lblError, entry keys=displayName,controlType,parentAlias,defaultTimeout,tags,strategies
[17:13:32.481]   Found strategies: WPFSpy
[17:13:32.481]   Added Name mapping: /Window[@AutomationId='MainWindow']/Grid/StackPanel/Label[@Name='lblError'] -> LoginPage.MainWindow.lblError
[17:13:32.483] Loaded YAML: D:\testpgms\WPFTestAutoClaudeNew\WpfTestFramework\repository\elements\orders_page.yaml, keys: elements
[17:13:32.484] elements count: 7
[17:13:32.484] Processing alias=OrdersPage.OrdersWindow.cmbSku, entry keys=displayName,controlType,parentAlias,defaultTimeout,tags,strategies
[17:13:32.484]   Found strategies: WPFSpy
[17:13:32.484]   Added Name mapping: /Window[@AutomationId='OrdersWindow']/Grid/ComboBox[@AutomationId='cmbSku'] -> OrdersPage.OrdersWindow.cmbSku
[17:13:32.485] Processing alias=OrdersPage.OrdersWindow.txtQty, entry keys=displayName,controlType,parentAlias,defaultTimeout,tags,strategies
[17:13:32.485]   Found strategies: WPFSpy
[17:13:32.485]   Added Name mapping: /Window[@AutomationId='OrdersWindow']/Grid/TextBox[@AutomationId='txtQty'] -> OrdersPage.OrdersWindow.txtQty
[17:13:32.485] Processing alias=OrdersPage.OrdersWindow.chkPriority, entry keys=displayName,controlType,parentAlias,defaultTimeout,tags,strategies
[17:13:32.485]   Found strategies: WPFSpy
[17:13:32.485]   Added Name mapping: /Window[@AutomationId='OrdersWindow']/Grid/StackPanel/PriorityToggleControl[@Name='chkPriority'] -> OrdersPage.OrdersWindow.chkPriority
[17:13:32.485] Processing alias=OrdersPage.OrdersWindow.btnCreateOrder, entry keys=displayName,controlType,parentAlias,defaultTimeout,tags,strategies
[17:13:32.486]   Found strategies: WPFSpy
[17:13:32.486]   Added Name mapping: /Window[@AutomationId='OrdersWindow']/Grid/StackPanel/Button[@AutomationId='btnCreateOrder'] -> OrdersPage.OrdersWindow.btnCreateOrder
[17:13:32.486] Processing alias=OrdersPage.OrdersWindow.btnLogout, entry keys=displayName,controlType,parentAlias,defaultTimeout,tags,strategies
[17:13:32.486]   Found strategies: WPFSpy
[17:13:32.486]   Added Name mapping: /Window[@AutomationId='OrdersWindow']/Grid/StackPanel/Button[@AutomationId='btnLogout'] -> OrdersPage.OrdersWindow.btnLogout
[17:13:32.486] Processing alias=OrdersPage.OrdersWindow.lblConfirmation, entry keys=displayName,controlType,parentAlias,defaultTimeout,tags,strategies
[17:13:32.487]   Found strategies: WPFSpy
[17:13:32.487]   Added Name mapping: /Window[@AutomationId='OrdersWindow']/Grid/StackPanel/Label[@Name='lblConfirmation'] -> OrdersPage.OrdersWindow.lblConfirmation
[17:13:32.487] Processing alias=OrdersPage.OrdersWindow.gridOrders, entry keys=displayName,controlType,parentAlias,defaultTimeout,tags,strategies
[17:13:32.487]   Found strategies: WPFSpy
[17:13:32.487]   Added Name mapping: /Window[@AutomationId='OrdersWindow']/Grid/DataGrid[@AutomationId='gridOrders'] -> OrdersPage.OrdersWindow.gridOrders
[17:13:32.488] Loaded 0 AutomationId mappings, 11 Name mappings
[17:13:39.782] ResolveAlias(automationId=txtUsername, name=txtUsername)
[17:13:39.783]   -> NO MATCH
[17:13:41.645] ResolveAlias(automationId=btnSubmit, name=btnSubmit)
[17:13:41.646]   -> NO MATCH
[17:21:52.161] EnsureLoaded: frameworkRoot=D:\testpgms\WPFTestAutoClaudeNew\WpfTestFramework, repoDir=D:\testpgms\WPFTestAutoClaudeNew\WpfTestFramework\repository\elements, exists=True
[17:21:52.236] Loaded YAML: D:\testpgms\WPFTestAutoClaudeNew\WpfTestFramework\repository\elements\login_page.yaml, keys: elements
[17:21:52.237] elements count: 4
[17:21:52.237] Processing alias=LoginPage.MainWindow.txtUsername, entry keys=displayName,controlType,parentAlias,defaultTimeout,tags,strategies
[17:21:52.237]   Found strategies: WPFSpy
[17:21:52.237]   Added Name mapping: /Window[@AutomationId='MainWindow']/Grid/TextBox[@AutomationId='txtUsername'] -> LoginPage.MainWindow.txtUsername
[17:21:52.237] Processing alias=LoginPage.MainWindow.txtPassword, entry keys=displayName,controlType,parentAlias,defaultTimeout,tags,strategies
[17:21:52.238]   Found strategies: WPFSpy
[17:21:52.238]   Added Name mapping: /Window[@AutomationId='MainWindow']/Grid/PasswordBox[@AutomationId='txtPassword'] -> LoginPage.MainWindow.txtPassword
[17:21:52.238] Processing alias=LoginPage.MainWindow.btnSubmit, entry keys=displayName,controlType,parentAlias,defaultTimeout,tags,strategies
[17:21:52.238]   Found strategies: WPFSpy
[17:21:52.238]   Added Name mapping: /Window[@AutomationId='MainWindow']/Grid/StackPanel/Button[@AutomationId='btnSubmit'] -> LoginPage.MainWindow.btnSubmit
[17:21:52.238] Processing alias=LoginPage.MainWindow.lblError, entry keys=displayName,controlType,parentAlias,defaultTimeout,tags,strategies
[17:21:52.238]   Found strategies: WPFSpy
[17:21:52.238]   Added Name mapping: /Window[@AutomationId='MainWindow']/Grid/StackPanel/Label[@Name='lblError'] -> LoginPage.MainWindow.lblError
[17:21:52.240] Loaded YAML: D:\testpgms\WPFTestAutoClaudeNew\WpfTestFramework\repository\elements\orders_page.yaml, keys: elements
[17:21:52.240] elements count: 7
[17:21:52.240] Processing alias=OrdersPage.OrdersWindow.cmbSku, entry keys=displayName,controlType,parentAlias,defaultTimeout,tags,strategies
[17:21:52.240]   Found strategies: WPFSpy
[17:21:52.240]   Added Name mapping: /Window[@AutomationId='OrdersWindow']/Grid/ComboBox[@AutomationId='cmbSku'] -> OrdersPage.OrdersWindow.cmbSku
[17:21:52.240] Processing alias=OrdersPage.OrdersWindow.txtQty, entry keys=displayName,controlType,parentAlias,defaultTimeout,tags,strategies
[17:21:52.240]   Found strategies: WPFSpy
[17:21:52.241]   Added Name mapping: /Window[@AutomationId='OrdersWindow']/Grid/TextBox[@AutomationId='txtQty'] -> OrdersPage.OrdersWindow.txtQty
[17:21:52.241] Processing alias=OrdersPage.OrdersWindow.chkPriority, entry keys=displayName,controlType,parentAlias,defaultTimeout,tags,strategies
[17:21:52.241]   Found strategies: WPFSpy
[17:21:52.241]   Added Name mapping: /Window[@AutomationId='OrdersWindow']/Grid/StackPanel/PriorityToggleControl[@Name='chkPriority'] -> OrdersPage.OrdersWindow.chkPriority
[17:21:52.241] Processing alias=OrdersPage.OrdersWindow.btnCreateOrder, entry keys=displayName,controlType,parentAlias,defaultTimeout,tags,strategies
[17:21:52.241]   Found strategies: WPFSpy
[17:21:52.241]   Added Name mapping: /Window[@AutomationId='OrdersWindow']/Grid/StackPanel/Button[@AutomationId='btnCreateOrder'] -> OrdersPage.OrdersWindow.btnCreateOrder
[17:21:52.241] Processing alias=OrdersPage.OrdersWindow.btnLogout, entry keys=displayName,controlType,parentAlias,defaultTimeout,tags,strategies
[17:21:52.241]   Found strategies: WPFSpy
[17:21:52.241]   Added Name mapping: /Window[@AutomationId='OrdersWindow']/Grid/StackPanel/Button[@AutomationId='btnLogout'] -> OrdersPage.OrdersWindow.btnLogout
[17:21:52.241] Processing alias=OrdersPage.OrdersWindow.lblConfirmation, entry keys=displayName,controlType,parentAlias,defaultTimeout,tags,strategies
[17:21:52.241]   Found strategies: WPFSpy
[17:21:52.242]   Added Name mapping: /Window[@AutomationId='OrdersWindow']/Grid/StackPanel/Label[@Name='lblConfirmation'] -> OrdersPage.OrdersWindow.lblConfirmation
[17:21:52.242] Processing alias=OrdersPage.OrdersWindow.gridOrders, entry keys=displayName,controlType,parentAlias,defaultTimeout,tags,strategies
[17:21:52.242]   Found strategies: WPFSpy
[17:21:52.242]   Added Name mapping: /Window[@AutomationId='OrdersWindow']/Grid/DataGrid[@AutomationId='gridOrders'] -> OrdersPage.OrdersWindow.gridOrders
[17:21:52.242] Loaded 0 AutomationId mappings, 11 Name mappings
[17:21:56.910] ResolveAlias(automationId=txtUsername, name=txtUsername)
[17:21:56.911]   -> NO MATCH
[17:21:58.082] ResolveAlias(automationId=btnSubmit, name=btnSubmit)
[17:21:58.082]   -> NO MATCH
[17:22:00.128] ResolveAlias(automationId=btnSubmit, name=btnSubmit)
[17:22:00.128]   -> NO MATCH
[17:28:11.840] EnsureLoaded: frameworkRoot=D:\testpgms\WPFTestAutoClaudeNew\WpfTestFramework, repoDir=D:\testpgms\WPFTestAutoClaudeNew\WpfTestFramework\repository\elements, exists=True
[17:28:11.897] Loaded YAML: D:\testpgms\WPFTestAutoClaudeNew\WpfTestFramework\repository\elements\login_page.yaml, keys: elements
[17:28:11.898] elements count: 4
[17:28:11.899] Processing alias=LoginPage.MainWindow.txtUsername, entry keys=displayName,controlType,parentAlias,defaultTimeout,tags,strategies
[17:28:11.900]   Found strategies: WPFSpy
[17:28:11.900]   Added Name mapping: /Window[@AutomationId='MainWindow']/Grid/TextBox[@AutomationId='txtUsername'] -> LoginPage.MainWindow.txtUsername
[17:28:11.900] Processing alias=LoginPage.MainWindow.txtPassword, entry keys=displayName,controlType,parentAlias,defaultTimeout,tags,strategies
[17:28:11.900]   Found strategies: WPFSpy
[17:28:11.900]   Added Name mapping: /Window[@AutomationId='MainWindow']/Grid/PasswordBox[@AutomationId='txtPassword'] -> LoginPage.MainWindow.txtPassword
[17:28:11.900] Processing alias=LoginPage.MainWindow.btnSubmit, entry keys=displayName,controlType,parentAlias,defaultTimeout,tags,strategies
[17:28:11.900]   Found strategies: WPFSpy
[17:28:11.901]   Added Name mapping: /Window[@AutomationId='MainWindow']/Grid/StackPanel/Button[@AutomationId='btnSubmit'] -> LoginPage.MainWindow.btnSubmit
[17:28:11.901] Processing alias=LoginPage.MainWindow.lblError, entry keys=displayName,controlType,parentAlias,defaultTimeout,tags,strategies
[17:28:11.901]   Found strategies: WPFSpy
[17:28:11.901]   Added Name mapping: /Window[@AutomationId='MainWindow']/Grid/StackPanel/Label[@Name='lblError'] -> LoginPage.MainWindow.lblError
[17:28:11.903] Loaded YAML: D:\testpgms\WPFTestAutoClaudeNew\WpfTestFramework\repository\elements\orders_page.yaml, keys: elements
[17:28:11.903] elements count: 7
[17:28:11.903] Processing alias=OrdersPage.OrdersWindow.cmbSku, entry keys=displayName,controlType,parentAlias,defaultTimeout,tags,strategies
[17:28:11.903]   Found strategies: WPFSpy
[17:28:11.904]   Added Name mapping: /Window[@AutomationId='OrdersWindow']/Grid/ComboBox[@AutomationId='cmbSku'] -> OrdersPage.OrdersWindow.cmbSku
[17:28:11.904] Processing alias=OrdersPage.OrdersWindow.txtQty, entry keys=displayName,controlType,parentAlias,defaultTimeout,tags,strategies
[17:28:11.904]   Found strategies: WPFSpy
[17:28:11.904]   Added Name mapping: /Window[@AutomationId='OrdersWindow']/Grid/TextBox[@AutomationId='txtQty'] -> OrdersPage.OrdersWindow.txtQty
[17:28:11.904] Processing alias=OrdersPage.OrdersWindow.chkPriority, entry keys=displayName,controlType,parentAlias,defaultTimeout,tags,strategies
[17:28:11.904]   Found strategies: WPFSpy
[17:28:11.904]   Added Name mapping: /Window[@AutomationId='OrdersWindow']/Grid/StackPanel/PriorityToggleControl[@Name='chkPriority'] -> OrdersPage.OrdersWindow.chkPriority
[17:28:11.905] Processing alias=OrdersPage.OrdersWindow.btnCreateOrder, entry keys=displayName,controlType,parentAlias,defaultTimeout,tags,strategies
[17:28:11.905]   Found strategies: WPFSpy
[17:28:11.905]   Added Name mapping: /Window[@AutomationId='OrdersWindow']/Grid/StackPanel/Button[@AutomationId='btnCreateOrder'] -> OrdersPage.OrdersWindow.btnCreateOrder
[17:28:11.905] Processing alias=OrdersPage.OrdersWindow.btnLogout, entry keys=displayName,controlType,parentAlias,defaultTimeout,tags,strategies
[17:28:11.905]   Found strategies: WPFSpy
[17:28:11.905]   Added Name mapping: /Window[@AutomationId='OrdersWindow']/Grid/StackPanel/Button[@AutomationId='btnLogout'] -> OrdersPage.OrdersWindow.btnLogout
[17:28:11.905] Processing alias=OrdersPage.OrdersWindow.lblConfirmation, entry keys=displayName,controlType,parentAlias,defaultTimeout,tags,strategies
[17:28:11.905]   Found strategies: WPFSpy
[17:28:11.906]   Added Name mapping: /Window[@AutomationId='OrdersWindow']/Grid/StackPanel/Label[@Name='lblConfirmation'] -> OrdersPage.OrdersWindow.lblConfirmation
[17:28:11.906] Processing alias=OrdersPage.OrdersWindow.gridOrders, entry keys=displayName,controlType,parentAlias,defaultTimeout,tags,strategies
[17:28:11.906]   Found strategies: WPFSpy
[17:28:11.906]   Added Name mapping: /Window[@AutomationId='OrdersWindow']/Grid/DataGrid[@AutomationId='gridOrders'] -> OrdersPage.OrdersWindow.gridOrders
[17:28:11.906] Loaded 0 AutomationId mappings, 11 Name mappings
[17:28:23.755] ResolveAlias(automationId=txtUsername, name=txtUsername)
[17:28:23.756]   -> NO MATCH
[17:28:26.176] ResolveAlias(automationId=txtUsername, name=txtUsername)
[17:28:26.176]   -> NO MATCH
[17:28:26.188] ResolveAlias(automationId=btnSubmit, name=btnSubmit)
[17:28:26.189]   -> NO MATCH
[22:42:49.568] EnsureLoaded: frameworkRoot=D:\testpgms\WPFTestAutoClaudeNew\WpfTestFramework, repoDir=D:\testpgms\WPFTestAutoClaudeNew\WpfTestFramework\repository\elements, exists=True
[22:42:49.640] Loaded YAML: D:\testpgms\WPFTestAutoClaudeNew\WpfTestFramework\repository\elements\login_page.yaml, keys: elements
[22:42:49.641] elements count: 4
[22:42:49.642] Processing alias=LoginPage.MainWindow.txtUsername, entry keys=displayName,controlType,parentAlias,defaultTimeout,tags,strategies
[22:42:49.642]   Found strategies: WPFSpy
[22:42:49.642]   Added Name mapping: /Window[@AutomationId='MainWindow']/Grid/TextBox[@AutomationId='txtUsername'] -> LoginPage.MainWindow.txtUsername
[22:42:49.642] Processing alias=LoginPage.MainWindow.txtPassword, entry keys=displayName,controlType,parentAlias,defaultTimeout,tags,strategies
[22:42:49.643]   Found strategies: WPFSpy
[22:42:49.643]   Added Name mapping: /Window[@AutomationId='MainWindow']/Grid/PasswordBox[@AutomationId='txtPassword'] -> LoginPage.MainWindow.txtPassword
[22:42:49.643] Processing alias=LoginPage.MainWindow.btnSubmit, entry keys=displayName,controlType,parentAlias,defaultTimeout,tags,strategies
[22:42:49.643]   Found strategies: WPFSpy
[22:42:49.643]   Added Name mapping: /Window[@AutomationId='MainWindow']/Grid/StackPanel/Button[@AutomationId='btnSubmit'] -> LoginPage.MainWindow.btnSubmit
[22:42:49.643] Processing alias=LoginPage.MainWindow.lblError, entry keys=displayName,controlType,parentAlias,defaultTimeout,tags,strategies
[22:42:49.643]   Found strategies: WPFSpy
[22:42:49.643]   Added Name mapping: /Window[@AutomationId='MainWindow']/Grid/StackPanel/Label[@Name='lblError'] -> LoginPage.MainWindow.lblError
[22:42:49.646] Loaded YAML: D:\testpgms\WPFTestAutoClaudeNew\WpfTestFramework\repository\elements\orders_page.yaml, keys: elements
[22:42:49.646] elements count: 7
[22:42:49.646] Processing alias=OrdersPage.OrdersWindow.cmbSku, entry keys=displayName,controlType,parentAlias,defaultTimeout,tags,strategies
[22:42:49.646]   Found strategies: WPFSpy
[22:42:49.646]   Added Name mapping: /Window[@AutomationId='OrdersWindow']/Grid/ComboBox[@AutomationId='cmbSku'] -> OrdersPage.OrdersWindow.cmbSku
[22:42:49.647] Processing alias=OrdersPage.OrdersWindow.txtQty, entry keys=displayName,controlType,parentAlias,defaultTimeout,tags,strategies
[22:42:49.647]   Found strategies: WPFSpy
[22:42:49.647]   Added Name mapping: /Window[@AutomationId='OrdersWindow']/Grid/TextBox[@AutomationId='txtQty'] -> OrdersPage.OrdersWindow.txtQty
[22:42:49.647] Processing alias=OrdersPage.OrdersWindow.chkPriority, entry keys=displayName,controlType,parentAlias,defaultTimeout,tags,strategies
[22:42:49.647]   Found strategies: WPFSpy
[22:42:49.647]   Added Name mapping: /Window[@AutomationId='OrdersWindow']/Grid/StackPanel/PriorityToggleControl[@Name='chkPriority'] -> OrdersPage.OrdersWindow.chkPriority
[22:42:49.648] Processing alias=OrdersPage.OrdersWindow.btnCreateOrder, entry keys=displayName,controlType,parentAlias,defaultTimeout,tags,strategies
[22:42:49.648]   Found strategies: WPFSpy
[22:42:49.648]   Added Name mapping: /Window[@AutomationId='OrdersWindow']/Grid/StackPanel/Button[@AutomationId='btnCreateOrder'] -> OrdersPage.OrdersWindow.btnCreateOrder
[22:42:49.648] Processing alias=OrdersPage.OrdersWindow.btnLogout, entry keys=displayName,controlType,parentAlias,defaultTimeout,tags,strategies
[22:42:49.648]   Found strategies: WPFSpy
[22:42:49.648]   Added Name mapping: /Window[@AutomationId='OrdersWindow']/Grid/StackPanel/Button[@AutomationId='btnLogout'] -> OrdersPage.OrdersWindow.btnLogout
[22:42:49.648] Processing alias=OrdersPage.OrdersWindow.lblConfirmation, entry keys=displayName,controlType,parentAlias,defaultTimeout,tags,strategies
[22:42:49.648]   Found strategies: WPFSpy
[22:42:49.649]   Added Name mapping: /Window[@AutomationId='OrdersWindow']/Grid/StackPanel/Label[@Name='lblConfirmation'] -> OrdersPage.OrdersWindow.lblConfirmation
[22:42:49.649] Processing alias=OrdersPage.OrdersWindow.gridOrders, entry keys=displayName,controlType,parentAlias,defaultTimeout,tags,strategies
[22:42:49.649]   Found strategies: WPFSpy
[22:42:49.649]   Added Name mapping: /Window[@AutomationId='OrdersWindow']/Grid/DataGrid[@AutomationId='gridOrders'] -> OrdersPage.OrdersWindow.gridOrders
[22:42:49.649] Loaded 0 AutomationId mappings, 11 Name mappings
[22:43:03.914] ResolveAlias(automationId=txtUsername, name=txtUsername)
[22:43:03.914]   -> NO MATCH
[22:43:08.189] ResolveAlias(automationId=txtUsername, name=txtUsername)
[22:43:08.190]   -> NO MATCH
[22:43:08.214] ResolveAlias(automationId=btnSubmit, name=btnSubmit)
[22:43:08.215]   -> NO MATCH
[22:51:49.254] EnsureLoaded: frameworkRoot=D:\testpgms\WPFTestAutoClaudeNew\WpfTestFramework, repoDir=D:\testpgms\WPFTestAutoClaudeNew\WpfTestFramework\repository\elements, exists=True
[22:51:49.317] Loaded YAML: D:\testpgms\WPFTestAutoClaudeNew\WpfTestFramework\repository\elements\login_page.yaml, keys: elements
[22:51:49.318] elements count: 4
[22:51:49.319] Processing alias=LoginPage.MainWindow.txtUsername, entry keys=displayName,controlType,parentAlias,defaultTimeout,tags,strategies
[22:51:49.319]   Found strategies: WPFSpy
[22:51:49.319]   Added Name mapping: /Window[@AutomationId='MainWindow']/Grid/TextBox[@AutomationId='txtUsername'] -> LoginPage.MainWindow.txtUsername
[22:51:49.319] Processing alias=LoginPage.MainWindow.txtPassword, entry keys=displayName,controlType,parentAlias,defaultTimeout,tags,strategies
[22:51:49.319]   Found strategies: WPFSpy
[22:51:49.319]   Added Name mapping: /Window[@AutomationId='MainWindow']/Grid/PasswordBox[@AutomationId='txtPassword'] -> LoginPage.MainWindow.txtPassword
[22:51:49.319] Processing alias=LoginPage.MainWindow.btnSubmit, entry keys=displayName,controlType,parentAlias,defaultTimeout,tags,strategies
[22:51:49.320]   Found strategies: WPFSpy
[22:51:49.320]   Added Name mapping: /Window[@AutomationId='MainWindow']/Grid/StackPanel/Button[@AutomationId='btnSubmit'] -> LoginPage.MainWindow.btnSubmit
[22:51:49.320] Processing alias=LoginPage.MainWindow.lblError, entry keys=displayName,controlType,parentAlias,defaultTimeout,tags,strategies
[22:51:49.320]   Found strategies: WPFSpy
[22:51:49.320]   Added Name mapping: /Window[@AutomationId='MainWindow']/Grid/StackPanel/Label[@Name='lblError'] -> LoginPage.MainWindow.lblError
[22:51:49.321] Loaded YAML: D:\testpgms\WPFTestAutoClaudeNew\WpfTestFramework\repository\elements\orders_page.yaml, keys: elements
[22:51:49.321] elements count: 7
[22:51:49.321] Processing alias=OrdersPage.OrdersWindow.cmbSku, entry keys=displayName,controlType,parentAlias,defaultTimeout,tags,strategies
[22:51:49.322]   Found strategies: WPFSpy
[22:51:49.322]   Added Name mapping: /Window[@AutomationId='OrdersWindow']/Grid/ComboBox[@AutomationId='cmbSku'] -> OrdersPage.OrdersWindow.cmbSku
[22:51:49.322] Processing alias=OrdersPage.OrdersWindow.txtQty, entry keys=displayName,controlType,parentAlias,defaultTimeout,tags,strategies
[22:51:49.322]   Found strategies: WPFSpy
[22:51:49.322]   Added Name mapping: /Window[@AutomationId='OrdersWindow']/Grid/TextBox[@AutomationId='txtQty'] -> OrdersPage.OrdersWindow.txtQty
[22:51:49.322] Processing alias=OrdersPage.OrdersWindow.chkPriority, entry keys=displayName,controlType,parentAlias,defaultTimeout,tags,strategies
[22:51:49.322]   Found strategies: WPFSpy
[22:51:49.322]   Added Name mapping: /Window[@AutomationId='OrdersWindow']/Grid/StackPanel/PriorityToggleControl[@Name='chkPriority'] -> OrdersPage.OrdersWindow.chkPriority
[22:51:49.323] Processing alias=OrdersPage.OrdersWindow.btnCreateOrder, entry keys=displayName,controlType,parentAlias,defaultTimeout,tags,strategies
[22:51:49.323]   Found strategies: WPFSpy
[22:51:49.323]   Added Name mapping: /Window[@AutomationId='OrdersWindow']/Grid/StackPanel/Button[@AutomationId='btnCreateOrder'] -> OrdersPage.OrdersWindow.btnCreateOrder
[22:51:49.323] Processing alias=OrdersPage.OrdersWindow.btnLogout, entry keys=displayName,controlType,parentAlias,defaultTimeout,tags,strategies
[22:51:49.323]   Found strategies: WPFSpy
[22:51:49.323]   Added Name mapping: /Window[@AutomationId='OrdersWindow']/Grid/StackPanel/Button[@AutomationId='btnLogout'] -> OrdersPage.OrdersWindow.btnLogout
[22:51:49.323] Processing alias=OrdersPage.OrdersWindow.lblConfirmation, entry keys=displayName,controlType,parentAlias,defaultTimeout,tags,strategies
[22:51:49.323]   Found strategies: WPFSpy
[22:51:49.324]   Added Name mapping: /Window[@AutomationId='OrdersWindow']/Grid/StackPanel/Label[@Name='lblConfirmation'] -> OrdersPage.OrdersWindow.lblConfirmation
[22:51:49.324] Processing alias=OrdersPage.OrdersWindow.gridOrders, entry keys=displayName,controlType,parentAlias,defaultTimeout,tags,strategies
[22:51:49.324]   Found strategies: WPFSpy
[22:51:49.324]   Added Name mapping: /Window[@AutomationId='OrdersWindow']/Grid/DataGrid[@AutomationId='gridOrders'] -> OrdersPage.OrdersWindow.gridOrders
[22:51:49.324] Loaded 0 AutomationId mappings, 11 Name mappings
[22:51:56.073] ResolveAlias(automationId=txtUsername, name=txtUsername)
[22:51:56.074]   -> NO MATCH
[22:51:57.901] ResolveAlias(automationId=btnSubmit, name=btnSubmit)
[22:51:57.901]   -> NO MATCH
[22:53:58.193] EnsureLoaded: frameworkRoot=D:\testpgms\WPFTestAutoClaudeNew\WpfTestFramework, repoDir=D:\testpgms\WPFTestAutoClaudeNew\WpfTestFramework\repository\elements, exists=True
[22:53:58.271] Loaded YAML: D:\testpgms\WPFTestAutoClaudeNew\WpfTestFramework\repository\elements\login_page.yaml, keys: elements
[22:53:58.272] elements count: 4
[22:53:58.273] Processing alias=LoginPage.MainWindow.txtUsername, entry keys=displayName,controlType,parentAlias,defaultTimeout,tags,strategies
[22:53:58.274]   Found strategies: WPFSpy
[22:53:58.275]   Added Name mapping: /Window[@AutomationId='MainWindow']/Grid/TextBox[@AutomationId='txtUsername'] -> LoginPage.MainWindow.txtUsername
[22:53:58.275] Processing alias=LoginPage.MainWindow.txtPassword, entry keys=displayName,controlType,parentAlias,defaultTimeout,tags,strategies
[22:53:58.275]   Found strategies: WPFSpy
[22:53:58.275]   Added Name mapping: /Window[@AutomationId='MainWindow']/Grid/PasswordBox[@AutomationId='txtPassword'] -> LoginPage.MainWindow.txtPassword
[22:53:58.275] Processing alias=LoginPage.MainWindow.btnSubmit, entry keys=displayName,controlType,parentAlias,defaultTimeout,tags,strategies
[22:53:58.275]   Found strategies: WPFSpy
[22:53:58.276]   Added Name mapping: /Window[@AutomationId='MainWindow']/Grid/StackPanel/Button[@AutomationId='btnSubmit'] -> LoginPage.MainWindow.btnSubmit
[22:53:58.276] Processing alias=LoginPage.MainWindow.lblError, entry keys=displayName,controlType,parentAlias,defaultTimeout,tags,strategies
[22:53:58.276]   Found strategies: WPFSpy
[22:53:58.276]   Added Name mapping: /Window[@AutomationId='MainWindow']/Grid/StackPanel/Label[@Name='lblError'] -> LoginPage.MainWindow.lblError
[22:53:58.278] Loaded YAML: D:\testpgms\WPFTestAutoClaudeNew\WpfTestFramework\repository\elements\orders_page.yaml, keys: elements
[22:53:58.279] elements count: 7
[22:53:58.279] Processing alias=OrdersPage.OrdersWindow.cmbSku, entry keys=displayName,controlType,parentAlias,defaultTimeout,tags,strategies
[22:53:58.279]   Found strategies: WPFSpy
[22:53:58.279]   Added Name mapping: /Window[@AutomationId='OrdersWindow']/Grid/ComboBox[@AutomationId='cmbSku'] -> OrdersPage.OrdersWindow.cmbSku
[22:53:58.280] Processing alias=OrdersPage.OrdersWindow.txtQty, entry keys=displayName,controlType,parentAlias,defaultTimeout,tags,strategies
[22:53:58.280]   Found strategies: WPFSpy
[22:53:58.280]   Added Name mapping: /Window[@AutomationId='OrdersWindow']/Grid/TextBox[@AutomationId='txtQty'] -> OrdersPage.OrdersWindow.txtQty
[22:53:58.280] Processing alias=OrdersPage.OrdersWindow.chkPriority, entry keys=displayName,controlType,parentAlias,defaultTimeout,tags,strategies
[22:53:58.280]   Found strategies: WPFSpy
[22:53:58.280]   Added Name mapping: /Window[@AutomationId='OrdersWindow']/Grid/StackPanel/PriorityToggleControl[@Name='chkPriority'] -> OrdersPage.OrdersWindow.chkPriority
[22:53:58.280] Processing alias=OrdersPage.OrdersWindow.btnCreateOrder, entry keys=displayName,controlType,parentAlias,defaultTimeout,tags,strategies
[22:53:58.281]   Found strategies: WPFSpy
[22:53:58.281]   Added Name mapping: /Window[@AutomationId='OrdersWindow']/Grid/StackPanel/Button[@AutomationId='btnCreateOrder'] -> OrdersPage.OrdersWindow.btnCreateOrder
[22:53:58.281] Processing alias=OrdersPage.OrdersWindow.btnLogout, entry keys=displayName,controlType,parentAlias,defaultTimeout,tags,strategies
[22:53:58.281]   Found strategies: WPFSpy
[22:53:58.281]   Added Name mapping: /Window[@AutomationId='OrdersWindow']/Grid/StackPanel/Button[@AutomationId='btnLogout'] -> OrdersPage.OrdersWindow.btnLogout
[22:53:58.281] Processing alias=OrdersPage.OrdersWindow.lblConfirmation, entry keys=displayName,controlType,parentAlias,defaultTimeout,tags,strategies
[22:53:58.281]   Found strategies: WPFSpy
[22:53:58.282]   Added Name mapping: /Window[@AutomationId='OrdersWindow']/Grid/StackPanel/Label[@Name='lblConfirmation'] -> OrdersPage.OrdersWindow.lblConfirmation
[22:53:58.282] Processing alias=OrdersPage.OrdersWindow.gridOrders, entry keys=displayName,controlType,parentAlias,defaultTimeout,tags,strategies
[22:53:58.282]   Found strategies: WPFSpy
[22:53:58.282]   Added Name mapping: /Window[@AutomationId='OrdersWindow']/Grid/DataGrid[@AutomationId='gridOrders'] -> OrdersPage.OrdersWindow.gridOrders
[22:53:58.282] Loaded 0 AutomationId mappings, 11 Name mappings
[22:54:12.299] ResolveAlias(automationId=txtUsername, name=txtUsername)
[22:54:12.299]   -> NO MATCH
[22:54:13.665] ResolveAlias(automationId=btnSubmit, name=btnSubmit)
[22:54:13.665]   -> NO MATCH
[22:54:36.602] ResolveAlias(automationId=txtUsername, name=txtUsername)
[22:54:36.602]   -> NO MATCH
[22:54:43.725] ResolveAlias(automationId=txtUsername, name=txtUsername)
[22:54:43.725]   -> NO MATCH
[22:54:43.747] ResolveAlias(automationId=btnSubmit, name=btnSubmit)
[22:54:43.747]   -> NO MATCH
[22:55:43.280] EnsureLoaded: frameworkRoot=D:\testpgms\WPFTestAutoClaudeNew\WpfTestFramework, repoDir=D:\testpgms\WPFTestAutoClaudeNew\WpfTestFramework\repository\elements, exists=True
[22:55:43.348] Loaded YAML: D:\testpgms\WPFTestAutoClaudeNew\WpfTestFramework\repository\elements\login_page.yaml, keys: elements
[22:55:43.349] elements count: 4
[22:55:43.349] Processing alias=LoginPage.MainWindow.txtUsername, entry keys=displayName,controlType,parentAlias,defaultTimeout,tags,strategies
[22:55:43.349]   Found strategies: WPFSpy
[22:55:43.349]   Added Name mapping: /Window[@AutomationId='MainWindow']/Grid/TextBox[@AutomationId='txtUsername'] -> LoginPage.MainWindow.txtUsername
[22:55:43.350] Processing alias=LoginPage.MainWindow.txtPassword, entry keys=displayName,controlType,parentAlias,defaultTimeout,tags,strategies
[22:55:43.350]   Found strategies: WPFSpy
[22:55:43.350]   Added Name mapping: /Window[@AutomationId='MainWindow']/Grid/PasswordBox[@AutomationId='txtPassword'] -> LoginPage.MainWindow.txtPassword
[22:55:43.350] Processing alias=LoginPage.MainWindow.btnSubmit, entry keys=displayName,controlType,parentAlias,defaultTimeout,tags,strategies
[22:55:43.350]   Found strategies: WPFSpy
[22:55:43.350]   Added Name mapping: /Window[@AutomationId='MainWindow']/Grid/StackPanel/Button[@AutomationId='btnSubmit'] -> LoginPage.MainWindow.btnSubmit
[22:55:43.350] Processing alias=LoginPage.MainWindow.lblError, entry keys=displayName,controlType,parentAlias,defaultTimeout,tags,strategies
[22:55:43.350]   Found strategies: WPFSpy
[22:55:43.350]   Added Name mapping: /Window[@AutomationId='MainWindow']/Grid/StackPanel/Label[@Name='lblError'] -> LoginPage.MainWindow.lblError
[22:55:43.352] Loaded YAML: D:\testpgms\WPFTestAutoClaudeNew\WpfTestFramework\repository\elements\orders_page.yaml, keys: elements
[22:55:43.352] elements count: 7
[22:55:43.352] Processing alias=OrdersPage.OrdersWindow.cmbSku, entry keys=displayName,controlType,parentAlias,defaultTimeout,tags,strategies
[22:55:43.352]   Found strategies: WPFSpy
[22:55:43.352]   Added Name mapping: /Window[@AutomationId='OrdersWindow']/Grid/ComboBox[@AutomationId='cmbSku'] -> OrdersPage.OrdersWindow.cmbSku
[22:55:43.352] Processing alias=OrdersPage.OrdersWindow.txtQty, entry keys=displayName,controlType,parentAlias,defaultTimeout,tags,strategies
[22:55:43.352]   Found strategies: WPFSpy
[22:55:43.353]   Added Name mapping: /Window[@AutomationId='OrdersWindow']/Grid/TextBox[@AutomationId='txtQty'] -> OrdersPage.OrdersWindow.txtQty
[22:55:43.353] Processing alias=OrdersPage.OrdersWindow.chkPriority, entry keys=displayName,controlType,parentAlias,defaultTimeout,tags,strategies
[22:55:43.353]   Found strategies: WPFSpy
[22:55:43.353]   Added Name mapping: /Window[@AutomationId='OrdersWindow']/Grid/StackPanel/PriorityToggleControl[@Name='chkPriority'] -> OrdersPage.OrdersWindow.chkPriority
[22:55:43.353] Processing alias=OrdersPage.OrdersWindow.btnCreateOrder, entry keys=displayName,controlType,parentAlias,defaultTimeout,tags,strategies
[22:55:43.353]   Found strategies: WPFSpy
[22:55:43.353]   Added Name mapping: /Window[@AutomationId='OrdersWindow']/Grid/StackPanel/Button[@AutomationId='btnCreateOrder'] -> OrdersPage.OrdersWindow.btnCreateOrder
[22:55:43.353] Processing alias=OrdersPage.OrdersWindow.btnLogout, entry keys=displayName,controlType,parentAlias,defaultTimeout,tags,strategies
[22:55:43.354]   Found strategies: WPFSpy
[22:55:43.354]   Added Name mapping: /Window[@AutomationId='OrdersWindow']/Grid/StackPanel/Button[@AutomationId='btnLogout'] -> OrdersPage.OrdersWindow.btnLogout
[22:55:43.354] Processing alias=OrdersPage.OrdersWindow.lblConfirmation, entry keys=displayName,controlType,parentAlias,defaultTimeout,tags,strategies
[22:55:43.355]   Found strategies: WPFSpy
[22:55:43.355]   Added Name mapping: /Window[@AutomationId='OrdersWindow']/Grid/StackPanel/Label[@Name='lblConfirmation'] -> OrdersPage.OrdersWindow.lblConfirmation
[22:55:43.355] Processing alias=OrdersPage.OrdersWindow.gridOrders, entry keys=displayName,controlType,parentAlias,defaultTimeout,tags,strategies
[22:55:43.355]   Found strategies: WPFSpy
[22:55:43.355]   Added Name mapping: /Window[@AutomationId='OrdersWindow']/Grid/DataGrid[@AutomationId='gridOrders'] -> OrdersPage.OrdersWindow.gridOrders
[22:55:43.356] Loaded 0 AutomationId mappings, 11 Name mappings
[22:56:38.136] ResolveAlias(automationId=txtUsername, name=txtUsername)
[22:56:38.136]   -> NO MATCH
[22:59:53.329] EnsureLoaded: frameworkRoot=D:\testpgms\WPFTestAutoClaudeNew\WpfTestFramework, repoDir=D:\testpgms\WPFTestAutoClaudeNew\WpfTestFramework\repository\elements, exists=True
[22:59:53.374] Loaded YAML: D:\testpgms\WPFTestAutoClaudeNew\WpfTestFramework\repository\elements\login_page.yaml, keys: elements
[22:59:53.375] elements count: 4
[22:59:53.376] Processing alias=LoginPage.MainWindow.txtUsername, entry keys=displayName,controlType,parentAlias,defaultTimeout,tags,strategies
[22:59:53.376]   Found strategies: WPFSpy
[22:59:53.376]   Added Name mapping: /Window[@AutomationId='MainWindow']/Grid/TextBox[@AutomationId='txtUsername'] -> LoginPage.MainWindow.txtUsername
[22:59:53.376] Processing alias=LoginPage.MainWindow.txtPassword, entry keys=displayName,controlType,parentAlias,defaultTimeout,tags,strategies
[22:59:53.376]   Found strategies: WPFSpy
[22:59:53.377]   Added Name mapping: /Window[@AutomationId='MainWindow']/Grid/PasswordBox[@AutomationId='txtPassword'] -> LoginPage.MainWindow.txtPassword
[22:59:53.377] Processing alias=LoginPage.MainWindow.btnSubmit, entry keys=displayName,controlType,parentAlias,defaultTimeout,tags,strategies
[22:59:53.377]   Found strategies: WPFSpy
[22:59:53.377]   Added Name mapping: /Window[@AutomationId='MainWindow']/Grid/StackPanel/Button[@AutomationId='btnSubmit'] -> LoginPage.MainWindow.btnSubmit
[22:59:53.377] Processing alias=LoginPage.MainWindow.lblError, entry keys=displayName,controlType,parentAlias,defaultTimeout,tags,strategies
[22:59:53.377]   Found strategies: WPFSpy
[22:59:53.378]   Added Name mapping: /Window[@AutomationId='MainWindow']/Grid/StackPanel/Label[@Name='lblError'] -> LoginPage.MainWindow.lblError
[22:59:53.380] Loaded YAML: D:\testpgms\WPFTestAutoClaudeNew\WpfTestFramework\repository\elements\orders_page.yaml, keys: elements
[22:59:53.381] elements count: 7
[22:59:53.381] Processing alias=OrdersPage.OrdersWindow.cmbSku, entry keys=displayName,controlType,parentAlias,defaultTimeout,tags,strategies
[22:59:53.381]   Found strategies: WPFSpy
[22:59:53.381]   Added Name mapping: /Window[@AutomationId='OrdersWindow']/Grid/ComboBox[@AutomationId='cmbSku'] -> OrdersPage.OrdersWindow.cmbSku
[22:59:53.382] Processing alias=OrdersPage.OrdersWindow.txtQty, entry keys=displayName,controlType,parentAlias,defaultTimeout,tags,strategies
[22:59:53.382]   Found strategies: WPFSpy
[22:59:53.382]   Added Name mapping: /Window[@AutomationId='OrdersWindow']/Grid/TextBox[@AutomationId='txtQty'] -> OrdersPage.OrdersWindow.txtQty
[22:59:53.382] Processing alias=OrdersPage.OrdersWindow.chkPriority, entry keys=displayName,controlType,parentAlias,defaultTimeout,tags,strategies
[22:59:53.382]   Found strategies: WPFSpy
[22:59:53.382]   Added Name mapping: /Window[@AutomationId='OrdersWindow']/Grid/StackPanel/PriorityToggleControl[@Name='chkPriority'] -> OrdersPage.OrdersWindow.chkPriority
[22:59:53.383] Processing alias=OrdersPage.OrdersWindow.btnCreateOrder, entry keys=displayName,controlType,parentAlias,defaultTimeout,tags,strategies
[22:59:53.383]   Found strategies: WPFSpy
[22:59:53.383]   Added Name mapping: /Window[@AutomationId='OrdersWindow']/Grid/StackPanel/Button[@AutomationId='btnCreateOrder'] -> OrdersPage.OrdersWindow.btnCreateOrder
[22:59:53.383] Processing alias=OrdersPage.OrdersWindow.btnLogout, entry keys=displayName,controlType,parentAlias,defaultTimeout,tags,strategies
[22:59:53.383]   Found strategies: WPFSpy
[22:59:53.383]   Added Name mapping: /Window[@AutomationId='OrdersWindow']/Grid/StackPanel/Button[@AutomationId='btnLogout'] -> OrdersPage.OrdersWindow.btnLogout
[22:59:53.384] Processing alias=OrdersPage.OrdersWindow.lblConfirmation, entry keys=displayName,controlType,parentAlias,defaultTimeout,tags,strategies
[22:59:53.384]   Found strategies: WPFSpy
[22:59:53.384]   Added Name mapping: /Window[@AutomationId='OrdersWindow']/Grid/StackPanel/Label[@Name='lblConfirmation'] -> OrdersPage.OrdersWindow.lblConfirmation
[22:59:53.384] Processing alias=OrdersPage.OrdersWindow.gridOrders, entry keys=displayName,controlType,parentAlias,defaultTimeout,tags,strategies
[22:59:53.384]   Found strategies: WPFSpy
[22:59:53.384]   Added Name mapping: /Window[@AutomationId='OrdersWindow']/Grid/DataGrid[@AutomationId='gridOrders'] -> OrdersPage.OrdersWindow.gridOrders
[22:59:53.385] Loaded 0 AutomationId mappings, 11 Name mappings
[23:00:12.666] ResolveAlias(automationId=txtUsername, name=txtUsername)
[23:00:12.667]   -> NO MATCH
[23:00:13.526] ResolveAlias(automationId=btnSubmit, name=btnSubmit)
[23:00:13.526]   -> NO MATCH
[15:03:05.809] EnsureLoaded: frameworkRoot=D:\testpgms\WPFTestAutoClaudeNew\WpfTestFramework, repoDir=D:\testpgms\WPFTestAutoClaudeNew\WpfTestFramework\repository\elements, exists=True
[15:03:05.900] Loaded YAML: D:\testpgms\WPFTestAutoClaudeNew\WpfTestFramework\repository\elements\login_page.yaml, keys: elements
[15:03:05.903] elements count: 4
[15:03:05.903] Processing alias=LoginPage.MainWindow.txtUsername, entry keys=displayName,controlType,parentAlias,defaultTimeout,tags,strategies
[15:03:05.904]   Found strategies: WPFSpy
[15:03:05.904]   Added Name mapping: /Window[@AutomationId='MainWindow']/Grid/TextBox[@AutomationId='txtUsername'] -> LoginPage.MainWindow.txtUsername
[15:03:05.904] Processing alias=LoginPage.MainWindow.txtPassword, entry keys=displayName,controlType,parentAlias,defaultTimeout,tags,strategies
[15:03:05.904]   Found strategies: WPFSpy
[15:03:05.905]   Added Name mapping: /Window[@AutomationId='MainWindow']/Grid/PasswordBox[@AutomationId='txtPassword'] -> LoginPage.MainWindow.txtPassword
[15:03:05.905] Processing alias=LoginPage.MainWindow.btnSubmit, entry keys=displayName,controlType,parentAlias,defaultTimeout,tags,strategies
[15:03:05.905]   Found strategies: WPFSpy
[15:03:05.906]   Added Name mapping: /Window[@AutomationId='MainWindow']/Grid/StackPanel/Button[@AutomationId='btnSubmit'] -> LoginPage.MainWindow.btnSubmit
[15:03:05.906] Processing alias=LoginPage.MainWindow.lblError, entry keys=displayName,controlType,parentAlias,defaultTimeout,tags,strategies
[15:03:05.906]   Found strategies: WPFSpy
[15:03:05.906]   Added Name mapping: /Window[@AutomationId='MainWindow']/Grid/StackPanel/Label[@Name='lblError'] -> LoginPage.MainWindow.lblError
[15:03:05.909] Loaded YAML: D:\testpgms\WPFTestAutoClaudeNew\WpfTestFramework\repository\elements\orders_page.yaml, keys: elements
[15:03:05.909] elements count: 7
[15:03:05.909] Processing alias=OrdersPage.OrdersWindow.cmbSku, entry keys=displayName,controlType,parentAlias,defaultTimeout,tags,strategies
[15:03:05.910]   Found strategies: WPFSpy
[15:03:05.910]   Added Name mapping: /Window[@AutomationId='OrdersWindow']/Grid/ComboBox[@AutomationId='cmbSku'] -> OrdersPage.OrdersWindow.cmbSku
[15:03:05.910] Processing alias=OrdersPage.OrdersWindow.txtQty, entry keys=displayName,controlType,parentAlias,defaultTimeout,tags,strategies
[15:03:05.910]   Found strategies: WPFSpy
[15:03:05.911]   Added Name mapping: /Window[@AutomationId='OrdersWindow']/Grid/TextBox[@AutomationId='txtQty'] -> OrdersPage.OrdersWindow.txtQty
[15:03:05.911] Processing alias=OrdersPage.OrdersWindow.chkPriority, entry keys=displayName,controlType,parentAlias,defaultTimeout,tags,strategies
[15:03:05.911]   Found strategies: WPFSpy
[15:03:05.911]   Added Name mapping: /Window[@AutomationId='OrdersWindow']/Grid/StackPanel/PriorityToggleControl[@Name='chkPriority'] -> OrdersPage.OrdersWindow.chkPriority
[15:03:05.911] Processing alias=OrdersPage.OrdersWindow.btnCreateOrder, entry keys=displayName,controlType,parentAlias,defaultTimeout,tags,strategies
[15:03:05.912]   Found strategies: WPFSpy
[15:03:05.912]   Added Name mapping: /Window[@AutomationId='OrdersWindow']/Grid/StackPanel/Button[@AutomationId='btnCreateOrder'] -> OrdersPage.OrdersWindow.btnCreateOrder
[15:03:05.912] Processing alias=OrdersPage.OrdersWindow.btnLogout, entry keys=displayName,controlType,parentAlias,defaultTimeout,tags,strategies
[15:03:05.912]   Found strategies: WPFSpy
[15:03:05.913]   Added Name mapping: /Window[@AutomationId='OrdersWindow']/Grid/StackPanel/Button[@AutomationId='btnLogout'] -> OrdersPage.OrdersWindow.btnLogout
[15:03:05.913] Processing alias=OrdersPage.OrdersWindow.lblConfirmation, entry keys=displayName,controlType,parentAlias,defaultTimeout,tags,strategies
[15:03:05.913]   Found strategies: WPFSpy
[15:03:05.913]   Added Name mapping: /Window[@AutomationId='OrdersWindow']/Grid/StackPanel/Label[@Name='lblConfirmation'] -> OrdersPage.OrdersWindow.lblConfirmation
[15:03:05.914] Processing alias=OrdersPage.OrdersWindow.gridOrders, entry keys=displayName,controlType,parentAlias,defaultTimeout,tags,strategies
[15:03:05.914]   Found strategies: WPFSpy
[15:03:05.914]   Added Name mapping: /Window[@AutomationId='OrdersWindow']/Grid/DataGrid[@AutomationId='gridOrders'] -> OrdersPage.OrdersWindow.gridOrders
[15:03:05.914] Loaded 0 AutomationId mappings, 11 Name mappings
[15:03:18.491] ResolveAlias(automationId=txtUsername, name=txtUsername)
[15:03:18.492]   -> NO MATCH
[15:03:35.226] ResolveAlias(automationId=btnSubmit, name=btnSubmit)
[15:03:35.226]   -> NO MATCH
[15:03:40.650] ResolveAlias(automationId=, name=Arrow)
[15:03:40.650]   -> NO MATCH
[15:03:52.108] ResolveAlias(automationId=txtQty, name=txtQty)
[15:03:52.109]   -> NO MATCH
[15:03:54.764] ResolveAlias(automationId=txtQty, name=txtQty)
[15:03:54.764]   -> NO MATCH
[15:03:59.323] ResolveAlias(automationId=txtQty, name=txtQty)
[15:03:59.324]   -> NO MATCH
[15:03:59.337] ResolveAlias(automationId=, name=chkPriority)
[15:03:59.337]   -> NO MATCH
[15:04:03.572] ResolveAlias(automationId=btnCreateOrder, name=btnCreateOrder)
[15:04:03.572]   -> NO MATCH
[15:04:08.644] ResolveAlias(automationId=, name=Bd)
[15:04:08.645]   -> NO MATCH
[15:04:10.981] ResolveAlias(automationId=, name=Bd)
[15:04:10.981]   -> NO MATCH
[15:04:11.192] ResolveAlias(automationId=, name=Bd)
[15:04:11.192]   -> NO MATCH
[15:04:20.443] ResolveAlias(automationId=btnLogout, name=btnLogout)
[15:04:20.444]   -> NO MATCH
[15:15:03.144] EnsureLoaded: frameworkRoot=D:\testpgms\WPFTestAutoClaudeNew\WpfTestFramework, repoDir=D:\testpgms\WPFTestAutoClaudeNew\WpfTestFramework\repository\elements, exists=True
[15:15:03.241] Loaded YAML: D:\testpgms\WPFTestAutoClaudeNew\WpfTestFramework\repository\elements\login_page.yaml, keys: elements
[15:15:03.242] elements count: 4
[15:15:03.243] Processing alias=LoginPage.MainWindow.txtUsername, entry keys=displayName,controlType,parentAlias,defaultTimeout,tags,strategies
[15:15:03.243]   Found strategies: WPFSpy
[15:15:03.243]   Added Name mapping: /Window[@AutomationId='MainWindow']/Grid/TextBox[@AutomationId='txtUsername'] -> LoginPage.MainWindow.txtUsername
[15:15:03.243] Processing alias=LoginPage.MainWindow.txtPassword, entry keys=displayName,controlType,parentAlias,defaultTimeout,tags,strategies
[15:15:03.244]   Found strategies: WPFSpy
[15:15:03.244]   Added Name mapping: /Window[@AutomationId='MainWindow']/Grid/PasswordBox[@AutomationId='txtPassword'] -> LoginPage.MainWindow.txtPassword
[15:15:03.244] Processing alias=LoginPage.MainWindow.btnSubmit, entry keys=displayName,controlType,parentAlias,defaultTimeout,tags,strategies
[15:15:03.244]   Found strategies: WPFSpy
[15:15:03.244]   Added Name mapping: /Window[@AutomationId='MainWindow']/Grid/StackPanel/Button[@AutomationId='btnSubmit'] -> LoginPage.MainWindow.btnSubmit
[15:15:03.244] Processing alias=LoginPage.MainWindow.lblError, entry keys=displayName,controlType,parentAlias,defaultTimeout,tags,strategies
[15:15:03.245]   Found strategies: WPFSpy
[15:15:03.245]   Added Name mapping: /Window[@AutomationId='MainWindow']/Grid/StackPanel/Label[@Name='lblError'] -> LoginPage.MainWindow.lblError
[15:15:03.246] Loaded YAML: D:\testpgms\WPFTestAutoClaudeNew\WpfTestFramework\repository\elements\orders_page.yaml, keys: elements
[15:15:03.247] elements count: 7
[15:15:03.247] Processing alias=OrdersPage.OrdersWindow.cmbSku, entry keys=displayName,controlType,parentAlias,defaultTimeout,tags,strategies
[15:15:03.247]   Found strategies: WPFSpy
[15:15:03.247]   Added Name mapping: /Window[@AutomationId='OrdersWindow']/Grid/ComboBox[@AutomationId='cmbSku'] -> OrdersPage.OrdersWindow.cmbSku
[15:15:03.248] Processing alias=OrdersPage.OrdersWindow.txtQty, entry keys=displayName,controlType,parentAlias,defaultTimeout,tags,strategies
[15:15:03.248]   Found strategies: WPFSpy
[15:15:03.248]   Added Name mapping: /Window[@AutomationId='OrdersWindow']/Grid/TextBox[@AutomationId='txtQty'] -> OrdersPage.OrdersWindow.txtQty
[15:15:03.248] Processing alias=OrdersPage.OrdersWindow.chkPriority, entry keys=displayName,controlType,parentAlias,defaultTimeout,tags,strategies
[15:15:03.248]   Found strategies: WPFSpy
[15:15:03.248]   Added Name mapping: /Window[@AutomationId='OrdersWindow']/Grid/StackPanel/PriorityToggleControl[@Name='chkPriority'] -> OrdersPage.OrdersWindow.chkPriority
[15:15:03.249] Processing alias=OrdersPage.OrdersWindow.btnCreateOrder, entry keys=displayName,controlType,parentAlias,defaultTimeout,tags,strategies
[15:15:03.249]   Found strategies: WPFSpy
[15:15:03.249]   Added Name mapping: /Window[@AutomationId='OrdersWindow']/Grid/StackPanel/Button[@AutomationId='btnCreateOrder'] -> OrdersPage.OrdersWindow.btnCreateOrder
[15:15:03.249] Processing alias=OrdersPage.OrdersWindow.btnLogout, entry keys=displayName,controlType,parentAlias,defaultTimeout,tags,strategies
[15:15:03.249]   Found strategies: WPFSpy
[15:15:03.250]   Added Name mapping: /Window[@AutomationId='OrdersWindow']/Grid/StackPanel/Button[@AutomationId='btnLogout'] -> OrdersPage.OrdersWindow.btnLogout
[15:15:03.250] Processing alias=OrdersPage.OrdersWindow.lblConfirmation, entry keys=displayName,controlType,parentAlias,defaultTimeout,tags,strategies
[15:15:03.250]   Found strategies: WPFSpy
[15:15:03.250]   Added Name mapping: /Window[@AutomationId='OrdersWindow']/Grid/StackPanel/Label[@Name='lblConfirmation'] -> OrdersPage.OrdersWindow.lblConfirmation
[15:15:03.250] Processing alias=OrdersPage.OrdersWindow.gridOrders, entry keys=displayName,controlType,parentAlias,defaultTimeout,tags,strategies
[15:15:03.250]   Found strategies: WPFSpy
[15:15:03.251]   Added Name mapping: /Window[@AutomationId='OrdersWindow']/Grid/DataGrid[@AutomationId='gridOrders'] -> OrdersPage.OrdersWindow.gridOrders
[15:15:03.251] Loaded 0 AutomationId mappings, 11 Name mappings
[15:32:42.088] EnsureLoaded: frameworkRoot=D:\testpgms\WPFTestAutoClaudeNew\WpfTestFramework, repoDir=D:\testpgms\WPFTestAutoClaudeNew\WpfTestFramework\repository\elements, exists=True
[15:32:42.143] Loaded YAML: D:\testpgms\WPFTestAutoClaudeNew\WpfTestFramework\repository\elements\login_page.yaml, keys: elements
[15:32:42.144] elements count: 4
[15:32:42.145] Processing alias=LoginPage.MainWindow.txtUsername, entry keys=displayName,controlType,parentAlias,defaultTimeout,tags,strategies
[15:32:42.145]   Found strategies: WPFSpy
[15:32:42.145]   Added Name mapping: /Window[@AutomationId='MainWindow']/Grid/TextBox[@AutomationId='txtUsername'] -> LoginPage.MainWindow.txtUsername
[15:32:42.145] Processing alias=LoginPage.MainWindow.txtPassword, entry keys=displayName,controlType,parentAlias,defaultTimeout,tags,strategies
[15:32:42.146]   Found strategies: WPFSpy
[15:32:42.146]   Added Name mapping: /Window[@AutomationId='MainWindow']/Grid/PasswordBox[@AutomationId='txtPassword'] -> LoginPage.MainWindow.txtPassword
[15:32:42.146] Processing alias=LoginPage.MainWindow.btnSubmit, entry keys=displayName,controlType,parentAlias,defaultTimeout,tags,strategies
[15:32:42.147]   Found strategies: WPFSpy
[15:32:42.147]   Added Name mapping: /Window[@AutomationId='MainWindow']/Grid/StackPanel/Button[@AutomationId='btnSubmit'] -> LoginPage.MainWindow.btnSubmit
[15:32:42.147] Processing alias=LoginPage.MainWindow.lblError, entry keys=displayName,controlType,parentAlias,defaultTimeout,tags,strategies
[15:32:42.147]   Found strategies: WPFSpy
[15:32:42.148]   Added Name mapping: /Window[@AutomationId='MainWindow']/Grid/StackPanel/Label[@Name='lblError'] -> LoginPage.MainWindow.lblError
[15:32:42.150] Loaded YAML: D:\testpgms\WPFTestAutoClaudeNew\WpfTestFramework\repository\elements\orders_page.yaml, keys: elements
[15:32:42.150] elements count: 7
[15:32:42.150] Processing alias=OrdersPage.OrdersWindow.cmbSku, entry keys=displayName,controlType,parentAlias,defaultTimeout,tags,strategies
[15:32:42.151]   Found strategies: WPFSpy
[15:32:42.151]   Added Name mapping: /Window[@AutomationId='OrdersWindow']/Grid/ComboBox[@AutomationId='cmbSku'] -> OrdersPage.OrdersWindow.cmbSku
[15:32:42.151] Processing alias=OrdersPage.OrdersWindow.txtQty, entry keys=displayName,controlType,parentAlias,defaultTimeout,tags,strategies
[15:32:42.151]   Found strategies: WPFSpy
[15:32:42.151]   Added Name mapping: /Window[@AutomationId='OrdersWindow']/Grid/TextBox[@AutomationId='txtQty'] -> OrdersPage.OrdersWindow.txtQty
[15:32:42.152] Processing alias=OrdersPage.OrdersWindow.chkPriority, entry keys=displayName,controlType,parentAlias,defaultTimeout,tags,strategies
[15:32:42.152]   Found strategies: WPFSpy
[15:32:42.152]   Added Name mapping: /Window[@AutomationId='OrdersWindow']/Grid/StackPanel/PriorityToggleControl[@Name='chkPriority'] -> OrdersPage.OrdersWindow.chkPriority
[15:32:42.152] Processing alias=OrdersPage.OrdersWindow.btnCreateOrder, entry keys=displayName,controlType,parentAlias,defaultTimeout,tags,strategies
[15:32:42.152]   Found strategies: WPFSpy
[15:32:42.152]   Added Name mapping: /Window[@AutomationId='OrdersWindow']/Grid/StackPanel/Button[@AutomationId='btnCreateOrder'] -> OrdersPage.OrdersWindow.btnCreateOrder
[15:32:42.153] Processing alias=OrdersPage.OrdersWindow.btnLogout, entry keys=displayName,controlType,parentAlias,defaultTimeout,tags,strategies
[15:32:42.153]   Found strategies: WPFSpy
[15:32:42.153]   Added Name mapping: /Window[@AutomationId='OrdersWindow']/Grid/StackPanel/Button[@AutomationId='btnLogout'] -> OrdersPage.OrdersWindow.btnLogout
[15:32:42.153] Processing alias=OrdersPage.OrdersWindow.lblConfirmation, entry keys=displayName,controlType,parentAlias,defaultTimeout,tags,strategies
[15:32:42.154]   Found strategies: WPFSpy
[15:32:42.154]   Added Name mapping: /Window[@AutomationId='OrdersWindow']/Grid/StackPanel/Label[@Name='lblConfirmation'] -> OrdersPage.OrdersWindow.lblConfirmation
[15:32:42.154] Processing alias=OrdersPage.OrdersWindow.gridOrders, entry keys=displayName,controlType,parentAlias,defaultTimeout,tags,strategies
[15:32:42.154]   Found strategies: WPFSpy
[15:32:42.154]   Added Name mapping: /Window[@AutomationId='OrdersWindow']/Grid/DataGrid[@AutomationId='gridOrders'] -> OrdersPage.OrdersWindow.gridOrders
[15:32:42.155] Loaded 0 AutomationId mappings, 11 Name mappings
[15:33:42.777] ResolveAlias(automationId=txtUsername, name=txtUsername)
[15:33:42.778]   -> NO MATCH
[15:33:44.734] ResolveAlias(automationId=btnSubmit, name=btnSubmit)
[15:33:44.735]   -> NO MATCH
[15:35:26.885] EnsureLoaded: frameworkRoot=D:\testpgms\WPFTestAutoClaudeNew\WpfTestFramework, repoDir=D:\testpgms\WPFTestAutoClaudeNew\WpfTestFramework\repository\elements, exists=True
[15:35:26.962] Loaded YAML: D:\testpgms\WPFTestAutoClaudeNew\WpfTestFramework\repository\elements\login_page.yaml, keys: elements
[15:35:26.965] elements count: 4
[15:35:26.966] Processing alias=LoginPage.MainWindow.txtUsername, entry keys=displayName,controlType,parentAlias,defaultTimeout,tags,strategies
[15:35:26.966]   Found strategies: WPFSpy
[15:35:26.967]   Added Name mapping: /Window[@AutomationId='MainWindow']/Grid/TextBox[@AutomationId='txtUsername'] -> LoginPage.MainWindow.txtUsername
[15:35:26.967] Processing alias=LoginPage.MainWindow.txtPassword, entry keys=displayName,controlType,parentAlias,defaultTimeout,tags,strategies
[15:35:26.967]   Found strategies: WPFSpy
[15:35:26.967]   Added Name mapping: /Window[@AutomationId='MainWindow']/Grid/PasswordBox[@AutomationId='txtPassword'] -> LoginPage.MainWindow.txtPassword
[15:35:26.967] Processing alias=LoginPage.MainWindow.btnSubmit, entry keys=displayName,controlType,parentAlias,defaultTimeout,tags,strategies
[15:35:26.967]   Found strategies: WPFSpy
[15:35:26.968]   Added Name mapping: /Window[@AutomationId='MainWindow']/Grid/StackPanel/Button[@AutomationId='btnSubmit'] -> LoginPage.MainWindow.btnSubmit
[15:35:26.968] Processing alias=LoginPage.MainWindow.lblError, entry keys=displayName,controlType,parentAlias,defaultTimeout,tags,strategies
[15:35:26.968]   Found strategies: WPFSpy
[15:35:26.968]   Added Name mapping: /Window[@AutomationId='MainWindow']/Grid/StackPanel/Label[@Name='lblError'] -> LoginPage.MainWindow.lblError
[15:35:26.971] Loaded YAML: D:\testpgms\WPFTestAutoClaudeNew\WpfTestFramework\repository\elements\orders_page.yaml, keys: elements
[15:35:26.971] elements count: 7
[15:35:26.972] Processing alias=OrdersPage.OrdersWindow.cmbSku, entry keys=displayName,controlType,parentAlias,defaultTimeout,tags,strategies
[15:35:26.972]   Found strategies: WPFSpy
[15:35:26.972]   Added Name mapping: /Window[@AutomationId='OrdersWindow']/Grid/ComboBox[@AutomationId='cmbSku'] -> OrdersPage.OrdersWindow.cmbSku
[15:35:26.972] Processing alias=OrdersPage.OrdersWindow.txtQty, entry keys=displayName,controlType,parentAlias,defaultTimeout,tags,strategies
[15:35:26.972]   Found strategies: WPFSpy
[15:35:26.973]   Added Name mapping: /Window[@AutomationId='OrdersWindow']/Grid/TextBox[@AutomationId='txtQty'] -> OrdersPage.OrdersWindow.txtQty
[15:35:26.973] Processing alias=OrdersPage.OrdersWindow.chkPriority, entry keys=displayName,controlType,parentAlias,defaultTimeout,tags,strategies
[15:35:26.973]   Found strategies: WPFSpy
[15:35:26.973]   Added Name mapping: /Window[@AutomationId='OrdersWindow']/Grid/StackPanel/PriorityToggleControl[@Name='chkPriority'] -> OrdersPage.OrdersWindow.chkPriority
[15:35:26.973] Processing alias=OrdersPage.OrdersWindow.btnCreateOrder, entry keys=displayName,controlType,parentAlias,defaultTimeout,tags,strategies
[15:35:26.973]   Found strategies: WPFSpy
[15:35:26.974]   Added Name mapping: /Window[@AutomationId='OrdersWindow']/Grid/StackPanel/Button[@AutomationId='btnCreateOrder'] -> OrdersPage.OrdersWindow.btnCreateOrder
[15:35:26.974] Processing alias=OrdersPage.OrdersWindow.btnLogout, entry keys=displayName,controlType,parentAlias,defaultTimeout,tags,strategies
[15:35:26.974]   Found strategies: WPFSpy
[15:35:26.974]   Added Name mapping: /Window[@AutomationId='OrdersWindow']/Grid/StackPanel/Button[@AutomationId='btnLogout'] -> OrdersPage.OrdersWindow.btnLogout
[15:35:26.974] Processing alias=OrdersPage.OrdersWindow.lblConfirmation, entry keys=displayName,controlType,parentAlias,defaultTimeout,tags,strategies
[15:35:26.974]   Found strategies: WPFSpy
[15:35:26.974]   Added Name mapping: /Window[@AutomationId='OrdersWindow']/Grid/StackPanel/Label[@Name='lblConfirmation'] -> OrdersPage.OrdersWindow.lblConfirmation
[15:35:26.975] Processing alias=OrdersPage.OrdersWindow.gridOrders, entry keys=displayName,controlType,parentAlias,defaultTimeout,tags,strategies
[15:35:26.975]   Found strategies: WPFSpy
[15:35:26.975]   Added Name mapping: /Window[@AutomationId='OrdersWindow']/Grid/DataGrid[@AutomationId='gridOrders'] -> OrdersPage.OrdersWindow.gridOrders
[15:35:26.975] Loaded 0 AutomationId mappings, 11 Name mappings
[15:37:20.852] EnsureLoaded: frameworkRoot=D:\testpgms\WPFTestAutoClaudeNew\WpfTestFramework, repoDir=D:\testpgms\WPFTestAutoClaudeNew\WpfTestFramework\repository\elements, exists=True
[15:37:20.914] Loaded YAML: D:\testpgms\WPFTestAutoClaudeNew\WpfTestFramework\repository\elements\login_page.yaml, keys: elements
[15:37:20.916] elements count: 4
[15:37:20.917] Processing alias=LoginPage.MainWindow.txtUsername, entry keys=displayName,controlType,parentAlias,defaultTimeout,tags,strategies
[15:37:20.917]   Found strategies: WPFSpy
[15:37:20.917]   Added Name mapping: /Window[@AutomationId='MainWindow']/Grid/TextBox[@AutomationId='txtUsername'] -> LoginPage.MainWindow.txtUsername
[15:37:20.917] Processing alias=LoginPage.MainWindow.txtPassword, entry keys=displayName,controlType,parentAlias,defaultTimeout,tags,strategies
[15:37:20.918]   Found strategies: WPFSpy
[15:37:20.918]   Added Name mapping: /Window[@AutomationId='MainWindow']/Grid/PasswordBox[@AutomationId='txtPassword'] -> LoginPage.MainWindow.txtPassword
[15:37:20.918] Processing alias=LoginPage.MainWindow.btnSubmit, entry keys=displayName,controlType,parentAlias,defaultTimeout,tags,strategies
[15:37:20.918]   Found strategies: WPFSpy
[15:37:20.919]   Added Name mapping: /Window[@AutomationId='MainWindow']/Grid/StackPanel/Button[@AutomationId='btnSubmit'] -> LoginPage.MainWindow.btnSubmit
[15:37:20.919] Processing alias=LoginPage.MainWindow.lblError, entry keys=displayName,controlType,parentAlias,defaultTimeout,tags,strategies
[15:37:20.919]   Found strategies: WPFSpy
[15:37:20.920]   Added Name mapping: /Window[@AutomationId='MainWindow']/Grid/StackPanel/Label[@Name='lblError'] -> LoginPage.MainWindow.lblError
[15:37:20.921] Loaded YAML: D:\testpgms\WPFTestAutoClaudeNew\WpfTestFramework\repository\elements\orders_page.yaml, keys: elements
[15:37:20.922] elements count: 7
[15:37:20.922] Processing alias=OrdersPage.OrdersWindow.cmbSku, entry keys=displayName,controlType,parentAlias,defaultTimeout,tags,strategies
[15:37:20.922]   Found strategies: WPFSpy
[15:37:20.923]   Added Name mapping: /Window[@AutomationId='OrdersWindow']/Grid/ComboBox[@AutomationId='cmbSku'] -> OrdersPage.OrdersWindow.cmbSku
[15:37:20.923] Processing alias=OrdersPage.OrdersWindow.txtQty, entry keys=displayName,controlType,parentAlias,defaultTimeout,tags,strategies
[15:37:20.923]   Found strategies: WPFSpy
[15:37:20.924]   Added Name mapping: /Window[@AutomationId='OrdersWindow']/Grid/TextBox[@AutomationId='txtQty'] -> OrdersPage.OrdersWindow.txtQty
[15:37:20.924] Processing alias=OrdersPage.OrdersWindow.chkPriority, entry keys=displayName,controlType,parentAlias,defaultTimeout,tags,strategies
[15:37:20.924]   Found strategies: WPFSpy
[15:37:20.924]   Added Name mapping: /Window[@AutomationId='OrdersWindow']/Grid/StackPanel/PriorityToggleControl[@Name='chkPriority'] -> OrdersPage.OrdersWindow.chkPriority
[15:37:20.925] Processing alias=OrdersPage.OrdersWindow.btnCreateOrder, entry keys=displayName,controlType,parentAlias,defaultTimeout,tags,strategies
[15:37:20.925]   Found strategies: WPFSpy
[15:37:20.925]   Added Name mapping: /Window[@AutomationId='OrdersWindow']/Grid/StackPanel/Button[@AutomationId='btnCreateOrder'] -> OrdersPage.OrdersWindow.btnCreateOrder
[15:37:20.926] Processing alias=OrdersPage.OrdersWindow.btnLogout, entry keys=displayName,controlType,parentAlias,defaultTimeout,tags,strategies
[15:37:20.926]   Found strategies: WPFSpy
[15:37:20.926]   Added Name mapping: /Window[@AutomationId='OrdersWindow']/Grid/StackPanel/Button[@AutomationId='btnLogout'] -> OrdersPage.OrdersWindow.btnLogout
[15:37:20.926] Processing alias=OrdersPage.OrdersWindow.lblConfirmation, entry keys=displayName,controlType,parentAlias,defaultTimeout,tags,strategies
[15:37:20.927]   Found strategies: WPFSpy
[15:37:20.927]   Added Name mapping: /Window[@AutomationId='OrdersWindow']/Grid/StackPanel/Label[@Name='lblConfirmation'] -> OrdersPage.OrdersWindow.lblConfirmation
[15:37:20.928] Processing alias=OrdersPage.OrdersWindow.gridOrders, entry keys=displayName,controlType,parentAlias,defaultTimeout,tags,strategies
[15:37:20.928]   Found strategies: WPFSpy
[15:37:20.928]   Added Name mapping: /Window[@AutomationId='OrdersWindow']/Grid/DataGrid[@AutomationId='gridOrders'] -> OrdersPage.OrdersWindow.gridOrders
[15:37:20.928] Loaded 0 AutomationId mappings, 11 Name mappings
[15:49:41.042] EnsureLoaded: frameworkRoot=D:\testpgms\WPFTestAutoClaudeNew\WpfTestFramework, repoDir=D:\testpgms\WPFTestAutoClaudeNew\WpfTestFramework\repository\elements, exists=True
[15:49:41.107] Loaded YAML: D:\testpgms\WPFTestAutoClaudeNew\WpfTestFramework\repository\elements\login_page.yaml, keys: elements
[15:49:41.109] elements count: 4
[15:49:41.109] Processing alias=LoginPage.MainWindow.txtUsername, entry keys=displayName,controlType,parentAlias,defaultTimeout,tags,strategies
[15:49:41.110]   Found strategies: WPFSpy
[15:49:41.110]   Added Name mapping: /Window[@AutomationId='MainWindow']/Grid/TextBox[@AutomationId='txtUsername'] -> LoginPage.MainWindow.txtUsername
[15:49:41.110] Processing alias=LoginPage.MainWindow.txtPassword, entry keys=displayName,controlType,parentAlias,defaultTimeout,tags,strategies
[15:49:41.110]   Found strategies: WPFSpy
[15:49:41.111]   Added Name mapping: /Window[@AutomationId='MainWindow']/Grid/PasswordBox[@AutomationId='txtPassword'] -> LoginPage.MainWindow.txtPassword
[15:49:41.111] Processing alias=LoginPage.MainWindow.btnSubmit, entry keys=displayName,controlType,parentAlias,defaultTimeout,tags,strategies
[15:49:41.111]   Found strategies: WPFSpy
[15:49:41.112]   Added Name mapping: /Window[@AutomationId='MainWindow']/Grid/StackPanel/Button[@AutomationId='btnSubmit'] -> LoginPage.MainWindow.btnSubmit
[15:49:41.112] Processing alias=LoginPage.MainWindow.lblError, entry keys=displayName,controlType,parentAlias,defaultTimeout,tags,strategies
[15:49:41.112]   Found strategies: WPFSpy
[15:49:41.112]   Added Name mapping: /Window[@AutomationId='MainWindow']/Grid/StackPanel/Label[@Name='lblError'] -> LoginPage.MainWindow.lblError
[15:49:41.116] Loaded YAML: D:\testpgms\WPFTestAutoClaudeNew\WpfTestFramework\repository\elements\orders_page.yaml, keys: elements
[15:49:41.116] elements count: 7
[15:49:41.116] Processing alias=OrdersPage.OrdersWindow.cmbSku, entry keys=displayName,controlType,parentAlias,defaultTimeout,tags,strategies
[15:49:41.116]   Found strategies: WPFSpy
[15:49:41.117]   Added Name mapping: /Window[@AutomationId='OrdersWindow']/Grid/ComboBox[@AutomationId='cmbSku'] -> OrdersPage.OrdersWindow.cmbSku
[15:49:41.117] Processing alias=OrdersPage.OrdersWindow.txtQty, entry keys=displayName,controlType,parentAlias,defaultTimeout,tags,strategies
[15:49:41.117]   Found strategies: WPFSpy
[15:49:41.117]   Added Name mapping: /Window[@AutomationId='OrdersWindow']/Grid/TextBox[@AutomationId='txtQty'] -> OrdersPage.OrdersWindow.txtQty
[15:49:41.117] Processing alias=OrdersPage.OrdersWindow.chkPriority, entry keys=displayName,controlType,parentAlias,defaultTimeout,tags,strategies
[15:49:41.117]   Found strategies: WPFSpy
[15:49:41.117]   Added Name mapping: /Window[@AutomationId='OrdersWindow']/Grid/StackPanel/PriorityToggleControl[@Name='chkPriority'] -> OrdersPage.OrdersWindow.chkPriority
[15:49:41.118] Processing alias=OrdersPage.OrdersWindow.btnCreateOrder, entry keys=displayName,controlType,parentAlias,defaultTimeout,tags,strategies
[15:49:41.118]   Found strategies: WPFSpy
[15:49:41.118]   Added Name mapping: /Window[@AutomationId='OrdersWindow']/Grid/StackPanel/Button[@AutomationId='btnCreateOrder'] -> OrdersPage.OrdersWindow.btnCreateOrder
[15:49:41.118] Processing alias=OrdersPage.OrdersWindow.btnLogout, entry keys=displayName,controlType,parentAlias,defaultTimeout,tags,strategies
[15:49:41.118]   Found strategies: WPFSpy
[15:49:41.119]   Added Name mapping: /Window[@AutomationId='OrdersWindow']/Grid/StackPanel/Button[@AutomationId='btnLogout'] -> OrdersPage.OrdersWindow.btnLogout
[15:49:41.119] Processing alias=OrdersPage.OrdersWindow.lblConfirmation, entry keys=displayName,controlType,parentAlias,defaultTimeout,tags,strategies
[15:49:41.119]   Found strategies: WPFSpy
[15:49:41.119]   Added Name mapping: /Window[@AutomationId='OrdersWindow']/Grid/StackPanel/Label[@Name='lblConfirmation'] -> OrdersPage.OrdersWindow.lblConfirmation
[15:49:41.119] Processing alias=OrdersPage.OrdersWindow.gridOrders, entry keys=displayName,controlType,parentAlias,defaultTimeout,tags,strategies
[15:49:41.120]   Found strategies: WPFSpy
[15:49:41.120]   Added Name mapping: /Window[@AutomationId='OrdersWindow']/Grid/DataGrid[@AutomationId='gridOrders'] -> OrdersPage.OrdersWindow.gridOrders
[15:49:41.120] Loaded 0 AutomationId mappings, 11 Name mappings
[15:58:11.644] EnsureLoaded: frameworkRoot=D:\testpgms\WPFTestAutoClaudeNew\WpfTestFramework, repoDir=D:\testpgms\WPFTestAutoClaudeNew\WpfTestFramework\repository\elements, exists=True
[15:58:11.711] Loaded YAML: D:\testpgms\WPFTestAutoClaudeNew\WpfTestFramework\repository\elements\login_page.yaml, keys: elements
[15:58:11.713] elements count: 4
[15:58:11.714] Processing alias=LoginPage.MainWindow.txtUsername, entry keys=displayName,controlType,parentAlias,defaultTimeout,tags,strategies
[15:58:11.714]   Found strategies: WPFSpy
[15:58:11.715]   Added Name mapping: /Window[@AutomationId='MainWindow']/Grid/TextBox[@AutomationId='txtUsername'] -> LoginPage.MainWindow.txtUsername
[15:58:11.715] Processing alias=LoginPage.MainWindow.txtPassword, entry keys=displayName,controlType,parentAlias,defaultTimeout,tags,strategies
[15:58:11.715]   Found strategies: WPFSpy
[15:58:11.716]   Added Name mapping: /Window[@AutomationId='MainWindow']/Grid/PasswordBox[@AutomationId='txtPassword'] -> LoginPage.MainWindow.txtPassword
[15:58:11.716] Processing alias=LoginPage.MainWindow.btnSubmit, entry keys=displayName,controlType,parentAlias,defaultTimeout,tags,strategies
[15:58:11.716]   Found strategies: WPFSpy
[15:58:11.717]   Added Name mapping: /Window[@AutomationId='MainWindow']/Grid/StackPanel/Button[@AutomationId='btnSubmit'] -> LoginPage.MainWindow.btnSubmit
[15:58:11.717] Processing alias=LoginPage.MainWindow.lblError, entry keys=displayName,controlType,parentAlias,defaultTimeout,tags,strategies
[15:58:11.718]   Found strategies: WPFSpy
[15:58:11.718]   Added Name mapping: /Window[@AutomationId='MainWindow']/Grid/StackPanel/Label[@Name='lblError'] -> LoginPage.MainWindow.lblError
[15:58:11.723] Loaded YAML: D:\testpgms\WPFTestAutoClaudeNew\WpfTestFramework\repository\elements\orders_page.yaml, keys: elements
[15:58:11.724] elements count: 7
[15:58:11.725] Processing alias=OrdersPage.OrdersWindow.cmbSku, entry keys=displayName,controlType,parentAlias,defaultTimeout,tags,strategies
[15:58:11.725]   Found strategies: WPFSpy
[15:58:11.726]   Added Name mapping: /Window[@AutomationId='OrdersWindow']/Grid/ComboBox[@AutomationId='cmbSku'] -> OrdersPage.OrdersWindow.cmbSku
[15:58:11.726] Processing alias=OrdersPage.OrdersWindow.txtQty, entry keys=displayName,controlType,parentAlias,defaultTimeout,tags,strategies
[15:58:11.726]   Found strategies: WPFSpy
[15:58:11.727]   Added Name mapping: /Window[@AutomationId='OrdersWindow']/Grid/TextBox[@AutomationId='txtQty'] -> OrdersPage.OrdersWindow.txtQty
[15:58:11.727] Processing alias=OrdersPage.OrdersWindow.chkPriority, entry keys=displayName,controlType,parentAlias,defaultTimeout,tags,strategies
[15:58:11.728]   Found strategies: WPFSpy
[15:58:11.728]   Added Name mapping: /Window[@AutomationId='OrdersWindow']/Grid/StackPanel/PriorityToggleControl[@Name='chkPriority'] -> OrdersPage.OrdersWindow.chkPriority
[15:58:11.729] Processing alias=OrdersPage.OrdersWindow.btnCreateOrder, entry keys=displayName,controlType,parentAlias,defaultTimeout,tags,strategies
[15:58:11.729]   Found strategies: WPFSpy
[15:58:11.730]   Added Name mapping: /Window[@AutomationId='OrdersWindow']/Grid/StackPanel/Button[@AutomationId='btnCreateOrder'] -> OrdersPage.OrdersWindow.btnCreateOrder
[15:58:11.730] Processing alias=OrdersPage.OrdersWindow.btnLogout, entry keys=displayName,controlType,parentAlias,defaultTimeout,tags,strategies
[15:58:11.730]   Found strategies: WPFSpy
[15:58:11.731]   Added Name mapping: /Window[@AutomationId='OrdersWindow']/Grid/StackPanel/Button[@AutomationId='btnLogout'] -> OrdersPage.OrdersWindow.btnLogout
[15:58:11.731] Processing alias=OrdersPage.OrdersWindow.lblConfirmation, entry keys=displayName,controlType,parentAlias,defaultTimeout,tags,strategies
[15:58:11.731]   Found strategies: WPFSpy
[15:58:11.732]   Added Name mapping: /Window[@AutomationId='OrdersWindow']/Grid/StackPanel/Label[@Name='lblConfirmation'] -> OrdersPage.OrdersWindow.lblConfirmation
[15:58:11.732] Processing alias=OrdersPage.OrdersWindow.gridOrders, entry keys=displayName,controlType,parentAlias,defaultTimeout,tags,strategies
[15:58:11.733]   Found strategies: WPFSpy
[15:58:11.734]   Added Name mapping: /Window[@AutomationId='OrdersWindow']/Grid/DataGrid[@AutomationId='gridOrders'] -> OrdersPage.OrdersWindow.gridOrders
[15:58:11.734] Loaded 0 AutomationId mappings, 11 Name mappings
[16:17:44.691] EnsureLoaded: frameworkRoot=D:\testpgms\WPFTestAutoClaudeNew\WpfTestFramework, repoDir=D:\testpgms\WPFTestAutoClaudeNew\WpfTestFramework\repository\elements, exists=True
[16:17:44.733] Loaded YAML: D:\testpgms\WPFTestAutoClaudeNew\WpfTestFramework\repository\elements\login_page.yaml, keys: elements
[16:17:44.734] elements count: 4
[16:17:44.735] Processing alias=LoginPage.MainWindow.txtUsername, entry keys=displayName,controlType,parentAlias,defaultTimeout,tags,strategies
[16:17:44.735]   Found strategies: WPFSpy
[16:17:44.735]   Added Name mapping: /Window[@AutomationId='MainWindow']/Grid/TextBox[@AutomationId='txtUsername'] -> LoginPage.MainWindow.txtUsername
[16:17:44.735] Processing alias=LoginPage.MainWindow.txtPassword, entry keys=displayName,controlType,parentAlias,defaultTimeout,tags,strategies
[16:17:44.735]   Found strategies: WPFSpy
[16:17:44.735]   Added Name mapping: /Window[@AutomationId='MainWindow']/Grid/PasswordBox[@AutomationId='txtPassword'] -> LoginPage.MainWindow.txtPassword
[16:17:44.735] Processing alias=LoginPage.MainWindow.btnSubmit, entry keys=displayName,controlType,parentAlias,defaultTimeout,tags,strategies
[16:17:44.736]   Found strategies: WPFSpy
[16:17:44.736]   Added Name mapping: /Window[@AutomationId='MainWindow']/Grid/StackPanel/Button[@AutomationId='btnSubmit'] -> LoginPage.MainWindow.btnSubmit
[16:17:44.736] Processing alias=LoginPage.MainWindow.lblError, entry keys=displayName,controlType,parentAlias,defaultTimeout,tags,strategies
[16:17:44.736]   Found strategies: WPFSpy
[16:17:44.736]   Added Name mapping: /Window[@AutomationId='MainWindow']/Grid/StackPanel/Label[@Name='lblError'] -> LoginPage.MainWindow.lblError
[16:17:44.737] Loaded YAML: D:\testpgms\WPFTestAutoClaudeNew\WpfTestFramework\repository\elements\orders_page.yaml, keys: elements
[16:17:44.738] elements count: 7
[16:17:44.738] Processing alias=OrdersPage.OrdersWindow.cmbSku, entry keys=displayName,controlType,parentAlias,defaultTimeout,tags,strategies
[16:17:44.738]   Found strategies: WPFSpy
[16:17:44.738]   Added Name mapping: /Window[@AutomationId='OrdersWindow']/Grid/ComboBox[@AutomationId='cmbSku'] -> OrdersPage.OrdersWindow.cmbSku
[16:17:44.738] Processing alias=OrdersPage.OrdersWindow.txtQty, entry keys=displayName,controlType,parentAlias,defaultTimeout,tags,strategies
[16:17:44.738]   Found strategies: WPFSpy
[16:17:44.738]   Added Name mapping: /Window[@AutomationId='OrdersWindow']/Grid/TextBox[@AutomationId='txtQty'] -> OrdersPage.OrdersWindow.txtQty
[16:17:44.738] Processing alias=OrdersPage.OrdersWindow.chkPriority, entry keys=displayName,controlType,parentAlias,defaultTimeout,tags,strategies
[16:17:44.739]   Found strategies: WPFSpy
[16:17:44.739]   Added Name mapping: /Window[@AutomationId='OrdersWindow']/Grid/StackPanel/PriorityToggleControl[@Name='chkPriority'] -> OrdersPage.OrdersWindow.chkPriority
[16:17:44.739] Processing alias=OrdersPage.OrdersWindow.btnCreateOrder, entry keys=displayName,controlType,parentAlias,defaultTimeout,tags,strategies
[16:17:44.739]   Found strategies: WPFSpy
[16:17:44.739]   Added Name mapping: /Window[@AutomationId='OrdersWindow']/Grid/StackPanel/Button[@AutomationId='btnCreateOrder'] -> OrdersPage.OrdersWindow.btnCreateOrder
[16:17:44.739] Processing alias=OrdersPage.OrdersWindow.btnLogout, entry keys=displayName,controlType,parentAlias,defaultTimeout,tags,strategies
[16:17:44.739]   Found strategies: WPFSpy
[16:17:44.739]   Added Name mapping: /Window[@AutomationId='OrdersWindow']/Grid/StackPanel/Button[@AutomationId='btnLogout'] -> OrdersPage.OrdersWindow.btnLogout
[16:17:44.740] Processing alias=OrdersPage.OrdersWindow.lblConfirmation, entry keys=displayName,controlType,parentAlias,defaultTimeout,tags,strategies
[16:17:44.740]   Found strategies: WPFSpy
[16:17:44.740]   Added Name mapping: /Window[@AutomationId='OrdersWindow']/Grid/StackPanel/Label[@Name='lblConfirmation'] -> OrdersPage.OrdersWindow.lblConfirmation
[16:17:44.740] Processing alias=OrdersPage.OrdersWindow.gridOrders, entry keys=displayName,controlType,parentAlias,defaultTimeout,tags,strategies
[16:17:44.740]   Found strategies: WPFSpy
[16:17:44.740]   Added Name mapping: /Window[@AutomationId='OrdersWindow']/Grid/DataGrid[@AutomationId='gridOrders'] -> OrdersPage.OrdersWindow.gridOrders
[16:17:44.741] Loaded 0 AutomationId mappings, 11 Name mappings
[16:20:11.655] EnsureLoaded: frameworkRoot=D:\testpgms\WPFTestAutoClaudeNew\WpfTestFramework, repoDir=D:\testpgms\WPFTestAutoClaudeNew\WpfTestFramework\repository\elements, exists=True
[16:20:11.704] Loaded YAML: D:\testpgms\WPFTestAutoClaudeNew\WpfTestFramework\repository\elements\login_page.yaml, keys: elements
[16:20:11.704] elements count: 4
[16:20:11.705] Processing alias=LoginPage.MainWindow.txtUsername, entry keys=displayName,controlType,parentAlias,defaultTimeout,tags,strategies
[16:20:11.705]   Found strategies: WPFSpy
[16:20:11.705]   Added Name mapping: /Window[@AutomationId='MainWindow']/Grid/TextBox[@AutomationId='txtUsername'] -> LoginPage.MainWindow.txtUsername
[16:20:11.705] Processing alias=LoginPage.MainWindow.txtPassword, entry keys=displayName,controlType,parentAlias,defaultTimeout,tags,strategies
[16:20:11.705]   Found strategies: WPFSpy
[16:20:11.706]   Added Name mapping: /Window[@AutomationId='MainWindow']/Grid/PasswordBox[@AutomationId='txtPassword'] -> LoginPage.MainWindow.txtPassword
[16:20:11.706] Processing alias=LoginPage.MainWindow.btnSubmit, entry keys=displayName,controlType,parentAlias,defaultTimeout,tags,strategies
[16:20:11.706]   Found strategies: WPFSpy
[16:20:11.706]   Added Name mapping: /Window[@AutomationId='MainWindow']/Grid/StackPanel/Button[@AutomationId='btnSubmit'] -> LoginPage.MainWindow.btnSubmit
[16:20:11.706] Processing alias=LoginPage.MainWindow.lblError, entry keys=displayName,controlType,parentAlias,defaultTimeout,tags,strategies
[16:20:11.706]   Found strategies: WPFSpy
[16:20:11.707]   Added Name mapping: /Window[@AutomationId='MainWindow']/Grid/StackPanel/Label[@Name='lblError'] -> LoginPage.MainWindow.lblError
[16:20:11.708] Loaded YAML: D:\testpgms\WPFTestAutoClaudeNew\WpfTestFramework\repository\elements\orders_page.yaml, keys: elements
[16:20:11.709] elements count: 7
[16:20:11.709] Processing alias=OrdersPage.OrdersWindow.cmbSku, entry keys=displayName,controlType,parentAlias,defaultTimeout,tags,strategies
[16:20:11.709]   Found strategies: WPFSpy
[16:20:11.709]   Added Name mapping: /Window[@AutomationId='OrdersWindow']/Grid/ComboBox[@AutomationId='cmbSku'] -> OrdersPage.OrdersWindow.cmbSku
[16:20:11.709] Processing alias=OrdersPage.OrdersWindow.txtQty, entry keys=displayName,controlType,parentAlias,defaultTimeout,tags,strategies
[16:20:11.709]   Found strategies: WPFSpy
[16:20:11.709]   Added Name mapping: /Window[@AutomationId='OrdersWindow']/Grid/TextBox[@AutomationId='txtQty'] -> OrdersPage.OrdersWindow.txtQty
[16:20:11.709] Processing alias=OrdersPage.OrdersWindow.chkPriority, entry keys=displayName,controlType,parentAlias,defaultTimeout,tags,strategies
[16:20:11.710]   Found strategies: WPFSpy
[16:20:11.710]   Added Name mapping: /Window[@AutomationId='OrdersWindow']/Grid/StackPanel/PriorityToggleControl[@Name='chkPriority'] -> OrdersPage.OrdersWindow.chkPriority
[16:20:11.710] Processing alias=OrdersPage.OrdersWindow.btnCreateOrder, entry keys=displayName,controlType,parentAlias,defaultTimeout,tags,strategies
[16:20:11.710]   Found strategies: WPFSpy
[16:20:11.710]   Added Name mapping: /Window[@AutomationId='OrdersWindow']/Grid/StackPanel/Button[@AutomationId='btnCreateOrder'] -> OrdersPage.OrdersWindow.btnCreateOrder
[16:20:11.710] Processing alias=OrdersPage.OrdersWindow.btnLogout, entry keys=displayName,controlType,parentAlias,defaultTimeout,tags,strategies
[16:20:11.710]   Found strategies: WPFSpy
[16:20:11.711]   Added Name mapping: /Window[@AutomationId='OrdersWindow']/Grid/StackPanel/Button[@AutomationId='btnLogout'] -> OrdersPage.OrdersWindow.btnLogout
[16:20:11.711] Processing alias=OrdersPage.OrdersWindow.lblConfirmation, entry keys=displayName,controlType,parentAlias,defaultTimeout,tags,strategies
[16:20:11.711]   Found strategies: WPFSpy
[16:20:11.711]   Added Name mapping: /Window[@AutomationId='OrdersWindow']/Grid/StackPanel/Label[@Name='lblConfirmation'] -> OrdersPage.OrdersWindow.lblConfirmation
[16:20:11.711] Processing alias=OrdersPage.OrdersWindow.gridOrders, entry keys=displayName,controlType,parentAlias,defaultTimeout,tags,strategies
[16:20:11.711]   Found strategies: WPFSpy
[16:20:11.711]   Added Name mapping: /Window[@AutomationId='OrdersWindow']/Grid/DataGrid[@AutomationId='gridOrders'] -> OrdersPage.OrdersWindow.gridOrders
[16:20:11.712] Loaded 0 AutomationId mappings, 11 Name mappings
[16:20:48.391] EnsureLoaded: frameworkRoot=D:\testpgms\WPFTestAutoClaudeNew\WpfTestFramework, repoDir=D:\testpgms\WPFTestAutoClaudeNew\WpfTestFramework\repository\elements, exists=True
[16:20:48.439] Loaded YAML: D:\testpgms\WPFTestAutoClaudeNew\WpfTestFramework\repository\elements\login_page.yaml, keys: elements
[16:20:48.440] elements count: 4
[16:20:48.440] Processing alias=LoginPage.MainWindow.txtUsername, entry keys=displayName,controlType,parentAlias,defaultTimeout,tags,strategies
[16:20:48.441]   Found strategies: WPFSpy
[16:20:48.441]   Added Name mapping: /Window[@AutomationId='MainWindow']/Grid/TextBox[@AutomationId='txtUsername'] -> LoginPage.MainWindow.txtUsername
[16:20:48.441] Processing alias=LoginPage.MainWindow.txtPassword, entry keys=displayName,controlType,parentAlias,defaultTimeout,tags,strategies
[16:20:48.441]   Found strategies: WPFSpy
[16:20:48.441]   Added Name mapping: /Window[@AutomationId='MainWindow']/Grid/PasswordBox[@AutomationId='txtPassword'] -> LoginPage.MainWindow.txtPassword
[16:20:48.441] Processing alias=LoginPage.MainWindow.btnSubmit, entry keys=displayName,controlType,parentAlias,defaultTimeout,tags,strategies
[16:20:48.442]   Found strategies: WPFSpy
[16:20:48.442]   Added Name mapping: /Window[@AutomationId='MainWindow']/Grid/StackPanel/Button[@AutomationId='btnSubmit'] -> LoginPage.MainWindow.btnSubmit
[16:20:48.442] Processing alias=LoginPage.MainWindow.lblError, entry keys=displayName,controlType,parentAlias,defaultTimeout,tags,strategies
[16:20:48.442]   Found strategies: WPFSpy
[16:20:48.442]   Added Name mapping: /Window[@AutomationId='MainWindow']/Grid/StackPanel/Label[@Name='lblError'] -> LoginPage.MainWindow.lblError
[16:20:48.444] Loaded YAML: D:\testpgms\WPFTestAutoClaudeNew\WpfTestFramework\repository\elements\orders_page.yaml, keys: elements
[16:20:48.444] elements count: 7
[16:20:48.444] Processing alias=OrdersPage.OrdersWindow.cmbSku, entry keys=displayName,controlType,parentAlias,defaultTimeout,tags,strategies
[16:20:48.445]   Found strategies: WPFSpy
[16:20:48.445]   Added Name mapping: /Window[@AutomationId='OrdersWindow']/Grid/ComboBox[@AutomationId='cmbSku'] -> OrdersPage.OrdersWindow.cmbSku
[16:20:48.445] Processing alias=OrdersPage.OrdersWindow.txtQty, entry keys=displayName,controlType,parentAlias,defaultTimeout,tags,strategies
[16:20:48.445]   Found strategies: WPFSpy
[16:20:48.445]   Added Name mapping: /Window[@AutomationId='OrdersWindow']/Grid/TextBox[@AutomationId='txtQty'] -> OrdersPage.OrdersWindow.txtQty
[16:20:48.445] Processing alias=OrdersPage.OrdersWindow.chkPriority, entry keys=displayName,controlType,parentAlias,defaultTimeout,tags,strategies
[16:20:48.445]   Found strategies: WPFSpy
[16:20:48.445]   Added Name mapping: /Window[@AutomationId='OrdersWindow']/Grid/StackPanel/PriorityToggleControl[@Name='chkPriority'] -> OrdersPage.OrdersWindow.chkPriority
[16:20:48.446] Processing alias=OrdersPage.OrdersWindow.btnCreateOrder, entry keys=displayName,controlType,parentAlias,defaultTimeout,tags,strategies
[16:20:48.446]   Found strategies: WPFSpy
[16:20:48.446]   Added Name mapping: /Window[@AutomationId='OrdersWindow']/Grid/StackPanel/Button[@AutomationId='btnCreateOrder'] -> OrdersPage.OrdersWindow.btnCreateOrder
[16:20:48.446] Processing alias=OrdersPage.OrdersWindow.btnLogout, entry keys=displayName,controlType,parentAlias,defaultTimeout,tags,strategies
[16:20:48.446]   Found strategies: WPFSpy
[16:20:48.446]   Added Name mapping: /Window[@AutomationId='OrdersWindow']/Grid/StackPanel/Button[@AutomationId='btnLogout'] -> OrdersPage.OrdersWindow.btnLogout
[16:20:48.447] Processing alias=OrdersPage.OrdersWindow.lblConfirmation, entry keys=displayName,controlType,parentAlias,defaultTimeout,tags,strategies
[16:20:48.447]   Found strategies: WPFSpy
[16:20:48.447]   Added Name mapping: /Window[@AutomationId='OrdersWindow']/Grid/StackPanel/Label[@Name='lblConfirmation'] -> OrdersPage.OrdersWindow.lblConfirmation
[16:20:48.447] Processing alias=OrdersPage.OrdersWindow.gridOrders, entry keys=displayName,controlType,parentAlias,defaultTimeout,tags,strategies
[16:20:48.447]   Found strategies: WPFSpy
[16:20:48.447]   Added Name mapping: /Window[@AutomationId='OrdersWindow']/Grid/DataGrid[@AutomationId='gridOrders'] -> OrdersPage.OrdersWindow.gridOrders
[16:20:48.447] Loaded 0 AutomationId mappings, 11 Name mappings
[16:38:38.058] EnsureLoaded: frameworkRoot=D:\testpgms\WPFTestAutoClaudeNew\WpfTestFramework, repoDir=D:\testpgms\WPFTestAutoClaudeNew\WpfTestFramework\repository\elements, exists=True
[16:38:38.111] Loaded YAML: D:\testpgms\WPFTestAutoClaudeNew\WpfTestFramework\repository\elements\login_page.yaml, keys: elements
[16:38:38.112] elements count: 4
[16:38:38.113] Processing alias=LoginPage.MainWindow.txtUsername, entry keys=displayName,controlType,parentAlias,defaultTimeout,tags,strategies
[16:38:38.113]   Found strategies: WPFSpy
[16:38:38.113]   Added Name mapping: /Window[@AutomationId='MainWindow']/Grid/TextBox[@AutomationId='txtUsername'] -> LoginPage.MainWindow.txtUsername
[16:38:38.113] Processing alias=LoginPage.MainWindow.txtPassword, entry keys=displayName,controlType,parentAlias,defaultTimeout,tags,strategies
[16:38:38.113]   Found strategies: WPFSpy
[16:38:38.113]   Added Name mapping: /Window[@AutomationId='MainWindow']/Grid/PasswordBox[@AutomationId='txtPassword'] -> LoginPage.MainWindow.txtPassword
[16:38:38.114] Processing alias=LoginPage.MainWindow.btnSubmit, entry keys=displayName,controlType,parentAlias,defaultTimeout,tags,strategies
[16:38:38.114]   Found strategies: WPFSpy
[16:38:38.114]   Added Name mapping: /Window[@AutomationId='MainWindow']/Grid/StackPanel/Button[@AutomationId='btnSubmit'] -> LoginPage.MainWindow.btnSubmit
[16:38:38.114] Processing alias=LoginPage.MainWindow.lblError, entry keys=displayName,controlType,parentAlias,defaultTimeout,tags,strategies
[16:38:38.114]   Found strategies: WPFSpy
[16:38:38.114]   Added Name mapping: /Window[@AutomationId='MainWindow']/Grid/StackPanel/Label[@Name='lblError'] -> LoginPage.MainWindow.lblError
[16:38:38.117] Loaded YAML: D:\testpgms\WPFTestAutoClaudeNew\WpfTestFramework\repository\elements\orders_page.yaml, keys: elements
[16:38:38.117] elements count: 7
[16:38:38.117] Processing alias=OrdersPage.OrdersWindow.cmbSku, entry keys=displayName,controlType,parentAlias,defaultTimeout,tags,strategies
[16:38:38.118]   Found strategies: WPFSpy
[16:38:38.118]   Added Name mapping: /Window[@AutomationId='OrdersWindow']/Grid/ComboBox[@AutomationId='cmbSku'] -> OrdersPage.OrdersWindow.cmbSku
[16:38:38.118] Processing alias=OrdersPage.OrdersWindow.txtQty, entry keys=displayName,controlType,parentAlias,defaultTimeout,tags,strategies
[16:38:38.118]   Found strategies: WPFSpy
[16:38:38.118]   Added Name mapping: /Window[@AutomationId='OrdersWindow']/Grid/TextBox[@AutomationId='txtQty'] -> OrdersPage.OrdersWindow.txtQty
[16:38:38.118] Processing alias=OrdersPage.OrdersWindow.chkPriority, entry keys=displayName,controlType,parentAlias,defaultTimeout,tags,strategies
[16:38:38.118]   Found strategies: WPFSpy
[16:38:38.118]   Added Name mapping: /Window[@AutomationId='OrdersWindow']/Grid/StackPanel/PriorityToggleControl[@Name='chkPriority'] -> OrdersPage.OrdersWindow.chkPriority
[16:38:38.118] Processing alias=OrdersPage.OrdersWindow.btnCreateOrder, entry keys=displayName,controlType,parentAlias,defaultTimeout,tags,strategies
[16:38:38.119]   Found strategies: WPFSpy
[16:38:38.119]   Added Name mapping: /Window[@AutomationId='OrdersWindow']/Grid/StackPanel/Button[@AutomationId='btnCreateOrder'] -> OrdersPage.OrdersWindow.btnCreateOrder
[16:38:38.119] Processing alias=OrdersPage.OrdersWindow.btnLogout, entry keys=displayName,controlType,parentAlias,defaultTimeout,tags,strategies
[16:38:38.119]   Found strategies: WPFSpy
[16:38:38.119]   Added Name mapping: /Window[@AutomationId='OrdersWindow']/Grid/StackPanel/Button[@AutomationId='btnLogout'] -> OrdersPage.OrdersWindow.btnLogout
[16:38:38.119] Processing alias=OrdersPage.OrdersWindow.lblConfirmation, entry keys=displayName,controlType,parentAlias,defaultTimeout,tags,strategies
[16:38:38.120]   Found strategies: WPFSpy
[16:38:38.120]   Added Name mapping: /Window[@AutomationId='OrdersWindow']/Grid/StackPanel/Label[@Name='lblConfirmation'] -> OrdersPage.OrdersWindow.lblConfirmation
[16:38:38.120] Processing alias=OrdersPage.OrdersWindow.gridOrders, entry keys=displayName,controlType,parentAlias,defaultTimeout,tags,strategies
[16:38:38.120]   Found strategies: WPFSpy
[16:38:38.120]   Added Name mapping: /Window[@AutomationId='OrdersWindow']/Grid/DataGrid[@AutomationId='gridOrders'] -> OrdersPage.OrdersWindow.gridOrders
[16:38:38.120] Loaded 0 AutomationId mappings, 11 Name mappings
[16:44:39.521] EnsureLoaded: frameworkRoot=D:\testpgms\WPFTestAutoClaudeNew\WpfTestFramework, repoDir=D:\testpgms\WPFTestAutoClaudeNew\WpfTestFramework\repository\elements, exists=True
[16:44:39.570] Loaded YAML: D:\testpgms\WPFTestAutoClaudeNew\WpfTestFramework\repository\elements\login_page.yaml, keys: elements
[16:44:39.571] elements count: 4
[16:44:39.572] Processing alias=LoginPage.MainWindow.txtUsername, entry keys=displayName,controlType,parentAlias,defaultTimeout,tags,strategies
[16:44:39.572]   Found strategies: WPFSpy
[16:44:39.572]   Added Name mapping: /Window[@AutomationId='MainWindow']/Grid/TextBox[@AutomationId='txtUsername'] -> LoginPage.MainWindow.txtUsername
[16:44:39.572] Processing alias=LoginPage.MainWindow.txtPassword, entry keys=displayName,controlType,parentAlias,defaultTimeout,tags,strategies
[16:44:39.572]   Found strategies: WPFSpy
[16:44:39.572]   Added Name mapping: /Window[@AutomationId='MainWindow']/Grid/PasswordBox[@AutomationId='txtPassword'] -> LoginPage.MainWindow.txtPassword
[16:44:39.573] Processing alias=LoginPage.MainWindow.btnSubmit, entry keys=displayName,controlType,parentAlias,defaultTimeout,tags,strategies
[16:44:39.573]   Found strategies: WPFSpy
[16:44:39.573]   Added Name mapping: /Window[@AutomationId='MainWindow']/Grid/StackPanel/Button[@AutomationId='btnSubmit'] -> LoginPage.MainWindow.btnSubmit
[16:44:39.573] Processing alias=LoginPage.MainWindow.lblError, entry keys=displayName,controlType,parentAlias,defaultTimeout,tags,strategies
[16:44:39.573]   Found strategies: WPFSpy
[16:44:39.573]   Added Name mapping: /Window[@AutomationId='MainWindow']/Grid/StackPanel/Label[@Name='lblError'] -> LoginPage.MainWindow.lblError
[16:44:39.575] Loaded YAML: D:\testpgms\WPFTestAutoClaudeNew\WpfTestFramework\repository\elements\orders_page.yaml, keys: elements
[16:44:39.575] elements count: 7
[16:44:39.575] Processing alias=OrdersPage.OrdersWindow.cmbSku, entry keys=displayName,controlType,parentAlias,defaultTimeout,tags,strategies
[16:44:39.575]   Found strategies: WPFSpy
[16:44:39.575]   Added Name mapping: /Window[@AutomationId='OrdersWindow']/Grid/ComboBox[@AutomationId='cmbSku'] -> OrdersPage.OrdersWindow.cmbSku
[16:44:39.576] Processing alias=OrdersPage.OrdersWindow.txtQty, entry keys=displayName,controlType,parentAlias,defaultTimeout,tags,strategies
[16:44:39.576]   Found strategies: WPFSpy
[16:44:39.576]   Added Name mapping: /Window[@AutomationId='OrdersWindow']/Grid/TextBox[@AutomationId='txtQty'] -> OrdersPage.OrdersWindow.txtQty
[16:44:39.576] Processing alias=OrdersPage.OrdersWindow.chkPriority, entry keys=displayName,controlType,parentAlias,defaultTimeout,tags,strategies
[16:44:39.576]   Found strategies: WPFSpy
[16:44:39.576]   Added Name mapping: /Window[@AutomationId='OrdersWindow']/Grid/StackPanel/PriorityToggleControl[@Name='chkPriority'] -> OrdersPage.OrdersWindow.chkPriority
[16:44:39.577] Processing alias=OrdersPage.OrdersWindow.btnCreateOrder, entry keys=displayName,controlType,parentAlias,defaultTimeout,tags,strategies
[16:44:39.577]   Found strategies: WPFSpy
[16:44:39.577]   Added Name mapping: /Window[@AutomationId='OrdersWindow']/Grid/StackPanel/Button[@AutomationId='btnCreateOrder'] -> OrdersPage.OrdersWindow.btnCreateOrder
[16:44:39.577] Processing alias=OrdersPage.OrdersWindow.btnLogout, entry keys=displayName,controlType,parentAlias,defaultTimeout,tags,strategies
[16:44:39.577]   Found strategies: WPFSpy
[16:44:39.577]   Added Name mapping: /Window[@AutomationId='OrdersWindow']/Grid/StackPanel/Button[@AutomationId='btnLogout'] -> OrdersPage.OrdersWindow.btnLogout
[16:44:39.577] Processing alias=OrdersPage.OrdersWindow.lblConfirmation, entry keys=displayName,controlType,parentAlias,defaultTimeout,tags,strategies
[16:44:39.578]   Found strategies: WPFSpy
[16:44:39.578]   Added Name mapping: /Window[@AutomationId='OrdersWindow']/Grid/StackPanel/Label[@Name='lblConfirmation'] -> OrdersPage.OrdersWindow.lblConfirmation
[16:44:39.578] Processing alias=OrdersPage.OrdersWindow.gridOrders, entry keys=displayName,controlType,parentAlias,defaultTimeout,tags,strategies
[16:44:39.578]   Found strategies: WPFSpy
[16:44:39.578]   Added Name mapping: /Window[@AutomationId='OrdersWindow']/Grid/DataGrid[@AutomationId='gridOrders'] -> OrdersPage.OrdersWindow.gridOrders
[16:44:39.578] Loaded 0 AutomationId mappings, 11 Name mappings
[16:47:12.839] EnsureLoaded: frameworkRoot=D:\testpgms\WPFTestAutoClaudeNew\WpfTestFramework, repoDir=D:\testpgms\WPFTestAutoClaudeNew\WpfTestFramework\repository\elements, exists=True
[16:47:12.889] Loaded YAML: D:\testpgms\WPFTestAutoClaudeNew\WpfTestFramework\repository\elements\login_page.yaml, keys: elements
[16:47:12.889] elements count: 4
[16:47:12.890] Processing alias=LoginPage.MainWindow.txtUsername, entry keys=displayName,controlType,parentAlias,defaultTimeout,tags,strategies
[16:47:12.890]   Found strategies: WPFSpy
[16:47:12.890]   Added Name mapping: /Window[@AutomationId='MainWindow']/Grid/TextBox[@AutomationId='txtUsername'] -> LoginPage.MainWindow.txtUsername
[16:47:12.890] Processing alias=LoginPage.MainWindow.txtPassword, entry keys=displayName,controlType,parentAlias,defaultTimeout,tags,strategies
[16:47:12.891]   Found strategies: WPFSpy
[16:47:12.891]   Added Name mapping: /Window[@AutomationId='MainWindow']/Grid/PasswordBox[@AutomationId='txtPassword'] -> LoginPage.MainWindow.txtPassword
[16:47:12.891] Processing alias=LoginPage.MainWindow.btnSubmit, entry keys=displayName,controlType,parentAlias,defaultTimeout,tags,strategies
[16:47:12.891]   Found strategies: WPFSpy
[16:47:12.892]   Added Name mapping: /Window[@AutomationId='MainWindow']/Grid/StackPanel/Button[@AutomationId='btnSubmit'] -> LoginPage.MainWindow.btnSubmit
[16:47:12.892] Processing alias=LoginPage.MainWindow.lblError, entry keys=displayName,controlType,parentAlias,defaultTimeout,tags,strategies
[16:47:12.892]   Found strategies: WPFSpy
[16:47:12.892]   Added Name mapping: /Window[@AutomationId='MainWindow']/Grid/StackPanel/Label[@Name='lblError'] -> LoginPage.MainWindow.lblError
[16:47:12.894] Loaded YAML: D:\testpgms\WPFTestAutoClaudeNew\WpfTestFramework\repository\elements\orders_page.yaml, keys: elements
[16:47:12.894] elements count: 7
[16:47:12.894] Processing alias=OrdersPage.OrdersWindow.cmbSku, entry keys=displayName,controlType,parentAlias,defaultTimeout,tags,strategies
[16:47:12.894]   Found strategies: WPFSpy
[16:47:12.894]   Added Name mapping: /Window[@AutomationId='OrdersWindow']/Grid/ComboBox[@AutomationId='cmbSku'] -> OrdersPage.OrdersWindow.cmbSku
[16:47:12.895] Processing alias=OrdersPage.OrdersWindow.txtQty, entry keys=displayName,controlType,parentAlias,defaultTimeout,tags,strategies
[16:47:12.895]   Found strategies: WPFSpy
[16:47:12.895]   Added Name mapping: /Window[@AutomationId='OrdersWindow']/Grid/TextBox[@AutomationId='txtQty'] -> OrdersPage.OrdersWindow.txtQty
[16:47:12.895] Processing alias=OrdersPage.OrdersWindow.chkPriority, entry keys=displayName,controlType,parentAlias,defaultTimeout,tags,strategies
[16:47:12.895]   Found strategies: WPFSpy
[16:47:12.895]   Added Name mapping: /Window[@AutomationId='OrdersWindow']/Grid/StackPanel/PriorityToggleControl[@Name='chkPriority'] -> OrdersPage.OrdersWindow.chkPriority
[16:47:12.895] Processing alias=OrdersPage.OrdersWindow.btnCreateOrder, entry keys=displayName,controlType,parentAlias,defaultTimeout,tags,strategies
[16:47:12.895]   Found strategies: WPFSpy
[16:47:12.895]   Added Name mapping: /Window[@AutomationId='OrdersWindow']/Grid/StackPanel/Button[@AutomationId='btnCreateOrder'] -> OrdersPage.OrdersWindow.btnCreateOrder
[16:47:12.896] Processing alias=OrdersPage.OrdersWindow.btnLogout, entry keys=displayName,controlType,parentAlias,defaultTimeout,tags,strategies
[16:47:12.896]   Found strategies: WPFSpy
[16:47:12.896]   Added Name mapping: /Window[@AutomationId='OrdersWindow']/Grid/StackPanel/Button[@AutomationId='btnLogout'] -> OrdersPage.OrdersWindow.btnLogout
[16:47:12.896] Processing alias=OrdersPage.OrdersWindow.lblConfirmation, entry keys=displayName,controlType,parentAlias,defaultTimeout,tags,strategies
[16:47:12.897]   Found strategies: WPFSpy
[16:47:12.897]   Added Name mapping: /Window[@AutomationId='OrdersWindow']/Grid/StackPanel/Label[@Name='lblConfirmation'] -> OrdersPage.OrdersWindow.lblConfirmation
[16:47:12.897] Processing alias=OrdersPage.OrdersWindow.gridOrders, entry keys=displayName,controlType,parentAlias,defaultTimeout,tags,strategies
[16:47:12.897]   Found strategies: WPFSpy
[16:47:12.897]   Added Name mapping: /Window[@AutomationId='OrdersWindow']/Grid/DataGrid[@AutomationId='gridOrders'] -> OrdersPage.OrdersWindow.gridOrders
[16:47:12.898] Loaded 0 AutomationId mappings, 11 Name mappings
[17:30:45.320] EnsureLoaded: frameworkRoot=D:\testpgms\WPFTestAutoClaudeNew\WpfTestFramework, repoDir=D:\testpgms\WPFTestAutoClaudeNew\WpfTestFramework\repository\elements, exists=True
[17:30:45.356] Loaded YAML: D:\testpgms\WPFTestAutoClaudeNew\WpfTestFramework\repository\elements\login_page.yaml, keys: elements
[17:30:45.369] elements count: 4
[17:30:45.369] Processing alias=LoginPage.MainWindow.txtUsername, entry keys=displayName,controlType,parentAlias,defaultTimeout,tags,strategies
[17:30:45.370]   Found strategies: WPFSpy
[17:30:45.370]   Added Name mapping: /Window[@AutomationId='MainWindow']/Grid/TextBox[@AutomationId='txtUsername'] -> LoginPage.MainWindow.txtUsername
[17:30:45.370] Processing alias=LoginPage.MainWindow.txtPassword, entry keys=displayName,controlType,parentAlias,defaultTimeout,tags,strategies
[17:30:45.370]   Found strategies: WPFSpy
[17:30:45.370]   Added Name mapping: /Window[@AutomationId='MainWindow']/Grid/PasswordBox[@AutomationId='txtPassword'] -> LoginPage.MainWindow.txtPassword
[17:30:45.370] Processing alias=LoginPage.MainWindow.btnSubmit, entry keys=displayName,controlType,parentAlias,defaultTimeout,tags,strategies
[17:30:45.370]   Found strategies: WPFSpy
[17:30:45.371]   Added Name mapping: /Window[@AutomationId='MainWindow']/Grid/StackPanel/Button[@AutomationId='btnSubmit'] -> LoginPage.MainWindow.btnSubmit
[17:30:45.371] Processing alias=LoginPage.MainWindow.lblError, entry keys=displayName,controlType,parentAlias,defaultTimeout,tags,strategies
[17:30:45.371]   Found strategies: WPFSpy
[17:30:45.371]   Added Name mapping: /Window[@AutomationId='MainWindow']/Grid/StackPanel/Label[@Name='lblError'] -> LoginPage.MainWindow.lblError
[17:30:45.372] Loaded YAML: D:\testpgms\WPFTestAutoClaudeNew\WpfTestFramework\repository\elements\orders_page.yaml, keys: elements
[17:30:45.373] elements count: 7
[17:30:45.373] Processing alias=OrdersPage.OrdersWindow.cmbSku, entry keys=displayName,controlType,parentAlias,defaultTimeout,tags,strategies
[17:30:45.373]   Found strategies: WPFSpy
[17:30:45.373]   Added Name mapping: /Window[@AutomationId='OrdersWindow']/Grid/ComboBox[@AutomationId='cmbSku'] -> OrdersPage.OrdersWindow.cmbSku
[17:30:45.373] Processing alias=OrdersPage.OrdersWindow.txtQty, entry keys=displayName,controlType,parentAlias,defaultTimeout,tags,strategies
[17:30:45.373]   Found strategies: WPFSpy
[17:30:45.374]   Added Name mapping: /Window[@AutomationId='OrdersWindow']/Grid/TextBox[@AutomationId='txtQty'] -> OrdersPage.OrdersWindow.txtQty
[17:30:45.374] Processing alias=OrdersPage.OrdersWindow.chkPriority, entry keys=displayName,controlType,parentAlias,defaultTimeout,tags,strategies
[17:30:45.374]   Found strategies: WPFSpy
[17:30:45.374]   Added Name mapping: /Window[@AutomationId='OrdersWindow']/Grid/StackPanel/PriorityToggleControl[@Name='chkPriority'] -> OrdersPage.OrdersWindow.chkPriority
[17:30:45.374] Processing alias=OrdersPage.OrdersWindow.btnCreateOrder, entry keys=displayName,controlType,parentAlias,defaultTimeout,tags,strategies
[17:30:45.374]   Found strategies: WPFSpy
[17:30:45.374]   Added Name mapping: /Window[@AutomationId='OrdersWindow']/Grid/StackPanel/Button[@AutomationId='btnCreateOrder'] -> OrdersPage.OrdersWindow.btnCreateOrder
[17:30:45.374] Processing alias=OrdersPage.OrdersWindow.btnLogout, entry keys=displayName,controlType,parentAlias,defaultTimeout,tags,strategies
[17:30:45.374]   Found strategies: WPFSpy
[17:30:45.375]   Added Name mapping: /Window[@AutomationId='OrdersWindow']/Grid/StackPanel/Button[@AutomationId='btnLogout'] -> OrdersPage.OrdersWindow.btnLogout
[17:30:45.375] Processing alias=OrdersPage.OrdersWindow.lblConfirmation, entry keys=displayName,controlType,parentAlias,defaultTimeout,tags,strategies
[17:30:45.375]   Found strategies: WPFSpy
[17:30:45.375]   Added Name mapping: /Window[@AutomationId='OrdersWindow']/Grid/StackPanel/Label[@Name='lblConfirmation'] -> OrdersPage.OrdersWindow.lblConfirmation
[17:30:45.375] Processing alias=OrdersPage.OrdersWindow.gridOrders, entry keys=displayName,controlType,parentAlias,defaultTimeout,tags,strategies
[17:30:45.375]   Found strategies: WPFSpy
[17:30:45.375]   Added Name mapping: /Window[@AutomationId='OrdersWindow']/Grid/DataGrid[@AutomationId='gridOrders'] -> OrdersPage.OrdersWindow.gridOrders
[17:30:45.376] Loaded 0 AutomationId mappings, 11 Name mappings
[17:38:55.015] EnsureLoaded: frameworkRoot=D:\testpgms\WPFTestAutoClaudeNew\WpfTestFramework, repoDir=D:\testpgms\WPFTestAutoClaudeNew\WpfTestFramework\repository\elements, exists=True
[17:38:55.051] Loaded YAML: D:\testpgms\WPFTestAutoClaudeNew\WpfTestFramework\repository\elements\login_page.yaml, keys: elements
[17:38:55.053] elements count: 4
[17:38:55.053] Processing alias=LoginPage.MainWindow.txtUsername, entry keys=displayName,controlType,parentAlias,defaultTimeout,tags,strategies
[17:38:55.053]   Found strategies: WPFSpy
[17:38:55.053]   Added Name mapping: /Window[@AutomationId='MainWindow']/Grid/TextBox[@AutomationId='txtUsername'] -> LoginPage.MainWindow.txtUsername
[17:38:55.053] Processing alias=LoginPage.MainWindow.txtPassword, entry keys=displayName,controlType,parentAlias,defaultTimeout,tags,strategies
[17:38:55.054]   Found strategies: WPFSpy
[17:38:55.054]   Added Name mapping: /Window[@AutomationId='MainWindow']/Grid/PasswordBox[@AutomationId='txtPassword'] -> LoginPage.MainWindow.txtPassword
[17:38:55.054] Processing alias=LoginPage.MainWindow.btnSubmit, entry keys=displayName,controlType,parentAlias,defaultTimeout,tags,strategies
[17:38:55.054]   Found strategies: WPFSpy
[17:38:55.054]   Added Name mapping: /Window[@AutomationId='MainWindow']/Grid/StackPanel/Button[@AutomationId='btnSubmit'] -> LoginPage.MainWindow.btnSubmit
[17:38:55.055] Processing alias=LoginPage.MainWindow.lblError, entry keys=displayName,controlType,parentAlias,defaultTimeout,tags,strategies
[17:38:55.055]   Found strategies: WPFSpy
[17:38:55.055]   Added Name mapping: /Window[@AutomationId='MainWindow']/Grid/StackPanel/Label[@Name='lblError'] -> LoginPage.MainWindow.lblError
[17:38:55.056] Loaded YAML: D:\testpgms\WPFTestAutoClaudeNew\WpfTestFramework\repository\elements\orders_page.yaml, keys: elements
[17:38:55.056] elements count: 7
[17:38:55.057] Processing alias=OrdersPage.OrdersWindow.cmbSku, entry keys=displayName,controlType,parentAlias,defaultTimeout,tags,strategies
[17:38:55.057]   Found strategies: WPFSpy
[17:38:55.057]   Added Name mapping: /Window[@AutomationId='OrdersWindow']/Grid/ComboBox[@AutomationId='cmbSku'] -> OrdersPage.OrdersWindow.cmbSku
[17:38:55.057] Processing alias=OrdersPage.OrdersWindow.txtQty, entry keys=displayName,controlType,parentAlias,defaultTimeout,tags,strategies
[17:38:55.057]   Found strategies: WPFSpy
[17:38:55.057]   Added Name mapping: /Window[@AutomationId='OrdersWindow']/Grid/TextBox[@AutomationId='txtQty'] -> OrdersPage.OrdersWindow.txtQty
[17:38:55.057] Processing alias=OrdersPage.OrdersWindow.chkPriority, entry keys=displayName,controlType,parentAlias,defaultTimeout,tags,strategies
[17:38:55.057]   Found strategies: WPFSpy
[17:38:55.058]   Added Name mapping: /Window[@AutomationId='OrdersWindow']/Grid/StackPanel/PriorityToggleControl[@Name='chkPriority'] -> OrdersPage.OrdersWindow.chkPriority
[17:38:55.058] Processing alias=OrdersPage.OrdersWindow.btnCreateOrder, entry keys=displayName,controlType,parentAlias,defaultTimeout,tags,strategies
[17:38:55.058]   Found strategies: WPFSpy
[17:38:55.058]   Added Name mapping: /Window[@AutomationId='OrdersWindow']/Grid/StackPanel/Button[@AutomationId='btnCreateOrder'] -> OrdersPage.OrdersWindow.btnCreateOrder
[17:38:55.058] Processing alias=OrdersPage.OrdersWindow.btnLogout, entry keys=displayName,controlType,parentAlias,defaultTimeout,tags,strategies
[17:38:55.058]   Found strategies: WPFSpy
[17:38:55.058]   Added Name mapping: /Window[@AutomationId='OrdersWindow']/Grid/StackPanel/Button[@AutomationId='btnLogout'] -> OrdersPage.OrdersWindow.btnLogout
[17:38:55.058] Processing alias=OrdersPage.OrdersWindow.lblConfirmation, entry keys=displayName,controlType,parentAlias,defaultTimeout,tags,strategies
[17:38:55.058]   Found strategies: WPFSpy
[17:38:55.059]   Added Name mapping: /Window[@AutomationId='OrdersWindow']/Grid/StackPanel/Label[@Name='lblConfirmation'] -> OrdersPage.OrdersWindow.lblConfirmation
[17:38:55.059] Processing alias=OrdersPage.OrdersWindow.gridOrders, entry keys=displayName,controlType,parentAlias,defaultTimeout,tags,strategies
[17:38:55.059]   Found strategies: WPFSpy
[17:38:55.059]   Added Name mapping: /Window[@AutomationId='OrdersWindow']/Grid/DataGrid[@AutomationId='gridOrders'] -> OrdersPage.OrdersWindow.gridOrders
[17:38:55.059] Loaded 0 AutomationId mappings, 11 Name mappings
[17:43:29.092] EnsureLoaded: frameworkRoot=D:\testpgms\WPFTestAutoClaudeNew\WpfTestFramework, repoDir=D:\testpgms\WPFTestAutoClaudeNew\WpfTestFramework\repository\elements, exists=True
[17:43:29.130] Loaded YAML: D:\testpgms\WPFTestAutoClaudeNew\WpfTestFramework\repository\elements\login_page.yaml, keys: elements
[17:43:29.131] elements count: 4
[17:43:29.131] Processing alias=LoginPage.MainWindow.txtUsername, entry keys=displayName,controlType,parentAlias,defaultTimeout,tags,strategies
[17:43:29.132]   Found strategies: WPFSpy
[17:43:29.132]   Added Name mapping: /Window[@AutomationId='MainWindow']/Grid/TextBox[@AutomationId='txtUsername'] -> LoginPage.MainWindow.txtUsername
[17:43:29.132] Processing alias=LoginPage.MainWindow.txtPassword, entry keys=displayName,controlType,parentAlias,defaultTimeout,tags,strategies
[17:43:29.132]   Found strategies: WPFSpy
[17:43:29.132]   Added Name mapping: /Window[@AutomationId='MainWindow']/Grid/PasswordBox[@AutomationId='txtPassword'] -> LoginPage.MainWindow.txtPassword
[17:43:29.132] Processing alias=LoginPage.MainWindow.btnSubmit, entry keys=displayName,controlType,parentAlias,defaultTimeout,tags,strategies
[17:43:29.133]   Found strategies: WPFSpy
[17:43:29.133]   Added Name mapping: /Window[@AutomationId='MainWindow']/Grid/StackPanel/Button[@AutomationId='btnSubmit'] -> LoginPage.MainWindow.btnSubmit
[17:43:29.133] Processing alias=LoginPage.MainWindow.lblError, entry keys=displayName,controlType,parentAlias,defaultTimeout,tags,strategies
[17:43:29.133]   Found strategies: WPFSpy
[17:43:29.133]   Added Name mapping: /Window[@AutomationId='MainWindow']/Grid/StackPanel/Label[@Name='lblError'] -> LoginPage.MainWindow.lblError
[17:43:29.134] Loaded YAML: D:\testpgms\WPFTestAutoClaudeNew\WpfTestFramework\repository\elements\orders_page.yaml, keys: elements
[17:43:29.134] elements count: 7
[17:43:29.135] Processing alias=OrdersPage.OrdersWindow.cmbSku, entry keys=displayName,controlType,parentAlias,defaultTimeout,tags,strategies
[17:43:29.135]   Found strategies: WPFSpy
[17:43:29.135]   Added Name mapping: /Window[@AutomationId='OrdersWindow']/Grid/ComboBox[@AutomationId='cmbSku'] -> OrdersPage.OrdersWindow.cmbSku
[17:43:29.135] Processing alias=OrdersPage.OrdersWindow.txtQty, entry keys=displayName,controlType,parentAlias,defaultTimeout,tags,strategies
[17:43:29.135]   Found strategies: WPFSpy
[17:43:29.136]   Added Name mapping: /Window[@AutomationId='OrdersWindow']/Grid/TextBox[@AutomationId='txtQty'] -> OrdersPage.OrdersWindow.txtQty
[17:43:29.136] Processing alias=OrdersPage.OrdersWindow.chkPriority, entry keys=displayName,controlType,parentAlias,defaultTimeout,tags,strategies
[17:43:29.136]   Found strategies: WPFSpy
[17:43:29.136]   Added Name mapping: /Window[@AutomationId='OrdersWindow']/Grid/StackPanel/PriorityToggleControl[@Name='chkPriority'] -> OrdersPage.OrdersWindow.chkPriority
[17:43:29.136] Processing alias=OrdersPage.OrdersWindow.btnCreateOrder, entry keys=displayName,controlType,parentAlias,defaultTimeout,tags,strategies
[17:43:29.136]   Found strategies: WPFSpy
[17:43:29.137]   Added Name mapping: /Window[@AutomationId='OrdersWindow']/Grid/StackPanel/Button[@AutomationId='btnCreateOrder'] -> OrdersPage.OrdersWindow.btnCreateOrder
[17:43:29.137] Processing alias=OrdersPage.OrdersWindow.btnLogout, entry keys=displayName,controlType,parentAlias,defaultTimeout,tags,strategies
[17:43:29.137]   Found strategies: WPFSpy
[17:43:29.137]   Added Name mapping: /Window[@AutomationId='OrdersWindow']/Grid/StackPanel/Button[@AutomationId='btnLogout'] -> OrdersPage.OrdersWindow.btnLogout
[17:43:29.137] Processing alias=OrdersPage.OrdersWindow.lblConfirmation, entry keys=displayName,controlType,parentAlias,defaultTimeout,tags,strategies
[17:43:29.137]   Found strategies: WPFSpy
[17:43:29.138]   Added Name mapping: /Window[@AutomationId='OrdersWindow']/Grid/StackPanel/Label[@Name='lblConfirmation'] -> OrdersPage.OrdersWindow.lblConfirmation
[17:43:29.138] Processing alias=OrdersPage.OrdersWindow.gridOrders, entry keys=displayName,controlType,parentAlias,defaultTimeout,tags,strategies
[17:43:29.138]   Found strategies: WPFSpy
[17:43:29.138]   Added Name mapping: /Window[@AutomationId='OrdersWindow']/Grid/DataGrid[@AutomationId='gridOrders'] -> OrdersPage.OrdersWindow.gridOrders
[17:43:29.138] Loaded 0 AutomationId mappings, 11 Name mappings
[17:43:51.771] ResolveAlias(automationId=txtUsername, name=txtUsername)
[17:43:51.772]   -> NO MATCH
[17:43:53.284] ResolveAlias(automationId=txtPassword, name=txtPassword)
[17:43:53.284]   -> NO MATCH
[17:43:53.307] ResolveAlias(automationId=btnSubmit, name=btnSubmit)
[17:43:53.307]   -> NO MATCH
[23:40:06.678] ResolveAlias(automationId=txtUsername, name=txtUsername)
[23:40:06.678]   -> NO MATCH
[23:40:31.302] ResolveAlias(automationId=txtUsername, name=txtUsername)
[23:40:31.302]   -> NO MATCH
[23:43:22.607] EnsureLoaded: frameworkRoot=D:\testpgms\WPFTestAutoClaudeNew\WpfTestFramework, repoDir=D:\testpgms\WPFTestAutoClaudeNew\WpfTestFramework\repository\elements, exists=True
[23:43:22.644] Loaded YAML: D:\testpgms\WPFTestAutoClaudeNew\WpfTestFramework\repository\elements\login_page.yaml, keys: elements
[23:43:22.645] elements count: 4
[23:43:22.646] Processing alias=LoginPage.MainWindow.txtUsername, entry keys=displayName,controlType,parentAlias,defaultTimeout,tags,strategies
[23:43:22.646]   Found strategies: WPFSpy
[23:43:22.646]   Added Name mapping: /Window[@AutomationId='MainWindow']/Grid/TextBox[@AutomationId='txtUsername'] -> LoginPage.MainWindow.txtUsername
[23:43:22.646] Processing alias=LoginPage.MainWindow.txtPassword, entry keys=displayName,controlType,parentAlias,defaultTimeout,tags,strategies
[23:43:22.647]   Found strategies: WPFSpy
[23:43:22.647]   Added Name mapping: /Window[@AutomationId='MainWindow']/Grid/PasswordBox[@AutomationId='txtPassword'] -> LoginPage.MainWindow.txtPassword
[23:43:22.647] Processing alias=LoginPage.MainWindow.btnSubmit, entry keys=displayName,controlType,parentAlias,defaultTimeout,tags,strategies
[23:43:22.647]   Found strategies: WPFSpy
[23:43:22.647]   Added Name mapping: /Window[@AutomationId='MainWindow']/Grid/StackPanel/Button[@AutomationId='btnSubmit'] -> LoginPage.MainWindow.btnSubmit
[23:43:22.648] Processing alias=LoginPage.MainWindow.lblError, entry keys=displayName,controlType,parentAlias,defaultTimeout,tags,strategies
[23:43:22.648]   Found strategies: WPFSpy
[23:43:22.648]   Added Name mapping: /Window[@AutomationId='MainWindow']/Grid/StackPanel/Label[@Name='lblError'] -> LoginPage.MainWindow.lblError
[23:43:22.649] Loaded YAML: D:\testpgms\WPFTestAutoClaudeNew\WpfTestFramework\repository\elements\orders_page.yaml, keys: elements
[23:43:22.649] elements count: 7
[23:43:22.649] Processing alias=OrdersPage.OrdersWindow.cmbSku, entry keys=displayName,controlType,parentAlias,defaultTimeout,tags,strategies
[23:43:22.649]   Found strategies: WPFSpy
[23:43:22.650]   Added Name mapping: /Window[@AutomationId='OrdersWindow']/Grid/ComboBox[@AutomationId='cmbSku'] -> OrdersPage.OrdersWindow.cmbSku
[23:43:22.650] Processing alias=OrdersPage.OrdersWindow.txtQty, entry keys=displayName,controlType,parentAlias,defaultTimeout,tags,strategies
[23:43:22.650]   Found strategies: WPFSpy
[23:43:22.650]   Added Name mapping: /Window[@AutomationId='OrdersWindow']/Grid/TextBox[@AutomationId='txtQty'] -> OrdersPage.OrdersWindow.txtQty
[23:43:22.650] Processing alias=OrdersPage.OrdersWindow.chkPriority, entry keys=displayName,controlType,parentAlias,defaultTimeout,tags,strategies
[23:43:22.650]   Found strategies: WPFSpy
[23:43:22.651]   Added Name mapping: /Window[@AutomationId='OrdersWindow']/Grid/StackPanel/PriorityToggleControl[@Name='chkPriority'] -> OrdersPage.OrdersWindow.chkPriority
[23:43:22.651] Processing alias=OrdersPage.OrdersWindow.btnCreateOrder, entry keys=displayName,controlType,parentAlias,defaultTimeout,tags,strategies
[23:43:22.651]   Found strategies: WPFSpy
[23:43:22.651]   Added Name mapping: /Window[@AutomationId='OrdersWindow']/Grid/StackPanel/Button[@AutomationId='btnCreateOrder'] -> OrdersPage.OrdersWindow.btnCreateOrder
[23:43:22.651] Processing alias=OrdersPage.OrdersWindow.btnLogout, entry keys=displayName,controlType,parentAlias,defaultTimeout,tags,strategies
[23:43:22.651]   Found strategies: WPFSpy
[23:43:22.652]   Added Name mapping: /Window[@AutomationId='OrdersWindow']/Grid/StackPanel/Button[@AutomationId='btnLogout'] -> OrdersPage.OrdersWindow.btnLogout
[23:43:22.652] Processing alias=OrdersPage.OrdersWindow.lblConfirmation, entry keys=displayName,controlType,parentAlias,defaultTimeout,tags,strategies
[23:43:22.652]   Found strategies: WPFSpy
[23:43:22.653]   Added Name mapping: /Window[@AutomationId='OrdersWindow']/Grid/StackPanel/Label[@Name='lblConfirmation'] -> OrdersPage.OrdersWindow.lblConfirmation
[23:43:22.653] Processing alias=OrdersPage.OrdersWindow.gridOrders, entry keys=displayName,controlType,parentAlias,defaultTimeout,tags,strategies
[23:43:22.653]   Found strategies: WPFSpy
[23:43:22.653]   Added Name mapping: /Window[@AutomationId='OrdersWindow']/Grid/DataGrid[@AutomationId='gridOrders'] -> OrdersPage.OrdersWindow.gridOrders
[23:43:22.653] Loaded 0 AutomationId mappings, 11 Name mappings
[23:43:31.432] ResolveAlias(automationId=DashboardTitle, name=DashboardTitle)
[23:43:31.432]   -> NO MATCH
[23:43:37.513] ResolveAlias(automationId=, name=indeterminateMark)
[23:43:37.513]   -> NO MATCH
[23:43:42.815] ResolveAlias(automationId=, name=Bd)
[23:43:42.815]   -> NO MATCH
[23:43:44.407] ResolveAlias(automationId=, name=DGR_Border)
[23:43:44.407]   -> NO MATCH
[23:43:47.682] ResolveAlias(automationId=Submit, name=)
[23:43:47.682]   -> NO MATCH
[23:43:52.822] ResolveAlias(automationId=Submit, name=)
[23:43:52.822]   -> NO MATCH
[23:43:54.220] ResolveAlias(automationId=, name=)
[23:43:54.220]   -> NO MATCH
[23:43:57.621] ResolveAlias(automationId=, name=checkBoxBorder)
[23:43:57.622]   -> NO MATCH
[23:44:01.020] ResolveAlias(automationId=, name=indeterminateMark)
[23:44:01.020]   -> NO MATCH
[23:44:04.739] ResolveAlias(automationId=, name=)
[23:44:04.739]   -> NO MATCH
[23:44:09.353] ResolveAlias(automationId=, name=)
[23:44:09.353]   -> NO MATCH
[23:44:15.738] ResolveAlias(automationId=, name=)
[23:44:15.738]   -> NO MATCH
[23:45:15.284] ResolveAlias(automationId=, name=)
[23:45:15.284]   -> NO MATCH
[23:45:18.043] ResolveAlias(automationId=ExportButton, name=ExportButton)
[23:45:18.043]   -> NO MATCH
[23:45:22.410] ResolveAlias(automationId=, name=Bd)
[23:45:22.410]   -> NO MATCH
[23:45:27.606] ResolveAlias(automationId=, name=)
[23:45:27.606]   -> NO MATCH
[23:45:30.340] ResolveAlias(automationId=, name=)
[23:45:30.340]   -> NO MATCH
[23:46:11.897] ResolveAlias(automationId=, name=)
[23:46:11.897]   -> NO MATCH
[23:46:32.911] ResolveAlias(automationId=Submit, name=)
[23:46:32.912]   -> NO MATCH
[23:46:50.207] ResolveAlias(automationId=, name=)
[23:46:50.208]   -> NO MATCH
[09:25:53.942] EnsureLoaded: frameworkRoot=D:\testpgms\WPFTestAutoClaudeNew\WpfTestFramework, repoDir=D:\testpgms\WPFTestAutoClaudeNew\WpfTestFramework\repository\elements, exists=True
[09:25:54.052] Loaded YAML: D:\testpgms\WPFTestAutoClaudeNew\WpfTestFramework\repository\elements\login_page.yaml, keys: elements
[09:25:54.053] elements count: 4
[09:25:54.053] Processing alias=LoginPage.MainWindow.txtUsername, entry keys=displayName,controlType,parentAlias,defaultTimeout,tags,strategies
[09:25:54.053]   Found strategies: WPFSpy
[09:25:54.054]   Added Name mapping: /Window[@AutomationId='MainWindow']/Grid/TextBox[@AutomationId='txtUsername'] -> LoginPage.MainWindow.txtUsername
[09:25:54.054] Processing alias=LoginPage.MainWindow.txtPassword, entry keys=displayName,controlType,parentAlias,defaultTimeout,tags,strategies
[09:25:54.054]   Found strategies: WPFSpy
[09:25:54.054]   Added Name mapping: /Window[@AutomationId='MainWindow']/Grid/PasswordBox[@AutomationId='txtPassword'] -> LoginPage.MainWindow.txtPassword
[09:25:54.055] Processing alias=LoginPage.MainWindow.btnSubmit, entry keys=displayName,controlType,parentAlias,defaultTimeout,tags,strategies
[09:25:54.055]   Found strategies: WPFSpy
[09:25:54.055]   Added Name mapping: /Window[@AutomationId='MainWindow']/Grid/StackPanel/Button[@AutomationId='btnSubmit'] -> LoginPage.MainWindow.btnSubmit
[09:25:54.056] Processing alias=LoginPage.MainWindow.lblError, entry keys=displayName,controlType,parentAlias,defaultTimeout,tags,strategies
[09:25:54.056]   Found strategies: WPFSpy
[09:25:54.057]   Added Name mapping: /Window[@AutomationId='MainWindow']/Grid/StackPanel/Label[@Name='lblError'] -> LoginPage.MainWindow.lblError
[09:25:54.061] Loaded YAML: D:\testpgms\WPFTestAutoClaudeNew\WpfTestFramework\repository\elements\orders_page.yaml, keys: elements
[09:25:54.061] elements count: 7
[09:25:54.062] Processing alias=OrdersPage.OrdersWindow.cmbSku, entry keys=displayName,controlType,parentAlias,defaultTimeout,tags,strategies
[09:25:54.062]   Found strategies: WPFSpy
[09:25:54.062]   Added Name mapping: /Window[@AutomationId='OrdersWindow']/Grid/ComboBox[@AutomationId='cmbSku'] -> OrdersPage.OrdersWindow.cmbSku
[09:25:54.063] Processing alias=OrdersPage.OrdersWindow.txtQty, entry keys=displayName,controlType,parentAlias,defaultTimeout,tags,strategies
[09:25:54.063]   Found strategies: WPFSpy
[09:25:54.063]   Added Name mapping: /Window[@AutomationId='OrdersWindow']/Grid/TextBox[@AutomationId='txtQty'] -> OrdersPage.OrdersWindow.txtQty
[09:25:54.063] Processing alias=OrdersPage.OrdersWindow.chkPriority, entry keys=displayName,controlType,parentAlias,defaultTimeout,tags,strategies
[09:25:54.064]   Found strategies: WPFSpy
[09:25:54.064]   Added Name mapping: /Window[@AutomationId='OrdersWindow']/Grid/StackPanel/PriorityToggleControl[@Name='chkPriority'] -> OrdersPage.OrdersWindow.chkPriority
[09:25:54.065] Processing alias=OrdersPage.OrdersWindow.btnCreateOrder, entry keys=displayName,controlType,parentAlias,defaultTimeout,tags,strategies
[09:25:54.065]   Found strategies: WPFSpy
[09:25:54.065]   Added Name mapping: /Window[@AutomationId='OrdersWindow']/Grid/StackPanel/Button[@AutomationId='btnCreateOrder'] -> OrdersPage.OrdersWindow.btnCreateOrder
[09:25:54.066] Processing alias=OrdersPage.OrdersWindow.btnLogout, entry keys=displayName,controlType,parentAlias,defaultTimeout,tags,strategies
[09:25:54.066]   Found strategies: WPFSpy
[09:25:54.066]   Added Name mapping: /Window[@AutomationId='OrdersWindow']/Grid/StackPanel/Button[@AutomationId='btnLogout'] -> OrdersPage.OrdersWindow.btnLogout
[09:25:54.066] Processing alias=OrdersPage.OrdersWindow.lblConfirmation, entry keys=displayName,controlType,parentAlias,defaultTimeout,tags,strategies
[09:25:54.067]   Found strategies: WPFSpy
[09:25:54.067]   Added Name mapping: /Window[@AutomationId='OrdersWindow']/Grid/StackPanel/Label[@Name='lblConfirmation'] -> OrdersPage.OrdersWindow.lblConfirmation
[09:25:54.068] Processing alias=OrdersPage.OrdersWindow.gridOrders, entry keys=displayName,controlType,parentAlias,defaultTimeout,tags,strategies
[09:25:54.068]   Found strategies: WPFSpy
[09:25:54.068]   Added Name mapping: /Window[@AutomationId='OrdersWindow']/Grid/DataGrid[@AutomationId='gridOrders'] -> OrdersPage.OrdersWindow.gridOrders
[09:25:54.069] Loaded 0 AutomationId mappings, 11 Name mappings
[09:27:41.940] EnsureLoaded: frameworkRoot=D:\testpgms\WPFTestAutoClaudeNew\WpfTestFramework, repoDir=D:\testpgms\WPFTestAutoClaudeNew\WpfTestFramework\repository\elements, exists=True
[09:27:42.031] Loaded YAML: D:\testpgms\WPFTestAutoClaudeNew\WpfTestFramework\repository\elements\login_page.yaml, keys: elements
[09:27:42.033] elements count: 4
[09:27:42.033] Processing alias=LoginPage.MainWindow.txtUsername, entry keys=displayName,controlType,parentAlias,defaultTimeout,tags,strategies
[09:27:42.034]   Found strategies: WPFSpy
[09:27:42.034]   Added Name mapping: /Window[@AutomationId='MainWindow']/Grid/TextBox[@AutomationId='txtUsername'] -> LoginPage.MainWindow.txtUsername
[09:27:42.034] Processing alias=LoginPage.MainWindow.txtPassword, entry keys=displayName,controlType,parentAlias,defaultTimeout,tags,strategies
[09:27:42.034]   Found strategies: WPFSpy
[09:27:42.035]   Added Name mapping: /Window[@AutomationId='MainWindow']/Grid/PasswordBox[@AutomationId='txtPassword'] -> LoginPage.MainWindow.txtPassword
[09:27:42.035] Processing alias=LoginPage.MainWindow.btnSubmit, entry keys=displayName,controlType,parentAlias,defaultTimeout,tags,strategies
[09:27:42.035]   Found strategies: WPFSpy
[09:27:42.035]   Added Name mapping: /Window[@AutomationId='MainWindow']/Grid/StackPanel/Button[@AutomationId='btnSubmit'] -> LoginPage.MainWindow.btnSubmit
[09:27:42.035] Processing alias=LoginPage.MainWindow.lblError, entry keys=displayName,controlType,parentAlias,defaultTimeout,tags,strategies
[09:27:42.035]   Found strategies: WPFSpy
[09:27:42.036]   Added Name mapping: /Window[@AutomationId='MainWindow']/Grid/StackPanel/Label[@Name='lblError'] -> LoginPage.MainWindow.lblError
[09:27:42.038] Loaded YAML: D:\testpgms\WPFTestAutoClaudeNew\WpfTestFramework\repository\elements\orders_page.yaml, keys: elements
[09:27:42.038] elements count: 7
[09:27:42.039] Processing alias=OrdersPage.OrdersWindow.cmbSku, entry keys=displayName,controlType,parentAlias,defaultTimeout,tags,strategies
[09:27:42.039]   Found strategies: WPFSpy
[09:27:42.039]   Added Name mapping: /Window[@AutomationId='OrdersWindow']/Grid/ComboBox[@AutomationId='cmbSku'] -> OrdersPage.OrdersWindow.cmbSku
[09:27:42.039] Processing alias=OrdersPage.OrdersWindow.txtQty, entry keys=displayName,controlType,parentAlias,defaultTimeout,tags,strategies
[09:27:42.040]   Found strategies: WPFSpy
[09:27:42.040]   Added Name mapping: /Window[@AutomationId='OrdersWindow']/Grid/TextBox[@AutomationId='txtQty'] -> OrdersPage.OrdersWindow.txtQty
[09:27:42.040] Processing alias=OrdersPage.OrdersWindow.chkPriority, entry keys=displayName,controlType,parentAlias,defaultTimeout,tags,strategies
[09:27:42.040]   Found strategies: WPFSpy
[09:27:42.040]   Added Name mapping: /Window[@AutomationId='OrdersWindow']/Grid/StackPanel/PriorityToggleControl[@Name='chkPriority'] -> OrdersPage.OrdersWindow.chkPriority
[09:27:42.040] Processing alias=OrdersPage.OrdersWindow.btnCreateOrder, entry keys=displayName,controlType,parentAlias,defaultTimeout,tags,strategies
[09:27:42.040]   Found strategies: WPFSpy
[09:27:42.041]   Added Name mapping: /Window[@AutomationId='OrdersWindow']/Grid/StackPanel/Button[@AutomationId='btnCreateOrder'] -> OrdersPage.OrdersWindow.btnCreateOrder
[09:27:42.042] Processing alias=OrdersPage.OrdersWindow.btnLogout, entry keys=displayName,controlType,parentAlias,defaultTimeout,tags,strategies
[09:27:42.042]   Found strategies: WPFSpy
[09:27:42.042]   Added Name mapping: /Window[@AutomationId='OrdersWindow']/Grid/StackPanel/Button[@AutomationId='btnLogout'] -> OrdersPage.OrdersWindow.btnLogout
[09:27:42.042] Processing alias=OrdersPage.OrdersWindow.lblConfirmation, entry keys=displayName,controlType,parentAlias,defaultTimeout,tags,strategies
[09:27:42.042]   Found strategies: WPFSpy
[09:27:42.043]   Added Name mapping: /Window[@AutomationId='OrdersWindow']/Grid/StackPanel/Label[@Name='lblConfirmation'] -> OrdersPage.OrdersWindow.lblConfirmation
[09:27:42.043] Processing alias=OrdersPage.OrdersWindow.gridOrders, entry keys=displayName,controlType,parentAlias,defaultTimeout,tags,strategies
[09:27:42.043]   Found strategies: WPFSpy
[09:27:42.044]   Added Name mapping: /Window[@AutomationId='OrdersWindow']/Grid/DataGrid[@AutomationId='gridOrders'] -> OrdersPage.OrdersWindow.gridOrders
[09:27:42.044] Loaded 0 AutomationId mappings, 11 Name mappings
[09:29:20.317] EnsureLoaded: frameworkRoot=D:\testpgms\WPFTestAutoClaudeNew\WpfTestFramework, repoDir=D:\testpgms\WPFTestAutoClaudeNew\WpfTestFramework\repository\elements, exists=True
[09:29:20.396] Loaded YAML: D:\testpgms\WPFTestAutoClaudeNew\WpfTestFramework\repository\elements\login_page.yaml, keys: elements
[09:29:20.397] elements count: 4
[09:29:20.398] Processing alias=LoginPage.MainWindow.txtUsername, entry keys=displayName,controlType,parentAlias,defaultTimeout,tags,strategies
[09:29:20.398]   Found strategies: WPFSpy
[09:29:20.398]   Added Name mapping: /Window[@AutomationId='MainWindow']/Grid/TextBox[@AutomationId='txtUsername'] -> LoginPage.MainWindow.txtUsername
[09:29:20.398] Processing alias=LoginPage.MainWindow.txtPassword, entry keys=displayName,controlType,parentAlias,defaultTimeout,tags,strategies
[09:29:20.399]   Found strategies: WPFSpy
[09:29:20.399]   Added Name mapping: /Window[@AutomationId='MainWindow']/Grid/PasswordBox[@AutomationId='txtPassword'] -> LoginPage.MainWindow.txtPassword
[09:29:20.399] Processing alias=LoginPage.MainWindow.btnSubmit, entry keys=displayName,controlType,parentAlias,defaultTimeout,tags,strategies
[09:29:20.400]   Found strategies: WPFSpy
[09:29:20.400]   Added Name mapping: /Window[@AutomationId='MainWindow']/Grid/StackPanel/Button[@AutomationId='btnSubmit'] -> LoginPage.MainWindow.btnSubmit
[09:29:20.400] Processing alias=LoginPage.MainWindow.lblError, entry keys=displayName,controlType,parentAlias,defaultTimeout,tags,strategies
[09:29:20.400]   Found strategies: WPFSpy
[09:29:20.401]   Added Name mapping: /Window[@AutomationId='MainWindow']/Grid/StackPanel/Label[@Name='lblError'] -> LoginPage.MainWindow.lblError
[09:29:20.404] Loaded YAML: D:\testpgms\WPFTestAutoClaudeNew\WpfTestFramework\repository\elements\orders_page.yaml, keys: elements
[09:29:20.404] elements count: 7
[09:29:20.404] Processing alias=OrdersPage.OrdersWindow.cmbSku, entry keys=displayName,controlType,parentAlias,defaultTimeout,tags,strategies
[09:29:20.405]   Found strategies: WPFSpy
[09:29:20.405]   Added Name mapping: /Window[@AutomationId='OrdersWindow']/Grid/ComboBox[@AutomationId='cmbSku'] -> OrdersPage.OrdersWindow.cmbSku
[09:29:20.405] Processing alias=OrdersPage.OrdersWindow.txtQty, entry keys=displayName,controlType,parentAlias,defaultTimeout,tags,strategies
[09:29:20.405]   Found strategies: WPFSpy
[09:29:20.405]   Added Name mapping: /Window[@AutomationId='OrdersWindow']/Grid/TextBox[@AutomationId='txtQty'] -> OrdersPage.OrdersWindow.txtQty
[09:29:20.406] Processing alias=OrdersPage.OrdersWindow.chkPriority, entry keys=displayName,controlType,parentAlias,defaultTimeout,tags,strategies
[09:29:20.406]   Found strategies: WPFSpy
[09:29:20.406]   Added Name mapping: /Window[@AutomationId='OrdersWindow']/Grid/StackPanel/PriorityToggleControl[@Name='chkPriority'] -> OrdersPage.OrdersWindow.chkPriority
[09:29:20.406] Processing alias=OrdersPage.OrdersWindow.btnCreateOrder, entry keys=displayName,controlType,parentAlias,defaultTimeout,tags,strategies
[09:29:20.406]   Found strategies: WPFSpy
[09:29:20.407]   Added Name mapping: /Window[@AutomationId='OrdersWindow']/Grid/StackPanel/Button[@AutomationId='btnCreateOrder'] -> OrdersPage.OrdersWindow.btnCreateOrder
[09:29:20.407] Processing alias=OrdersPage.OrdersWindow.btnLogout, entry keys=displayName,controlType,parentAlias,defaultTimeout,tags,strategies
[09:29:20.407]   Found strategies: WPFSpy
[09:29:20.407]   Added Name mapping: /Window[@AutomationId='OrdersWindow']/Grid/StackPanel/Button[@AutomationId='btnLogout'] -> OrdersPage.OrdersWindow.btnLogout
[09:29:20.408] Processing alias=OrdersPage.OrdersWindow.lblConfirmation, entry keys=displayName,controlType,parentAlias,defaultTimeout,tags,strategies
[09:29:20.408]   Found strategies: WPFSpy
[09:29:20.408]   Added Name mapping: /Window[@AutomationId='OrdersWindow']/Grid/StackPanel/Label[@Name='lblConfirmation'] -> OrdersPage.OrdersWindow.lblConfirmation
[09:29:20.409] Processing alias=OrdersPage.OrdersWindow.gridOrders, entry keys=displayName,controlType,parentAlias,defaultTimeout,tags,strategies
[09:29:20.409]   Found strategies: WPFSpy
[09:29:20.409]   Added Name mapping: /Window[@AutomationId='OrdersWindow']/Grid/DataGrid[@AutomationId='gridOrders'] -> OrdersPage.OrdersWindow.gridOrders
[09:29:20.409] Loaded 0 AutomationId mappings, 11 Name mappings
[11:10:09.254] EnsureLoaded: frameworkRoot=D:\testpgms\WPFTestAutoClaudeNew\WpfTestFramework, repoDir=D:\testpgms\WPFTestAutoClaudeNew\WpfTestFramework\repository\elements, exists=True
[11:10:09.327] Loaded YAML: D:\testpgms\WPFTestAutoClaudeNew\WpfTestFramework\repository\elements\login_page.yaml, keys: elements
[11:10:09.328] elements count: 4
[11:10:09.328] Processing alias=LoginPage.MainWindow.txtUsername, entry keys=displayName,controlType,parentAlias,defaultTimeout,tags,strategies
[11:10:09.329]   Found strategies: WPFSpy
[11:10:09.329]   Added Name mapping: /Window[@AutomationId='MainWindow']/Grid/TextBox[@AutomationId='txtUsername'] -> LoginPage.MainWindow.txtUsername
[11:10:09.329] Processing alias=LoginPage.MainWindow.txtPassword, entry keys=displayName,controlType,parentAlias,defaultTimeout,tags,strategies
[11:10:09.329]   Found strategies: WPFSpy
[11:10:09.329]   Added Name mapping: /Window[@AutomationId='MainWindow']/Grid/PasswordBox[@AutomationId='txtPassword'] -> LoginPage.MainWindow.txtPassword
[11:10:09.329] Processing alias=LoginPage.MainWindow.btnSubmit, entry keys=displayName,controlType,parentAlias,defaultTimeout,tags,strategies
[11:10:09.329]   Found strategies: WPFSpy
[11:10:09.329]   Added Name mapping: /Window[@AutomationId='MainWindow']/Grid/StackPanel/Button[@AutomationId='btnSubmit'] -> LoginPage.MainWindow.btnSubmit
[11:10:09.329] Processing alias=LoginPage.MainWindow.lblError, entry keys=displayName,controlType,parentAlias,defaultTimeout,tags,strategies
[11:10:09.330]   Found strategies: WPFSpy
[11:10:09.330]   Added Name mapping: /Window[@AutomationId='MainWindow']/Grid/StackPanel/Label[@Name='lblError'] -> LoginPage.MainWindow.lblError
[11:10:09.331] Loaded YAML: D:\testpgms\WPFTestAutoClaudeNew\WpfTestFramework\repository\elements\orders_page.yaml, keys: elements
[11:10:09.332] elements count: 7
[11:10:09.332] Processing alias=OrdersPage.OrdersWindow.cmbSku, entry keys=displayName,controlType,parentAlias,defaultTimeout,tags,strategies
[11:10:09.332]   Found strategies: WPFSpy
[11:10:09.332]   Added Name mapping: /Window[@AutomationId='OrdersWindow']/Grid/ComboBox[@AutomationId='cmbSku'] -> OrdersPage.OrdersWindow.cmbSku
[11:10:09.332] Processing alias=OrdersPage.OrdersWindow.txtQty, entry keys=displayName,controlType,parentAlias,defaultTimeout,tags,strategies
[11:10:09.332]   Found strategies: WPFSpy
[11:10:09.332]   Added Name mapping: /Window[@AutomationId='OrdersWindow']/Grid/TextBox[@AutomationId='txtQty'] -> OrdersPage.OrdersWindow.txtQty
[11:10:09.332] Processing alias=OrdersPage.OrdersWindow.chkPriority, entry keys=displayName,controlType,parentAlias,defaultTimeout,tags,strategies
[11:10:09.332]   Found strategies: WPFSpy
[11:10:09.333]   Added Name mapping: /Window[@AutomationId='OrdersWindow']/Grid/StackPanel/PriorityToggleControl[@Name='chkPriority'] -> OrdersPage.OrdersWindow.chkPriority
[11:10:09.333] Processing alias=OrdersPage.OrdersWindow.btnCreateOrder, entry keys=displayName,controlType,parentAlias,defaultTimeout,tags,strategies
[11:10:09.333]   Found strategies: WPFSpy
[11:10:09.333]   Added Name mapping: /Window[@AutomationId='OrdersWindow']/Grid/StackPanel/Button[@AutomationId='btnCreateOrder'] -> OrdersPage.OrdersWindow.btnCreateOrder
[11:10:09.333] Processing alias=OrdersPage.OrdersWindow.btnLogout, entry keys=displayName,controlType,parentAlias,defaultTimeout,tags,strategies
[11:10:09.333]   Found strategies: WPFSpy
[11:10:09.333]   Added Name mapping: /Window[@AutomationId='OrdersWindow']/Grid/StackPanel/Button[@AutomationId='btnLogout'] -> OrdersPage.OrdersWindow.btnLogout
[11:10:09.333] Processing alias=OrdersPage.OrdersWindow.lblConfirmation, entry keys=displayName,controlType,parentAlias,defaultTimeout,tags,strategies
[11:10:09.333]   Found strategies: WPFSpy
[11:10:09.333]   Added Name mapping: /Window[@AutomationId='OrdersWindow']/Grid/StackPanel/Label[@Name='lblConfirmation'] -> OrdersPage.OrdersWindow.lblConfirmation
[11:10:09.334] Processing alias=OrdersPage.OrdersWindow.gridOrders, entry keys=displayName,controlType,parentAlias,defaultTimeout,tags,strategies
[11:10:09.334]   Found strategies: WPFSpy
[11:10:09.334]   Added Name mapping: /Window[@AutomationId='OrdersWindow']/Grid/DataGrid[@AutomationId='gridOrders'] -> OrdersPage.OrdersWindow.gridOrders
[11:10:09.334] Loaded 0 AutomationId mappings, 11 Name mappings
[11:17:30.528] EnsureLoaded: frameworkRoot=D:\testpgms\WPFTestAutoClaudeNew\WpfTestFramework, repoDir=D:\testpgms\WPFTestAutoClaudeNew\WpfTestFramework\repository\elements, exists=True
[11:17:30.599] Loaded YAML: D:\testpgms\WPFTestAutoClaudeNew\WpfTestFramework\repository\elements\login_page.yaml, keys: elements
[11:17:30.600] elements count: 4
[11:17:30.601] Processing alias=LoginPage.MainWindow.txtUsername, entry keys=displayName,controlType,parentAlias,defaultTimeout,tags,strategies
[11:17:30.601]   Found strategies: WPFSpy
[11:17:30.601]   Added Name mapping: /Window[@AutomationId='MainWindow']/Grid/TextBox[@AutomationId='txtUsername'] -> LoginPage.MainWindow.txtUsername
[11:17:30.602] Processing alias=LoginPage.MainWindow.txtPassword, entry keys=displayName,controlType,parentAlias,defaultTimeout,tags,strategies
[11:17:30.602]   Found strategies: WPFSpy
[11:17:30.602]   Added Name mapping: /Window[@AutomationId='MainWindow']/Grid/PasswordBox[@AutomationId='txtPassword'] -> LoginPage.MainWindow.txtPassword
[11:17:30.603] Processing alias=LoginPage.MainWindow.btnSubmit, entry keys=displayName,controlType,parentAlias,defaultTimeout,tags,strategies
[11:17:30.603]   Found strategies: WPFSpy
[11:17:30.603]   Added Name mapping: /Window[@AutomationId='MainWindow']/Grid/StackPanel/Button[@AutomationId='btnSubmit'] -> LoginPage.MainWindow.btnSubmit
[11:17:30.603] Processing alias=LoginPage.MainWindow.lblError, entry keys=displayName,controlType,parentAlias,defaultTimeout,tags,strategies
[11:17:30.603]   Found strategies: WPFSpy
[11:17:30.603]   Added Name mapping: /Window[@AutomationId='MainWindow']/Grid/StackPanel/Label[@Name='lblError'] -> LoginPage.MainWindow.lblError
[11:17:30.606] Loaded YAML: D:\testpgms\WPFTestAutoClaudeNew\WpfTestFramework\repository\elements\orders_page.yaml, keys: elements
[11:17:30.606] elements count: 7
[11:17:30.606] Processing alias=OrdersPage.OrdersWindow.cmbSku, entry keys=displayName,controlType,parentAlias,defaultTimeout,tags,strategies
[11:17:30.606]   Found strategies: WPFSpy
[11:17:30.607]   Added Name mapping: /Window[@AutomationId='OrdersWindow']/Grid/ComboBox[@AutomationId='cmbSku'] -> OrdersPage.OrdersWindow.cmbSku
[11:17:30.607] Processing alias=OrdersPage.OrdersWindow.txtQty, entry keys=displayName,controlType,parentAlias,defaultTimeout,tags,strategies
[11:17:30.607]   Found strategies: WPFSpy
[11:17:30.607]   Added Name mapping: /Window[@AutomationId='OrdersWindow']/Grid/TextBox[@AutomationId='txtQty'] -> OrdersPage.OrdersWindow.txtQty
[11:17:30.607] Processing alias=OrdersPage.OrdersWindow.chkPriority, entry keys=displayName,controlType,parentAlias,defaultTimeout,tags,strategies
[11:17:30.607]   Found strategies: WPFSpy
[11:17:30.607]   Added Name mapping: /Window[@AutomationId='OrdersWindow']/Grid/StackPanel/PriorityToggleControl[@Name='chkPriority'] -> OrdersPage.OrdersWindow.chkPriority
[11:17:30.608] Processing alias=OrdersPage.OrdersWindow.btnCreateOrder, entry keys=displayName,controlType,parentAlias,defaultTimeout,tags,strategies
[11:17:30.608]   Found strategies: WPFSpy
[11:17:30.608]   Added Name mapping: /Window[@AutomationId='OrdersWindow']/Grid/StackPanel/Button[@AutomationId='btnCreateOrder'] -> OrdersPage.OrdersWindow.btnCreateOrder
[11:17:30.608] Processing alias=OrdersPage.OrdersWindow.btnLogout, entry keys=displayName,controlType,parentAlias,defaultTimeout,tags,strategies
[11:17:30.608]   Found strategies: WPFSpy
[11:17:30.608]   Added Name mapping: /Window[@AutomationId='OrdersWindow']/Grid/StackPanel/Button[@AutomationId='btnLogout'] -> OrdersPage.OrdersWindow.btnLogout
[11:17:30.609] Processing alias=OrdersPage.OrdersWindow.lblConfirmation, entry keys=displayName,controlType,parentAlias,defaultTimeout,tags,strategies
[11:17:30.609]   Found strategies: WPFSpy
[11:17:30.609]   Added Name mapping: /Window[@AutomationId='OrdersWindow']/Grid/StackPanel/Label[@Name='lblConfirmation'] -> OrdersPage.OrdersWindow.lblConfirmation
[11:17:30.609] Processing alias=OrdersPage.OrdersWindow.gridOrders, entry keys=displayName,controlType,parentAlias,defaultTimeout,tags,strategies
[11:17:30.609]   Found strategies: WPFSpy
[11:17:30.610]   Added Name mapping: /Window[@AutomationId='OrdersWindow']/Grid/DataGrid[@AutomationId='gridOrders'] -> OrdersPage.OrdersWindow.gridOrders
[11:17:30.610] Loaded 0 AutomationId mappings, 11 Name mappings
[11:26:04.687] EnsureLoaded: frameworkRoot=D:\testpgms\WPFTestAutoClaudeNew\WpfTestFramework, repoDir=D:\testpgms\WPFTestAutoClaudeNew\WpfTestFramework\repository\elements, exists=True
[11:26:04.760] Loaded YAML: D:\testpgms\WPFTestAutoClaudeNew\WpfTestFramework\repository\elements\login_page.yaml, keys: elements
[11:26:04.762] elements count: 4
[11:26:04.763] Processing alias=LoginPage.MainWindow.txtUsername, entry keys=displayName,controlType,parentAlias,defaultTimeout,tags,strategies
[11:26:04.763]   Found strategies: WPFSpy
[11:26:04.763]   Added Name mapping: /Window[@AutomationId='MainWindow']/Grid/TextBox[@AutomationId='txtUsername'] -> LoginPage.MainWindow.txtUsername
[11:26:04.764] Processing alias=LoginPage.MainWindow.txtPassword, entry keys=displayName,controlType,parentAlias,defaultTimeout,tags,strategies
[11:26:04.764]   Found strategies: WPFSpy
[11:26:04.764]   Added Name mapping: /Window[@AutomationId='MainWindow']/Grid/PasswordBox[@AutomationId='txtPassword'] -> LoginPage.MainWindow.txtPassword
[11:26:04.765] Processing alias=LoginPage.MainWindow.btnSubmit, entry keys=displayName,controlType,parentAlias,defaultTimeout,tags,strategies
[11:26:04.765]   Found strategies: WPFSpy
[11:26:04.765]   Added Name mapping: /Window[@AutomationId='MainWindow']/Grid/StackPanel/Button[@AutomationId='btnSubmit'] -> LoginPage.MainWindow.btnSubmit
[11:26:04.765] Processing alias=LoginPage.MainWindow.lblError, entry keys=displayName,controlType,parentAlias,defaultTimeout,tags,strategies
[11:26:04.765]   Found strategies: WPFSpy
[11:26:04.765]   Added Name mapping: /Window[@AutomationId='MainWindow']/Grid/StackPanel/Label[@Name='lblError'] -> LoginPage.MainWindow.lblError
[11:26:04.768] Loaded YAML: D:\testpgms\WPFTestAutoClaudeNew\WpfTestFramework\repository\elements\orders_page.yaml, keys: elements
[11:26:04.768] elements count: 7
[11:26:04.768] Processing alias=OrdersPage.OrdersWindow.cmbSku, entry keys=displayName,controlType,parentAlias,defaultTimeout,tags,strategies
[11:26:04.769]   Found strategies: WPFSpy
[11:26:04.769]   Added Name mapping: /Window[@AutomationId='OrdersWindow']/Grid/ComboBox[@AutomationId='cmbSku'] -> OrdersPage.OrdersWindow.cmbSku
[11:26:04.769] Processing alias=OrdersPage.OrdersWindow.txtQty, entry keys=displayName,controlType,parentAlias,defaultTimeout,tags,strategies
[11:26:04.769]   Found strategies: WPFSpy
[11:26:04.769]   Added Name mapping: /Window[@AutomationId='OrdersWindow']/Grid/TextBox[@AutomationId='txtQty'] -> OrdersPage.OrdersWindow.txtQty
[11:26:04.769] Processing alias=OrdersPage.OrdersWindow.chkPriority, entry keys=displayName,controlType,parentAlias,defaultTimeout,tags,strategies
[11:26:04.770]   Found strategies: WPFSpy
[11:26:04.770]   Added Name mapping: /Window[@AutomationId='OrdersWindow']/Grid/StackPanel/PriorityToggleControl[@Name='chkPriority'] -> OrdersPage.OrdersWindow.chkPriority
[11:26:04.770] Processing alias=OrdersPage.OrdersWindow.btnCreateOrder, entry keys=displayName,controlType,parentAlias,defaultTimeout,tags,strategies
[11:26:04.770]   Found strategies: WPFSpy
[11:26:04.770]   Added Name mapping: /Window[@AutomationId='OrdersWindow']/Grid/StackPanel/Button[@AutomationId='btnCreateOrder'] -> OrdersPage.OrdersWindow.btnCreateOrder
[11:26:04.770] Processing alias=OrdersPage.OrdersWindow.btnLogout, entry keys=displayName,controlType,parentAlias,defaultTimeout,tags,strategies
[11:26:04.770]   Found strategies: WPFSpy
[11:26:04.771]   Added Name mapping: /Window[@AutomationId='OrdersWindow']/Grid/StackPanel/Button[@AutomationId='btnLogout'] -> OrdersPage.OrdersWindow.btnLogout
[11:26:04.771] Processing alias=OrdersPage.OrdersWindow.lblConfirmation, entry keys=displayName,controlType,parentAlias,defaultTimeout,tags,strategies
[11:26:04.771]   Found strategies: WPFSpy
[11:26:04.771]   Added Name mapping: /Window[@AutomationId='OrdersWindow']/Grid/StackPanel/Label[@Name='lblConfirmation'] -> OrdersPage.OrdersWindow.lblConfirmation
[11:26:04.771] Processing alias=OrdersPage.OrdersWindow.gridOrders, entry keys=displayName,controlType,parentAlias,defaultTimeout,tags,strategies
[11:26:04.771]   Found strategies: WPFSpy
[11:26:04.772]   Added Name mapping: /Window[@AutomationId='OrdersWindow']/Grid/DataGrid[@AutomationId='gridOrders'] -> OrdersPage.OrdersWindow.gridOrders
[11:26:04.772] Loaded 0 AutomationId mappings, 11 Name mappings
[11:35:42.811] EnsureLoaded: frameworkRoot=D:\testpgms\WPFTestAutoClaudeNew\WpfTestFramework, repoDir=D:\testpgms\WPFTestAutoClaudeNew\WpfTestFramework\repository\elements, exists=True
[11:35:42.890] Loaded YAML: D:\testpgms\WPFTestAutoClaudeNew\WpfTestFramework\repository\elements\login_page.yaml, keys: elements
[11:35:42.891] elements count: 4
[11:35:42.892] Processing alias=LoginPage.MainWindow.txtUsername, entry keys=displayName,controlType,parentAlias,defaultTimeout,tags,strategies
[11:35:42.892]   Found strategies: WPFSpy
[11:35:42.893]   Added Name mapping: /Window[@AutomationId='MainWindow']/Grid/TextBox[@AutomationId='txtUsername'] -> LoginPage.MainWindow.txtUsername
[11:35:42.893] Processing alias=LoginPage.MainWindow.txtPassword, entry keys=displayName,controlType,parentAlias,defaultTimeout,tags,strategies
[11:35:42.893]   Found strategies: WPFSpy
[11:35:42.893]   Added Name mapping: /Window[@AutomationId='MainWindow']/Grid/PasswordBox[@AutomationId='txtPassword'] -> LoginPage.MainWindow.txtPassword
[11:35:42.894] Processing alias=LoginPage.MainWindow.btnSubmit, entry keys=displayName,controlType,parentAlias,defaultTimeout,tags,strategies
[11:35:42.894]   Found strategies: WPFSpy
[11:35:42.894]   Added Name mapping: /Window[@AutomationId='MainWindow']/Grid/StackPanel/Button[@AutomationId='btnSubmit'] -> LoginPage.MainWindow.btnSubmit
[11:35:42.894] Processing alias=LoginPage.MainWindow.lblError, entry keys=displayName,controlType,parentAlias,defaultTimeout,tags,strategies
[11:35:42.894]   Found strategies: WPFSpy
[11:35:42.895]   Added Name mapping: /Window[@AutomationId='MainWindow']/Grid/StackPanel/Label[@Name='lblError'] -> LoginPage.MainWindow.lblError
[11:35:42.897] Loaded YAML: D:\testpgms\WPFTestAutoClaudeNew\WpfTestFramework\repository\elements\orders_page.yaml, keys: elements
[11:35:42.898] elements count: 7
[11:35:42.898] Processing alias=OrdersPage.OrdersWindow.cmbSku, entry keys=displayName,controlType,parentAlias,defaultTimeout,tags,strategies
[11:35:42.898]   Found strategies: WPFSpy
[11:35:42.898]   Added Name mapping: /Window[@AutomationId='OrdersWindow']/Grid/ComboBox[@AutomationId='cmbSku'] -> OrdersPage.OrdersWindow.cmbSku
[11:35:42.899] Processing alias=OrdersPage.OrdersWindow.txtQty, entry keys=displayName,controlType,parentAlias,defaultTimeout,tags,strategies
[11:35:42.899]   Found strategies: WPFSpy
[11:35:42.899]   Added Name mapping: /Window[@AutomationId='OrdersWindow']/Grid/TextBox[@AutomationId='txtQty'] -> OrdersPage.OrdersWindow.txtQty
[11:35:42.899] Processing alias=OrdersPage.OrdersWindow.chkPriority, entry keys=displayName,controlType,parentAlias,defaultTimeout,tags,strategies
[11:35:42.900]   Found strategies: WPFSpy
[11:35:42.900]   Added Name mapping: /Window[@AutomationId='OrdersWindow']/Grid/StackPanel/PriorityToggleControl[@Name='chkPriority'] -> OrdersPage.OrdersWindow.chkPriority
[11:35:42.900] Processing alias=OrdersPage.OrdersWindow.btnCreateOrder, entry keys=displayName,controlType,parentAlias,defaultTimeout,tags,strategies
[11:35:42.900]   Found strategies: WPFSpy
[11:35:42.901]   Added Name mapping: /Window[@AutomationId='OrdersWindow']/Grid/StackPanel/Button[@AutomationId='btnCreateOrder'] -> OrdersPage.OrdersWindow.btnCreateOrder
[11:35:42.901] Processing alias=OrdersPage.OrdersWindow.btnLogout, entry keys=displayName,controlType,parentAlias,defaultTimeout,tags,strategies
[11:35:42.901]   Found strategies: WPFSpy
[11:35:42.901]   Added Name mapping: /Window[@AutomationId='OrdersWindow']/Grid/StackPanel/Button[@AutomationId='btnLogout'] -> OrdersPage.OrdersWindow.btnLogout
[11:35:42.902] Processing alias=OrdersPage.OrdersWindow.lblConfirmation, entry keys=displayName,controlType,parentAlias,defaultTimeout,tags,strategies
[11:35:42.902]   Found strategies: WPFSpy
[11:35:42.903]   Added Name mapping: /Window[@AutomationId='OrdersWindow']/Grid/StackPanel/Label[@Name='lblConfirmation'] -> OrdersPage.OrdersWindow.lblConfirmation
[11:35:42.903] Processing alias=OrdersPage.OrdersWindow.gridOrders, entry keys=displayName,controlType,parentAlias,defaultTimeout,tags,strategies
[11:35:42.903]   Found strategies: WPFSpy
[11:35:42.904]   Added Name mapping: /Window[@AutomationId='OrdersWindow']/Grid/DataGrid[@AutomationId='gridOrders'] -> OrdersPage.OrdersWindow.gridOrders
[11:35:42.904] Loaded 0 AutomationId mappings, 11 Name mappings
[12:00:27.695] EnsureLoaded: frameworkRoot=D:\testpgms\WPFTestAutoClaudeNew\WpfTestFramework, repoDir=D:\testpgms\WPFTestAutoClaudeNew\WpfTestFramework\repository\elements, exists=True
[12:00:27.759] Loaded YAML: D:\testpgms\WPFTestAutoClaudeNew\WpfTestFramework\repository\elements\login_page.yaml, keys: elements
[12:00:27.760] elements count: 4
[12:00:27.760] Processing alias=LoginPage.MainWindow.txtUsername, entry keys=displayName,controlType,parentAlias,defaultTimeout,tags,strategies
[12:00:27.760]   Found strategies: WPFSpy
[12:00:27.760]   Added Name mapping: /Window[@AutomationId='MainWindow']/Grid/TextBox[@AutomationId='txtUsername'] -> LoginPage.MainWindow.txtUsername
[12:00:27.761] Processing alias=LoginPage.MainWindow.txtPassword, entry keys=displayName,controlType,parentAlias,defaultTimeout,tags,strategies
[12:00:27.761]   Found strategies: WPFSpy
[12:00:27.761]   Added Name mapping: /Window[@AutomationId='MainWindow']/Grid/PasswordBox[@AutomationId='txtPassword'] -> LoginPage.MainWindow.txtPassword
[12:00:27.761] Processing alias=LoginPage.MainWindow.btnSubmit, entry keys=displayName,controlType,parentAlias,defaultTimeout,tags,strategies
[12:00:27.761]   Found strategies: WPFSpy
[12:00:27.761]   Added Name mapping: /Window[@AutomationId='MainWindow']/Grid/StackPanel/Button[@AutomationId='btnSubmit'] -> LoginPage.MainWindow.btnSubmit
[12:00:27.761] Processing alias=LoginPage.MainWindow.lblError, entry keys=displayName,controlType,parentAlias,defaultTimeout,tags,strategies
[12:00:27.762]   Found strategies: WPFSpy
[12:00:27.762]   Added Name mapping: /Window[@AutomationId='MainWindow']/Grid/StackPanel/Label[@Name='lblError'] -> LoginPage.MainWindow.lblError
[12:00:27.764] Loaded YAML: D:\testpgms\WPFTestAutoClaudeNew\WpfTestFramework\repository\elements\orders_page.yaml, keys: elements
[12:00:27.764] elements count: 7
[12:00:27.764] Processing alias=OrdersPage.OrdersWindow.cmbSku, entry keys=displayName,controlType,parentAlias,defaultTimeout,tags,strategies
[12:00:27.764]   Found strategies: WPFSpy
[12:00:27.765]   Added Name mapping: /Window[@AutomationId='OrdersWindow']/Grid/ComboBox[@AutomationId='cmbSku'] -> OrdersPage.OrdersWindow.cmbSku
[12:00:27.765] Processing alias=OrdersPage.OrdersWindow.txtQty, entry keys=displayName,controlType,parentAlias,defaultTimeout,tags,strategies
[12:00:27.765]   Found strategies: WPFSpy
[12:00:27.765]   Added Name mapping: /Window[@AutomationId='OrdersWindow']/Grid/TextBox[@AutomationId='txtQty'] -> OrdersPage.OrdersWindow.txtQty
[12:00:27.766] Processing alias=OrdersPage.OrdersWindow.chkPriority, entry keys=displayName,controlType,parentAlias,defaultTimeout,tags,strategies
[12:00:27.766]   Found strategies: WPFSpy
[12:00:27.766]   Added Name mapping: /Window[@AutomationId='OrdersWindow']/Grid/StackPanel/PriorityToggleControl[@Name='chkPriority'] -> OrdersPage.OrdersWindow.chkPriority
[12:00:27.766] Processing alias=OrdersPage.OrdersWindow.btnCreateOrder, entry keys=displayName,controlType,parentAlias,defaultTimeout,tags,strategies
[12:00:27.767]   Found strategies: WPFSpy
[12:00:27.767]   Added Name mapping: /Window[@AutomationId='OrdersWindow']/Grid/StackPanel/Button[@AutomationId='btnCreateOrder'] -> OrdersPage.OrdersWindow.btnCreateOrder
[12:00:27.767] Processing alias=OrdersPage.OrdersWindow.btnLogout, entry keys=displayName,controlType,parentAlias,defaultTimeout,tags,strategies
[12:00:27.767]   Found strategies: WPFSpy
[12:00:27.767]   Added Name mapping: /Window[@AutomationId='OrdersWindow']/Grid/StackPanel/Button[@AutomationId='btnLogout'] -> OrdersPage.OrdersWindow.btnLogout
[12:00:27.767] Processing alias=OrdersPage.OrdersWindow.lblConfirmation, entry keys=displayName,controlType,parentAlias,defaultTimeout,tags,strategies
[12:00:27.768]   Found strategies: WPFSpy
[12:00:27.768]   Added Name mapping: /Window[@AutomationId='OrdersWindow']/Grid/StackPanel/Label[@Name='lblConfirmation'] -> OrdersPage.OrdersWindow.lblConfirmation
[12:00:27.768] Processing alias=OrdersPage.OrdersWindow.gridOrders, entry keys=displayName,controlType,parentAlias,defaultTimeout,tags,strategies
[12:00:27.768]   Found strategies: WPFSpy
[12:00:27.768]   Added Name mapping: /Window[@AutomationId='OrdersWindow']/Grid/DataGrid[@AutomationId='gridOrders'] -> OrdersPage.OrdersWindow.gridOrders
[12:00:27.768] Loaded 0 AutomationId mappings, 11 Name mappings
[12:02:25.516] EnsureLoaded: frameworkRoot=D:\testpgms\WPFTestAutoClaudeNew\WpfTestFramework, repoDir=D:\testpgms\WPFTestAutoClaudeNew\WpfTestFramework\repository\elements, exists=True
[12:02:25.589] Loaded YAML: D:\testpgms\WPFTestAutoClaudeNew\WpfTestFramework\repository\elements\login_page.yaml, keys: elements
[12:02:25.591] elements count: 4
[12:02:25.591] Processing alias=LoginPage.MainWindow.txtUsername, entry keys=displayName,controlType,parentAlias,defaultTimeout,tags,strategies
[12:02:25.591]   Found strategies: WPFSpy
[12:02:25.592]   Added Name mapping: /Window[@AutomationId='MainWindow']/Grid/TextBox[@AutomationId='txtUsername'] -> LoginPage.MainWindow.txtUsername
[12:02:25.592] Processing alias=LoginPage.MainWindow.txtPassword, entry keys=displayName,controlType,parentAlias,defaultTimeout,tags,strategies
[12:02:25.592]   Found strategies: WPFSpy
[12:02:25.592]   Added Name mapping: /Window[@AutomationId='MainWindow']/Grid/PasswordBox[@AutomationId='txtPassword'] -> LoginPage.MainWindow.txtPassword
[12:02:25.593] Processing alias=LoginPage.MainWindow.btnSubmit, entry keys=displayName,controlType,parentAlias,defaultTimeout,tags,strategies
[12:02:25.593]   Found strategies: WPFSpy
[12:02:25.593]   Added Name mapping: /Window[@AutomationId='MainWindow']/Grid/StackPanel/Button[@AutomationId='btnSubmit'] -> LoginPage.MainWindow.btnSubmit
[12:02:25.593] Processing alias=LoginPage.MainWindow.lblError, entry keys=displayName,controlType,parentAlias,defaultTimeout,tags,strategies
[12:02:25.594]   Found strategies: WPFSpy
[12:02:25.594]   Added Name mapping: /Window[@AutomationId='MainWindow']/Grid/StackPanel/Label[@Name='lblError'] -> LoginPage.MainWindow.lblError
[12:02:25.596] Loaded YAML: D:\testpgms\WPFTestAutoClaudeNew\WpfTestFramework\repository\elements\orders_page.yaml, keys: elements
[12:02:25.597] elements count: 7
[12:02:25.597] Processing alias=OrdersPage.OrdersWindow.cmbSku, entry keys=displayName,controlType,parentAlias,defaultTimeout,tags,strategies
[12:02:25.597]   Found strategies: WPFSpy
[12:02:25.597]   Added Name mapping: /Window[@AutomationId='OrdersWindow']/Grid/ComboBox[@AutomationId='cmbSku'] -> OrdersPage.OrdersWindow.cmbSku
[12:02:25.598] Processing alias=OrdersPage.OrdersWindow.txtQty, entry keys=displayName,controlType,parentAlias,defaultTimeout,tags,strategies
[12:02:25.598]   Found strategies: WPFSpy
[12:02:25.598]   Added Name mapping: /Window[@AutomationId='OrdersWindow']/Grid/TextBox[@AutomationId='txtQty'] -> OrdersPage.OrdersWindow.txtQty
[12:02:25.598] Processing alias=OrdersPage.OrdersWindow.chkPriority, entry keys=displayName,controlType,parentAlias,defaultTimeout,tags,strategies
[12:02:25.598]   Found strategies: WPFSpy
[12:02:25.598]   Added Name mapping: /Window[@AutomationId='OrdersWindow']/Grid/StackPanel/PriorityToggleControl[@Name='chkPriority'] -> OrdersPage.OrdersWindow.chkPriority
[12:02:25.599] Processing alias=OrdersPage.OrdersWindow.btnCreateOrder, entry keys=displayName,controlType,parentAlias,defaultTimeout,tags,strategies
[12:02:25.599]   Found strategies: WPFSpy
[12:02:25.599]   Added Name mapping: /Window[@AutomationId='OrdersWindow']/Grid/StackPanel/Button[@AutomationId='btnCreateOrder'] -> OrdersPage.OrdersWindow.btnCreateOrder
[12:02:25.599] Processing alias=OrdersPage.OrdersWindow.btnLogout, entry keys=displayName,controlType,parentAlias,defaultTimeout,tags,strategies
[12:02:25.599]   Found strategies: WPFSpy
[12:02:25.599]   Added Name mapping: /Window[@AutomationId='OrdersWindow']/Grid/StackPanel/Button[@AutomationId='btnLogout'] -> OrdersPage.OrdersWindow.btnLogout
[12:02:25.600] Processing alias=OrdersPage.OrdersWindow.lblConfirmation, entry keys=displayName,controlType,parentAlias,defaultTimeout,tags,strategies
[12:02:25.600]   Found strategies: WPFSpy
[12:02:25.600]   Added Name mapping: /Window[@AutomationId='OrdersWindow']/Grid/StackPanel/Label[@Name='lblConfirmation'] -> OrdersPage.OrdersWindow.lblConfirmation
[12:02:25.600] Processing alias=OrdersPage.OrdersWindow.gridOrders, entry keys=displayName,controlType,parentAlias,defaultTimeout,tags,strategies
[12:02:25.600]   Found strategies: WPFSpy
[12:02:25.600]   Added Name mapping: /Window[@AutomationId='OrdersWindow']/Grid/DataGrid[@AutomationId='gridOrders'] -> OrdersPage.OrdersWindow.gridOrders
[12:02:25.601] Loaded 0 AutomationId mappings, 11 Name mappings
[12:25:38.602] EnsureLoaded: frameworkRoot=D:\testpgms\WPFTestAutoClaudeNew\WpfTestFramework, repoDir=D:\testpgms\WPFTestAutoClaudeNew\WpfTestFramework\repository\elements, exists=True
[12:25:38.683] Loaded YAML: D:\testpgms\WPFTestAutoClaudeNew\WpfTestFramework\repository\elements\login_page.yaml, keys: elements
[12:25:38.686] elements count: 4
[12:25:38.687] Processing alias=LoginPage.MainWindow.txtUsername, entry keys=displayName,controlType,parentAlias,defaultTimeout,tags,strategies
[12:25:38.687]   Found strategies: WPFSpy
[12:25:38.688]   Added Name mapping: /Window[@AutomationId='MainWindow']/Grid/TextBox[@AutomationId='txtUsername'] -> LoginPage.MainWindow.txtUsername
[12:25:38.688] Processing alias=LoginPage.MainWindow.txtPassword, entry keys=displayName,controlType,parentAlias,defaultTimeout,tags,strategies
[12:25:38.689]   Found strategies: WPFSpy
[12:25:38.689]   Added Name mapping: /Window[@AutomationId='MainWindow']/Grid/PasswordBox[@AutomationId='txtPassword'] -> LoginPage.MainWindow.txtPassword
[12:25:38.689] Processing alias=LoginPage.MainWindow.btnSubmit, entry keys=displayName,controlType,parentAlias,defaultTimeout,tags,strategies
[12:25:38.690]   Found strategies: WPFSpy
[12:25:38.690]   Added Name mapping: /Window[@AutomationId='MainWindow']/Grid/StackPanel/Button[@AutomationId='btnSubmit'] -> LoginPage.MainWindow.btnSubmit
[12:25:38.690] Processing alias=LoginPage.MainWindow.lblError, entry keys=displayName,controlType,parentAlias,defaultTimeout,tags,strategies
[12:25:38.690]   Found strategies: WPFSpy
[12:25:38.691]   Added Name mapping: /Window[@AutomationId='MainWindow']/Grid/StackPanel/Label[@Name='lblError'] -> LoginPage.MainWindow.lblError
[12:25:38.693] Loaded YAML: D:\testpgms\WPFTestAutoClaudeNew\WpfTestFramework\repository\elements\orders_page.yaml, keys: elements
[12:25:38.694] elements count: 7
[12:25:38.694] Processing alias=OrdersPage.OrdersWindow.cmbSku, entry keys=displayName,controlType,parentAlias,defaultTimeout,tags,strategies
[12:25:38.694]   Found strategies: WPFSpy
[12:25:38.694]   Added Name mapping: /Window[@AutomationId='OrdersWindow']/Grid/ComboBox[@AutomationId='cmbSku'] -> OrdersPage.OrdersWindow.cmbSku
[12:25:38.695] Processing alias=OrdersPage.OrdersWindow.txtQty, entry keys=displayName,controlType,parentAlias,defaultTimeout,tags,strategies
[12:25:38.695]   Found strategies: WPFSpy
[12:25:38.695]   Added Name mapping: /Window[@AutomationId='OrdersWindow']/Grid/TextBox[@AutomationId='txtQty'] -> OrdersPage.OrdersWindow.txtQty
[12:25:38.696] Processing alias=OrdersPage.OrdersWindow.chkPriority, entry keys=displayName,controlType,parentAlias,defaultTimeout,tags,strategies
[12:25:38.696]   Found strategies: WPFSpy
[12:25:38.696]   Added Name mapping: /Window[@AutomationId='OrdersWindow']/Grid/StackPanel/PriorityToggleControl[@Name='chkPriority'] -> OrdersPage.OrdersWindow.chkPriority
[12:25:38.697] Processing alias=OrdersPage.OrdersWindow.btnCreateOrder, entry keys=displayName,controlType,parentAlias,defaultTimeout,tags,strategies
[12:25:38.697]   Found strategies: WPFSpy
[12:25:38.697]   Added Name mapping: /Window[@AutomationId='OrdersWindow']/Grid/StackPanel/Button[@AutomationId='btnCreateOrder'] -> OrdersPage.OrdersWindow.btnCreateOrder
[12:25:38.697] Processing alias=OrdersPage.OrdersWindow.btnLogout, entry keys=displayName,controlType,parentAlias,defaultTimeout,tags,strategies
[12:25:38.697]   Found strategies: WPFSpy
[12:25:38.698]   Added Name mapping: /Window[@AutomationId='OrdersWindow']/Grid/StackPanel/Button[@AutomationId='btnLogout'] -> OrdersPage.OrdersWindow.btnLogout
[12:25:38.698] Processing alias=OrdersPage.OrdersWindow.lblConfirmation, entry keys=displayName,controlType,parentAlias,defaultTimeout,tags,strategies
[12:25:38.698]   Found strategies: WPFSpy
[12:25:38.698]   Added Name mapping: /Window[@AutomationId='OrdersWindow']/Grid/StackPanel/Label[@Name='lblConfirmation'] -> OrdersPage.OrdersWindow.lblConfirmation
[12:25:38.698] Processing alias=OrdersPage.OrdersWindow.gridOrders, entry keys=displayName,controlType,parentAlias,defaultTimeout,tags,strategies
[12:25:38.699]   Found strategies: WPFSpy
[12:25:38.699]   Added Name mapping: /Window[@AutomationId='OrdersWindow']/Grid/DataGrid[@AutomationId='gridOrders'] -> OrdersPage.OrdersWindow.gridOrders
[12:25:38.699] Loaded 0 AutomationId mappings, 11 Name mappings
[12:42:58.486] EnsureLoaded: frameworkRoot=D:\testpgms\WPFTestAutoClaudeNew\WpfTestFramework, repoDir=D:\testpgms\WPFTestAutoClaudeNew\WpfTestFramework\repository\elements, exists=True
[12:42:58.523] Loaded YAML: D:\testpgms\WPFTestAutoClaudeNew\WpfTestFramework\repository\elements\login_page.yaml, keys: elements
[12:42:58.524] elements count: 4
[12:42:58.524] Processing alias=LoginPage.MainWindow.txtUsername, entry keys=displayName,controlType,parentAlias,defaultTimeout,tags,strategies
[12:42:58.525]   Found strategies: WPFSpy
[12:42:58.525]   Added Name mapping: /Window[@AutomationId='MainWindow']/Grid/TextBox[@AutomationId='txtUsername'] -> LoginPage.MainWindow.txtUsername
[12:42:58.525] Processing alias=LoginPage.MainWindow.txtPassword, entry keys=displayName,controlType,parentAlias,defaultTimeout,tags,strategies
[12:42:58.525]   Found strategies: WPFSpy
[12:42:58.525]   Added Name mapping: /Window[@AutomationId='MainWindow']/Grid/PasswordBox[@AutomationId='txtPassword'] -> LoginPage.MainWindow.txtPassword
[12:42:58.525] Processing alias=LoginPage.MainWindow.btnSubmit, entry keys=displayName,controlType,parentAlias,defaultTimeout,tags,strategies
[12:42:58.526]   Found strategies: WPFSpy
[12:42:58.526]   Added Name mapping: /Window[@AutomationId='MainWindow']/Grid/StackPanel/Button[@AutomationId='btnSubmit'] -> LoginPage.MainWindow.btnSubmit
[12:42:58.526] Processing alias=LoginPage.MainWindow.lblError, entry keys=displayName,controlType,parentAlias,defaultTimeout,tags,strategies
[12:42:58.526]   Found strategies: WPFSpy
[12:42:58.527]   Added Name mapping: /Window[@AutomationId='MainWindow']/Grid/StackPanel/Label[@Name='lblError'] -> LoginPage.MainWindow.lblError
[12:42:58.528] Loaded YAML: D:\testpgms\WPFTestAutoClaudeNew\WpfTestFramework\repository\elements\orders_page.yaml, keys: elements
[12:42:58.528] elements count: 7
[12:42:58.528] Processing alias=OrdersPage.OrdersWindow.cmbSku, entry keys=displayName,controlType,parentAlias,defaultTimeout,tags,strategies
[12:42:58.529]   Found strategies: WPFSpy
[12:42:58.529]   Added Name mapping: /Window[@AutomationId='OrdersWindow']/Grid/ComboBox[@AutomationId='cmbSku'] -> OrdersPage.OrdersWindow.cmbSku
[12:42:58.529] Processing alias=OrdersPage.OrdersWindow.txtQty, entry keys=displayName,controlType,parentAlias,defaultTimeout,tags,strategies
[12:42:58.529]   Found strategies: WPFSpy
[12:42:58.529]   Added Name mapping: /Window[@AutomationId='OrdersWindow']/Grid/TextBox[@AutomationId='txtQty'] -> OrdersPage.OrdersWindow.txtQty
[12:42:58.529] Processing alias=OrdersPage.OrdersWindow.chkPriority, entry keys=displayName,controlType,parentAlias,defaultTimeout,tags,strategies
[12:42:58.529]   Found strategies: WPFSpy
[12:42:58.530]   Added Name mapping: /Window[@AutomationId='OrdersWindow']/Grid/StackPanel/PriorityToggleControl[@Name='chkPriority'] -> OrdersPage.OrdersWindow.chkPriority
[12:42:58.530] Processing alias=OrdersPage.OrdersWindow.btnCreateOrder, entry keys=displayName,controlType,parentAlias,defaultTimeout,tags,strategies
[12:42:58.530]   Found strategies: WPFSpy
[12:42:58.530]   Added Name mapping: /Window[@AutomationId='OrdersWindow']/Grid/StackPanel/Button[@AutomationId='btnCreateOrder'] -> OrdersPage.OrdersWindow.btnCreateOrder
[12:42:58.530] Processing alias=OrdersPage.OrdersWindow.btnLogout, entry keys=displayName,controlType,parentAlias,defaultTimeout,tags,strategies
[12:42:58.530]   Found strategies: WPFSpy
[12:42:58.530]   Added Name mapping: /Window[@AutomationId='OrdersWindow']/Grid/StackPanel/Button[@AutomationId='btnLogout'] -> OrdersPage.OrdersWindow.btnLogout
[12:42:58.531] Processing alias=OrdersPage.OrdersWindow.lblConfirmation, entry keys=displayName,controlType,parentAlias,defaultTimeout,tags,strategies
[12:42:58.531]   Found strategies: WPFSpy
[12:42:58.531]   Added Name mapping: /Window[@AutomationId='OrdersWindow']/Grid/StackPanel/Label[@Name='lblConfirmation'] -> OrdersPage.OrdersWindow.lblConfirmation
[12:42:58.531] Processing alias=OrdersPage.OrdersWindow.gridOrders, entry keys=displayName,controlType,parentAlias,defaultTimeout,tags,strategies
[12:42:58.531]   Found strategies: WPFSpy
[12:42:58.531]   Added Name mapping: /Window[@AutomationId='OrdersWindow']/Grid/DataGrid[@AutomationId='gridOrders'] -> OrdersPage.OrdersWindow.gridOrders
[12:42:58.532] Loaded 0 AutomationId mappings, 11 Name mappings
[13:53:14.391] EnsureLoaded: frameworkRoot=D:\testpgms\WPFTestAutoClaudeNew\WpfTestFramework, repoDir=D:\testpgms\WPFTestAutoClaudeNew\WpfTestFramework\repository\elements, exists=True
[13:53:14.452] Loaded YAML: D:\testpgms\WPFTestAutoClaudeNew\WpfTestFramework\repository\elements\login_page.yaml, keys: elements
[13:53:14.453] elements count: 4
[13:53:14.454] Processing alias=LoginPage.MainWindow.txtUsername, entry keys=displayName,controlType,parentAlias,defaultTimeout,tags,strategies
[13:53:14.454]   Found strategies: WPFSpy
[13:53:14.454]   Added Name mapping: /Window[@AutomationId='MainWindow']/Grid/TextBox[@AutomationId='txtUsername'] -> LoginPage.MainWindow.txtUsername
[13:53:14.454] Processing alias=LoginPage.MainWindow.txtPassword, entry keys=displayName,controlType,parentAlias,defaultTimeout,tags,strategies
[13:53:14.454]   Found strategies: WPFSpy
[13:53:14.454]   Added Name mapping: /Window[@AutomationId='MainWindow']/Grid/PasswordBox[@AutomationId='txtPassword'] -> LoginPage.MainWindow.txtPassword
[13:53:14.454] Processing alias=LoginPage.MainWindow.btnSubmit, entry keys=displayName,controlType,parentAlias,defaultTimeout,tags,strategies
[13:53:14.454]   Found strategies: WPFSpy
[13:53:14.455]   Added Name mapping: /Window[@AutomationId='MainWindow']/Grid/StackPanel/Button[@AutomationId='btnSubmit'] -> LoginPage.MainWindow.btnSubmit
[13:53:14.455] Processing alias=LoginPage.MainWindow.lblError, entry keys=displayName,controlType,parentAlias,defaultTimeout,tags,strategies
[13:53:14.455]   Found strategies: WPFSpy
[13:53:14.455]   Added Name mapping: /Window[@AutomationId='MainWindow']/Grid/StackPanel/Label[@Name='lblError'] -> LoginPage.MainWindow.lblError
[13:53:14.456] Loaded YAML: D:\testpgms\WPFTestAutoClaudeNew\WpfTestFramework\repository\elements\orders_page.yaml, keys: elements
[13:53:14.456] elements count: 7
[13:53:14.456] Processing alias=OrdersPage.OrdersWindow.cmbSku, entry keys=displayName,controlType,parentAlias,defaultTimeout,tags,strategies
[13:53:14.457]   Found strategies: WPFSpy
[13:53:14.457]   Added Name mapping: /Window[@AutomationId='OrdersWindow']/Grid/ComboBox[@AutomationId='cmbSku'] -> OrdersPage.OrdersWindow.cmbSku
[13:53:14.457] Processing alias=OrdersPage.OrdersWindow.txtQty, entry keys=displayName,controlType,parentAlias,defaultTimeout,tags,strategies
[13:53:14.457]   Found strategies: WPFSpy
[13:53:14.457]   Added Name mapping: /Window[@AutomationId='OrdersWindow']/Grid/TextBox[@AutomationId='txtQty'] -> OrdersPage.OrdersWindow.txtQty
[13:53:14.457] Processing alias=OrdersPage.OrdersWindow.chkPriority, entry keys=displayName,controlType,parentAlias,defaultTimeout,tags,strategies
[13:53:14.457]   Found strategies: WPFSpy
[13:53:14.457]   Added Name mapping: /Window[@AutomationId='OrdersWindow']/Grid/StackPanel/PriorityToggleControl[@Name='chkPriority'] -> OrdersPage.OrdersWindow.chkPriority
[13:53:14.458] Processing alias=OrdersPage.OrdersWindow.btnCreateOrder, entry keys=displayName,controlType,parentAlias,defaultTimeout,tags,strategies
[13:53:14.458]   Found strategies: WPFSpy
[13:53:14.458]   Added Name mapping: /Window[@AutomationId='OrdersWindow']/Grid/StackPanel/Button[@AutomationId='btnCreateOrder'] -> OrdersPage.OrdersWindow.btnCreateOrder
[13:53:14.458] Processing alias=OrdersPage.OrdersWindow.btnLogout, entry keys=displayName,controlType,parentAlias,defaultTimeout,tags,strategies
[13:53:14.458]   Found strategies: WPFSpy
[13:53:14.458]   Added Name mapping: /Window[@AutomationId='OrdersWindow']/Grid/StackPanel/Button[@AutomationId='btnLogout'] -> OrdersPage.OrdersWindow.btnLogout
[13:53:14.458] Processing alias=OrdersPage.OrdersWindow.lblConfirmation, entry keys=displayName,controlType,parentAlias,defaultTimeout,tags,strategies
[13:53:14.458]   Found strategies: WPFSpy
[13:53:14.459]   Added Name mapping: /Window[@AutomationId='OrdersWindow']/Grid/StackPanel/Label[@Name='lblConfirmation'] -> OrdersPage.OrdersWindow.lblConfirmation
[13:53:14.459] Processing alias=OrdersPage.OrdersWindow.gridOrders, entry keys=displayName,controlType,parentAlias,defaultTimeout,tags,strategies
[13:53:14.459]   Found strategies: WPFSpy
[13:53:14.459]   Added Name mapping: /Window[@AutomationId='OrdersWindow']/Grid/DataGrid[@AutomationId='gridOrders'] -> OrdersPage.OrdersWindow.gridOrders
[13:53:14.460] Loaded 0 AutomationId mappings, 11 Name mappings
[08:15:13.256] EnsureLoaded: frameworkRoot=D:\testpgms\WPFTestAutoClaudeNew\WpfTestFramework, repoDir=D:\testpgms\WPFTestAutoClaudeNew\WpfTestFramework\repository\elements, exists=True
[08:15:13.313] Loaded YAML: D:\testpgms\WPFTestAutoClaudeNew\WpfTestFramework\repository\elements\login_page.yaml, keys: elements
[08:15:13.314] elements count: 4
[08:15:13.314] Processing alias=LoginPage.MainWindow.txtUsername, entry keys=displayName,controlType,parentAlias,defaultTimeout,tags,strategies
[08:15:13.314]   Found strategies: WPFSpy
[08:15:13.314]   Added Name mapping: /Window[@AutomationId='MainWindow']/Grid/TextBox[@AutomationId='txtUsername'] -> LoginPage.MainWindow.txtUsername
[08:15:13.315] Processing alias=LoginPage.MainWindow.txtPassword, entry keys=displayName,controlType,parentAlias,defaultTimeout,tags,strategies
[08:15:13.315]   Found strategies: WPFSpy
[08:15:13.315]   Added Name mapping: /Window[@AutomationId='MainWindow']/Grid/PasswordBox[@AutomationId='txtPassword'] -> LoginPage.MainWindow.txtPassword
[08:15:13.315] Processing alias=LoginPage.MainWindow.btnSubmit, entry keys=displayName,controlType,parentAlias,defaultTimeout,tags,strategies
[08:15:13.315]   Found strategies: WPFSpy
[08:15:13.315]   Added Name mapping: /Window[@AutomationId='MainWindow']/Grid/StackPanel/Button[@AutomationId='btnSubmit'] -> LoginPage.MainWindow.btnSubmit
[08:15:13.316] Processing alias=LoginPage.MainWindow.lblError, entry keys=displayName,controlType,parentAlias,defaultTimeout,tags,strategies
[08:15:13.316]   Found strategies: WPFSpy
[08:15:13.316]   Added Name mapping: /Window[@AutomationId='MainWindow']/Grid/StackPanel/Label[@Name='lblError'] -> LoginPage.MainWindow.lblError
[08:15:13.317] Loaded YAML: D:\testpgms\WPFTestAutoClaudeNew\WpfTestFramework\repository\elements\orders_page.yaml, keys: elements
[08:15:13.317] elements count: 7
[08:15:13.317] Processing alias=OrdersPage.OrdersWindow.cmbSku, entry keys=displayName,controlType,parentAlias,defaultTimeout,tags,strategies
[08:15:13.317]   Found strategies: WPFSpy
[08:15:13.318]   Added Name mapping: /Window[@AutomationId='OrdersWindow']/Grid/ComboBox[@AutomationId='cmbSku'] -> OrdersPage.OrdersWindow.cmbSku
[08:15:13.318] Processing alias=OrdersPage.OrdersWindow.txtQty, entry keys=displayName,controlType,parentAlias,defaultTimeout,tags,strategies
[08:15:13.318]   Found strategies: WPFSpy
[08:15:13.318]   Added Name mapping: /Window[@AutomationId='OrdersWindow']/Grid/TextBox[@AutomationId='txtQty'] -> OrdersPage.OrdersWindow.txtQty
[08:15:13.318] Processing alias=OrdersPage.OrdersWindow.chkPriority, entry keys=displayName,controlType,parentAlias,defaultTimeout,tags,strategies
[08:15:13.318]   Found strategies: WPFSpy
[08:15:13.318]   Added Name mapping: /Window[@AutomationId='OrdersWindow']/Grid/StackPanel/PriorityToggleControl[@Name='chkPriority'] -> OrdersPage.OrdersWindow.chkPriority
[08:15:13.319] Processing alias=OrdersPage.OrdersWindow.btnCreateOrder, entry keys=displayName,controlType,parentAlias,defaultTimeout,tags,strategies
[08:15:13.319]   Found strategies: WPFSpy
[08:15:13.319]   Added Name mapping: /Window[@AutomationId='OrdersWindow']/Grid/StackPanel/Button[@AutomationId='btnCreateOrder'] -> OrdersPage.OrdersWindow.btnCreateOrder
[08:15:13.319] Processing alias=OrdersPage.OrdersWindow.btnLogout, entry keys=displayName,controlType,parentAlias,defaultTimeout,tags,strategies
[08:15:13.319]   Found strategies: WPFSpy
[08:15:13.319]   Added Name mapping: /Window[@AutomationId='OrdersWindow']/Grid/StackPanel/Button[@AutomationId='btnLogout'] -> OrdersPage.OrdersWindow.btnLogout
[08:15:13.319] Processing alias=OrdersPage.OrdersWindow.lblConfirmation, entry keys=displayName,controlType,parentAlias,defaultTimeout,tags,strategies
[08:15:13.319]   Found strategies: WPFSpy
[08:15:13.320]   Added Name mapping: /Window[@AutomationId='OrdersWindow']/Grid/StackPanel/Label[@Name='lblConfirmation'] -> OrdersPage.OrdersWindow.lblConfirmation
[08:15:13.320] Processing alias=OrdersPage.OrdersWindow.gridOrders, entry keys=displayName,controlType,parentAlias,defaultTimeout,tags,strategies
[08:15:13.320]   Found strategies: WPFSpy
[08:15:13.320]   Added Name mapping: /Window[@AutomationId='OrdersWindow']/Grid/DataGrid[@AutomationId='gridOrders'] -> OrdersPage.OrdersWindow.gridOrders
[08:15:13.320] Loaded 0 AutomationId mappings, 11 Name mappings
[08:15:26.374] ResolveAlias(automationId=txtUsername, name=txtUsername)
[08:15:26.375]   -> NO MATCH
[08:15:31.267] ResolveAlias(automationId=txtPassword, name=txtPassword)
[08:15:31.267]   -> NO MATCH
[08:15:31.300] ResolveAlias(automationId=btnSubmit, name=btnSubmit)
[08:15:31.300]   -> NO MATCH
[08:15:56.266] ResolveAlias(automationId=txtUsername, name=txtUsername)
[08:15:56.267]   -> NO MATCH
[08:16:06.340] ResolveAlias(automationId=txtUsername, name=txtUsername)
[08:16:06.340]   -> NO MATCH
[08:16:06.348] ResolveAlias(automationId=btnSubmit, name=btnSubmit)
[08:16:06.348]   -> NO MATCH
[08:16:09.034] ResolveAlias(automationId=, name=chkPriority)
[08:16:09.034]   -> NO MATCH
[08:23:23.124] EnsureLoaded: frameworkRoot=D:\testpgms\WPFTestAutoClaudeNew\WpfTestFramework, repoDir=D:\testpgms\WPFTestAutoClaudeNew\WpfTestFramework\repository\elements, exists=True
[08:23:23.163] Loaded YAML: D:\testpgms\WPFTestAutoClaudeNew\WpfTestFramework\repository\elements\login_page.yaml, keys: elements
[08:23:23.164] elements count: 4
[08:23:23.164] Processing alias=LoginPage.MainWindow.txtUsername, entry keys=displayName,controlType,parentAlias,defaultTimeout,tags,strategies
[08:23:23.164]   Found strategies: WPFSpy
[08:23:23.164]   Added Name mapping: /Window[@AutomationId='MainWindow']/Grid/TextBox[@AutomationId='txtUsername'] -> LoginPage.MainWindow.txtUsername
[08:23:23.164] Processing alias=LoginPage.MainWindow.txtPassword, entry keys=displayName,controlType,parentAlias,defaultTimeout,tags,strategies
[08:23:23.164]   Found strategies: WPFSpy
[08:23:23.164]   Added Name mapping: /Window[@AutomationId='MainWindow']/Grid/PasswordBox[@AutomationId='txtPassword'] -> LoginPage.MainWindow.txtPassword
[08:23:23.164] Processing alias=LoginPage.MainWindow.btnSubmit, entry keys=displayName,controlType,parentAlias,defaultTimeout,tags,strategies
[08:23:23.165]   Found strategies: WPFSpy
[08:23:23.165]   Added Name mapping: /Window[@AutomationId='MainWindow']/Grid/StackPanel/Button[@AutomationId='btnSubmit'] -> LoginPage.MainWindow.btnSubmit
[08:23:23.165] Processing alias=LoginPage.MainWindow.lblError, entry keys=displayName,controlType,parentAlias,defaultTimeout,tags,strategies
[08:23:23.165]   Found strategies: WPFSpy
[08:23:23.165]   Added Name mapping: /Window[@AutomationId='MainWindow']/Grid/StackPanel/Label[@Name='lblError'] -> LoginPage.MainWindow.lblError
[08:23:23.166] Loaded YAML: D:\testpgms\WPFTestAutoClaudeNew\WpfTestFramework\repository\elements\orders_page.yaml, keys: elements
[08:23:23.166] elements count: 7
[08:23:23.166] Processing alias=OrdersPage.OrdersWindow.cmbSku, entry keys=displayName,controlType,parentAlias,defaultTimeout,tags,strategies
[08:23:23.166]   Found strategies: WPFSpy
[08:23:23.167]   Added Name mapping: /Window[@AutomationId='OrdersWindow']/Grid/ComboBox[@AutomationId='cmbSku'] -> OrdersPage.OrdersWindow.cmbSku
[08:23:23.167] Processing alias=OrdersPage.OrdersWindow.txtQty, entry keys=displayName,controlType,parentAlias,defaultTimeout,tags,strategies
[08:23:23.167]   Found strategies: WPFSpy
[08:23:23.167]   Added Name mapping: /Window[@AutomationId='OrdersWindow']/Grid/TextBox[@AutomationId='txtQty'] -> OrdersPage.OrdersWindow.txtQty
[08:23:23.167] Processing alias=OrdersPage.OrdersWindow.chkPriority, entry keys=displayName,controlType,parentAlias,defaultTimeout,tags,strategies
[08:23:23.167]   Found strategies: WPFSpy
[08:23:23.167]   Added Name mapping: /Window[@AutomationId='OrdersWindow']/Grid/StackPanel/PriorityToggleControl[@Name='chkPriority'] -> OrdersPage.OrdersWindow.chkPriority
[08:23:23.167] Processing alias=OrdersPage.OrdersWindow.btnCreateOrder, entry keys=displayName,controlType,parentAlias,defaultTimeout,tags,strategies
[08:23:23.167]   Found strategies: WPFSpy
[08:23:23.168]   Added Name mapping: /Window[@AutomationId='OrdersWindow']/Grid/StackPanel/Button[@AutomationId='btnCreateOrder'] -> OrdersPage.OrdersWindow.btnCreateOrder
[08:23:23.168] Processing alias=OrdersPage.OrdersWindow.btnLogout, entry keys=displayName,controlType,parentAlias,defaultTimeout,tags,strategies
[08:23:23.168]   Found strategies: WPFSpy
[08:23:23.168]   Added Name mapping: /Window[@AutomationId='OrdersWindow']/Grid/StackPanel/Button[@AutomationId='btnLogout'] -> OrdersPage.OrdersWindow.btnLogout
[08:23:23.168] Processing alias=OrdersPage.OrdersWindow.lblConfirmation, entry keys=displayName,controlType,parentAlias,defaultTimeout,tags,strategies
[08:23:23.169]   Found strategies: WPFSpy
[08:23:23.169]   Added Name mapping: /Window[@AutomationId='OrdersWindow']/Grid/StackPanel/Label[@Name='lblConfirmation'] -> OrdersPage.OrdersWindow.lblConfirmation
[08:23:23.169] Processing alias=OrdersPage.OrdersWindow.gridOrders, entry keys=displayName,controlType,parentAlias,defaultTimeout,tags,strategies
[08:23:23.169]   Found strategies: WPFSpy
[08:23:23.169]   Added Name mapping: /Window[@AutomationId='OrdersWindow']/Grid/DataGrid[@AutomationId='gridOrders'] -> OrdersPage.OrdersWindow.gridOrders
[08:23:23.170] Loaded 0 AutomationId mappings, 11 Name mappings
[08:23:36.197] ResolveAlias(automationId=txtUsername, name=txtUsername)
[08:23:36.197]   -> NO MATCH
[08:23:49.811] ResolveAlias(automationId=txtPassword, name=txtPassword)
[08:23:49.811]   -> NO MATCH
[08:25:43.093] ResolveAlias(automationId=btnSubmit, name=btnSubmit)
[08:25:43.094]   -> NO MATCH
[08:26:01.771] ResolveAlias(automationId=, name=Arrow)
[08:26:01.771]   -> NO MATCH
[08:26:04.083] ResolveAlias(automationId=, name=Bd)
[08:26:04.083]   -> NO MATCH
[08:26:09.970] ResolveAlias(automationId=txtQty, name=txtQty)
[08:26:09.970]   -> NO MATCH
[08:26:10.162] ResolveAlias(automationId=txtQty, name=txtQty)
[08:26:10.162]   -> NO MATCH
[08:26:15.928] ResolveAlias(automationId=txtQty, name=txtQty)
[08:26:15.928]   -> NO MATCH
[08:26:15.936] ResolveAlias(automationId=, name=chkPriority)
[08:26:15.936]   -> NO MATCH
[08:26:17.174] ResolveAlias(automationId=btnCreateOrder, name=btnCreateOrder)
[08:26:17.174]   -> NO MATCH
[08:26:19.001] ResolveAlias(automationId=btnCreateOrder, name=btnCreateOrder)
[08:26:19.002]   -> NO MATCH
[08:26:20.871] ResolveAlias(automationId=, name=Bd)
[08:26:20.871]   -> NO MATCH
[08:26:23.489] ResolveAlias(automationId=, name=PART_LineDownButton)
[08:26:23.489]   -> NO MATCH
[08:26:23.747] ResolveAlias(automationId=, name=PART_LineDownButton)
[08:26:23.747]   -> NO MATCH
[08:26:23.959] ResolveAlias(automationId=, name=PART_LineDownButton)
[08:26:23.959]   -> NO MATCH
[08:26:25.188] ResolveAlias(automationId=, name=Bd)
[08:26:25.189]   -> NO MATCH
[09:38:43.948] EnsureLoaded: frameworkRoot=D:\testpgms\WPFTestAutoClaudeNew\WpfTestFramework, repoDir=D:\testpgms\WPFTestAutoClaudeNew\WpfTestFramework\repository\elements, exists=True
[09:38:44.000] Loaded YAML: D:\testpgms\WPFTestAutoClaudeNew\WpfTestFramework\repository\elements\login_page.yaml, keys: elements
[09:38:44.001] elements count: 4
[09:38:44.001] Processing alias=LoginPage.MainWindow.txtUsername, entry keys=displayName,controlType,parentAlias,defaultTimeout,tags,strategies
[09:38:44.001]   Found strategies: WPFSpy
[09:38:44.002]   Added Name mapping: /Window[@AutomationId='MainWindow']/Grid/TextBox[@AutomationId='txtUsername'] -> LoginPage.MainWindow.txtUsername
[09:38:44.002] Processing alias=LoginPage.MainWindow.txtPassword, entry keys=displayName,controlType,parentAlias,defaultTimeout,tags,strategies
[09:38:44.002]   Found strategies: WPFSpy
[09:38:44.002]   Added Name mapping: /Window[@AutomationId='MainWindow']/Grid/PasswordBox[@AutomationId='txtPassword'] -> LoginPage.MainWindow.txtPassword
[09:38:44.002] Processing alias=LoginPage.MainWindow.btnSubmit, entry keys=displayName,controlType,parentAlias,defaultTimeout,tags,strategies
[09:38:44.003]   Found strategies: WPFSpy
[09:38:44.003]   Added Name mapping: /Window[@AutomationId='MainWindow']/Grid/StackPanel/Button[@AutomationId='btnSubmit'] -> LoginPage.MainWindow.btnSubmit
[09:38:44.003] Processing alias=LoginPage.MainWindow.lblError, entry keys=displayName,controlType,parentAlias,defaultTimeout,tags,strategies
[09:38:44.003]   Found strategies: WPFSpy
[09:38:44.003]   Added Name mapping: /Window[@AutomationId='MainWindow']/Grid/StackPanel/Label[@Name='lblError'] -> LoginPage.MainWindow.lblError
[09:38:44.006] Loaded YAML: D:\testpgms\WPFTestAutoClaudeNew\WpfTestFramework\repository\elements\orders_page.yaml, keys: elements
[09:38:44.006] elements count: 7
[09:38:44.006] Processing alias=OrdersPage.OrdersWindow.cmbSku, entry keys=displayName,controlType,parentAlias,defaultTimeout,tags,strategies
[09:38:44.007]   Found strategies: WPFSpy
[09:38:44.007]   Added Name mapping: /Window[@AutomationId='OrdersWindow']/Grid/ComboBox[@AutomationId='cmbSku'] -> OrdersPage.OrdersWindow.cmbSku
[09:38:44.007] Processing alias=OrdersPage.OrdersWindow.txtQty, entry keys=displayName,controlType,parentAlias,defaultTimeout,tags,strategies
[09:38:44.007]   Found strategies: WPFSpy
[09:38:44.008]   Added Name mapping: /Window[@AutomationId='OrdersWindow']/Grid/TextBox[@AutomationId='txtQty'] -> OrdersPage.OrdersWindow.txtQty
[09:38:44.008] Processing alias=OrdersPage.OrdersWindow.chkPriority, entry keys=displayName,controlType,parentAlias,defaultTimeout,tags,strategies
[09:38:44.009]   Found strategies: WPFSpy
[09:38:44.009]   Added Name mapping: /Window[@AutomationId='OrdersWindow']/Grid/StackPanel/PriorityToggleControl[@Name='chkPriority'] -> OrdersPage.OrdersWindow.chkPriority
[09:38:44.009] Processing alias=OrdersPage.OrdersWindow.btnCreateOrder, entry keys=displayName,controlType,parentAlias,defaultTimeout,tags,strategies
[09:38:44.009]   Found strategies: WPFSpy
[09:38:44.010]   Added Name mapping: /Window[@AutomationId='OrdersWindow']/Grid/StackPanel/Button[@AutomationId='btnCreateOrder'] -> OrdersPage.OrdersWindow.btnCreateOrder
[09:38:44.010] Processing alias=OrdersPage.OrdersWindow.btnLogout, entry keys=displayName,controlType,parentAlias,defaultTimeout,tags,strategies
[09:38:44.011]   Found strategies: WPFSpy
[09:38:44.011]   Added Name mapping: /Window[@AutomationId='OrdersWindow']/Grid/StackPanel/Button[@AutomationId='btnLogout'] -> OrdersPage.OrdersWindow.btnLogout
[09:38:44.011] Processing alias=OrdersPage.OrdersWindow.lblConfirmation, entry keys=displayName,controlType,parentAlias,defaultTimeout,tags,strategies
[09:38:44.011]   Found strategies: WPFSpy
[09:38:44.011]   Added Name mapping: /Window[@AutomationId='OrdersWindow']/Grid/StackPanel/Label[@Name='lblConfirmation'] -> OrdersPage.OrdersWindow.lblConfirmation
[09:38:44.011] Processing alias=OrdersPage.OrdersWindow.gridOrders, entry keys=displayName,controlType,parentAlias,defaultTimeout,tags,strategies
[09:38:44.012]   Found strategies: WPFSpy
[09:38:44.012]   Added Name mapping: /Window[@AutomationId='OrdersWindow']/Grid/DataGrid[@AutomationId='gridOrders'] -> OrdersPage.OrdersWindow.gridOrders
[09:38:44.012] Loaded 0 AutomationId mappings, 11 Name mappings
[09:38:51.339] ResolveAlias(automationId=txtUsername, name=txtUsername)
[09:38:51.340]   -> NO MATCH
[09:38:54.206] ResolveAlias(automationId=txtPassword, name=txtPassword)
[09:38:54.207]   -> NO MATCH
[09:38:54.352] ResolveAlias(automationId=btnSubmit, name=btnSubmit)
[09:38:54.352]   -> NO MATCH
[23:35:10.488] EnsureLoaded: frameworkRoot=D:\testpgms\WPFTestAutoClaudeNew\WpfTestFramework, repoDir=D:\testpgms\WPFTestAutoClaudeNew\WpfTestFramework\repository\elements, exists=True
[23:35:10.553] Loaded YAML: D:\testpgms\WPFTestAutoClaudeNew\WpfTestFramework\repository\elements\login_page.yaml, keys: elements
[23:35:10.553] elements count: 4
[23:35:10.554] Processing alias=LoginPage.MainWindow.txtUsername, entry keys=displayName,controlType,parentAlias,defaultTimeout,tags,strategies
[23:35:10.554]   Found strategies: WPFSpy
[23:35:10.554]   Added Name mapping: /Window[@AutomationId='MainWindow']/Grid/TextBox[@AutomationId='txtUsername'] -> LoginPage.MainWindow.txtUsername
[23:35:10.554] Processing alias=LoginPage.MainWindow.txtPassword, entry keys=displayName,controlType,parentAlias,defaultTimeout,tags,strategies
[23:35:10.554]   Found strategies: WPFSpy
[23:35:10.554]   Added Name mapping: /Window[@AutomationId='MainWindow']/Grid/PasswordBox[@AutomationId='txtPassword'] -> LoginPage.MainWindow.txtPassword
[23:35:10.554] Processing alias=LoginPage.MainWindow.btnSubmit, entry keys=displayName,controlType,parentAlias,defaultTimeout,tags,strategies
[23:35:10.555]   Found strategies: WPFSpy
[23:35:10.555]   Added Name mapping: /Window[@AutomationId='MainWindow']/Grid/StackPanel/Button[@AutomationId='btnSubmit'] -> LoginPage.MainWindow.btnSubmit
[23:35:10.555] Processing alias=LoginPage.MainWindow.lblError, entry keys=displayName,controlType,parentAlias,defaultTimeout,tags,strategies
[23:35:10.555]   Found strategies: WPFSpy
[23:35:10.555]   Added Name mapping: /Window[@AutomationId='MainWindow']/Grid/StackPanel/Label[@Name='lblError'] -> LoginPage.MainWindow.lblError
[23:35:10.557] Loaded YAML: D:\testpgms\WPFTestAutoClaudeNew\WpfTestFramework\repository\elements\orders_page.yaml, keys: elements
[23:35:10.558] elements count: 7
[23:35:10.559] Processing alias=OrdersPage.OrdersWindow.cmbSku, entry keys=displayName,controlType,parentAlias,defaultTimeout,tags,strategies
[23:35:10.559]   Found strategies: WPFSpy
[23:35:10.559]   Added Name mapping: /Window[@AutomationId='OrdersWindow']/Grid/ComboBox[@AutomationId='cmbSku'] -> OrdersPage.OrdersWindow.cmbSku
[23:35:10.559] Processing alias=OrdersPage.OrdersWindow.txtQty, entry keys=displayName,controlType,parentAlias,defaultTimeout,tags,strategies
[23:35:10.559]   Found strategies: WPFSpy
[23:35:10.559]   Added Name mapping: /Window[@AutomationId='OrdersWindow']/Grid/TextBox[@AutomationId='txtQty'] -> OrdersPage.OrdersWindow.txtQty
[23:35:10.560] Processing alias=OrdersPage.OrdersWindow.chkPriority, entry keys=displayName,controlType,parentAlias,defaultTimeout,tags,strategies
[23:35:10.560]   Found strategies: WPFSpy
[23:35:10.560]   Added Name mapping: /Window[@AutomationId='OrdersWindow']/Grid/StackPanel/PriorityToggleControl[@Name='chkPriority'] -> OrdersPage.OrdersWindow.chkPriority
[23:35:10.560] Processing alias=OrdersPage.OrdersWindow.btnCreateOrder, entry keys=displayName,controlType,parentAlias,defaultTimeout,tags,strategies
[23:35:10.560]   Found strategies: WPFSpy
[23:35:10.560]   Added Name mapping: /Window[@AutomationId='OrdersWindow']/Grid/StackPanel/Button[@AutomationId='btnCreateOrder'] -> OrdersPage.OrdersWindow.btnCreateOrder
[23:35:10.560] Processing alias=OrdersPage.OrdersWindow.btnLogout, entry keys=displayName,controlType,parentAlias,defaultTimeout,tags,strategies
[23:35:10.560]   Found strategies: WPFSpy
[23:35:10.561]   Added Name mapping: /Window[@AutomationId='OrdersWindow']/Grid/StackPanel/Button[@AutomationId='btnLogout'] -> OrdersPage.OrdersWindow.btnLogout
[23:35:10.561] Processing alias=OrdersPage.OrdersWindow.lblConfirmation, entry keys=displayName,controlType,parentAlias,defaultTimeout,tags,strategies
[23:35:10.561]   Found strategies: WPFSpy
[23:35:10.561]   Added Name mapping: /Window[@AutomationId='OrdersWindow']/Grid/StackPanel/Label[@Name='lblConfirmation'] -> OrdersPage.OrdersWindow.lblConfirmation
[23:35:10.561] Processing alias=OrdersPage.OrdersWindow.gridOrders, entry keys=displayName,controlType,parentAlias,defaultTimeout,tags,strategies
[23:35:10.561]   Found strategies: WPFSpy
[23:35:10.562]   Added Name mapping: /Window[@AutomationId='OrdersWindow']/Grid/DataGrid[@AutomationId='gridOrders'] -> OrdersPage.OrdersWindow.gridOrders
[23:35:10.562] Loaded 0 AutomationId mappings, 11 Name mappings
[23:35:13.547] ResolveAlias(automationId=, name=)
[23:35:13.548]   -> NO MATCH
[23:35:18.074] ResolveAlias(automationId=, name=)
[23:35:18.075]   -> NO MATCH
[23:35:26.184] ResolveAlias(automationId=, name=border)
[23:35:26.184]   -> NO MATCH
[23:35:30.481] ResolveAlias(automationId=, name=)
[23:35:30.481]   -> NO MATCH
[23:35:32.246] ResolveAlias(automationId=, name=templateRoot)
[23:35:32.246]   -> NO MATCH
[23:35:33.094] ResolveAlias(automationId=, name=Bd)
[23:35:33.095]   -> NO MATCH
[23:35:33.985] ResolveAlias(automationId=, name=)
[23:35:33.986]   -> NO MATCH
[23:35:36.931] ResolveAlias(automationId=, name=)
[23:35:36.931]   -> NO MATCH
[23:35:37.654] ResolveAlias(automationId=, name=border)
[23:35:37.655]   -> NO MATCH
[23:35:39.590] ResolveAlias(automationId=, name=)
[23:35:39.590]   -> NO MATCH
[23:35:40.543] ResolveAlias(automationId=, name=border)
[23:35:40.543]   -> NO MATCH
[23:35:41.688] ResolveAlias(automationId=, name=)
[23:35:41.688]   -> NO MATCH
[23:35:43.007] ResolveAlias(automationId=, name=DGR_Border)
[23:35:43.008]   -> NO MATCH
[23:35:43.622] ResolveAlias(automationId=, name=DGR_Border)
[23:35:43.622]   -> NO MATCH
[23:35:43.842] ResolveAlias(automationId=, name=DGR_Border)
[23:35:43.842]   -> NO MATCH
[23:35:44.491] ResolveAlias(automationId=, name=Bd)
[23:35:44.491]   -> NO MATCH
[23:35:44.704] ResolveAlias(automationId=, name=Bd)
[23:35:44.704]   -> NO MATCH
[23:35:45.507] ResolveAlias(automationId=, name=Bd)
[23:35:45.508]   -> NO MATCH
[23:35:45.737] ResolveAlias(automationId=, name=Bd)
[23:35:45.737]   -> NO MATCH
[23:36:55.384] ResolveAlias(automationId=, name=)
[23:36:55.384]   -> NO MATCH
[23:36:59.714] ResolveAlias(automationId=, name=)
[23:36:59.715]   -> NO MATCH
[23:44:46.657] EnsureLoaded: frameworkRoot=D:\testpgms\WPFTestAutoClaudeNew\WpfTestFramework, repoDir=D:\testpgms\WPFTestAutoClaudeNew\WpfTestFramework\repository\elements, exists=True
[23:44:46.695] Loaded YAML: D:\testpgms\WPFTestAutoClaudeNew\WpfTestFramework\repository\elements\login_page.yaml, keys: elements
[23:44:46.696] elements count: 4
[23:44:46.696] Processing alias=LoginPage.MainWindow.txtUsername, entry keys=displayName,controlType,parentAlias,defaultTimeout,tags,strategies
[23:44:46.697]   Found strategies: WPFSpy
[23:44:46.697]   Added Name mapping: /Window[@AutomationId='MainWindow']/Grid/TextBox[@AutomationId='txtUsername'] -> LoginPage.MainWindow.txtUsername
[23:44:46.697] Processing alias=LoginPage.MainWindow.txtPassword, entry keys=displayName,controlType,parentAlias,defaultTimeout,tags,strategies
[23:44:46.697]   Found strategies: WPFSpy
[23:44:46.698]   Added Name mapping: /Window[@AutomationId='MainWindow']/Grid/PasswordBox[@AutomationId='txtPassword'] -> LoginPage.MainWindow.txtPassword
[23:44:46.698] Processing alias=LoginPage.MainWindow.btnSubmit, entry keys=displayName,controlType,parentAlias,defaultTimeout,tags,strategies
[23:44:46.698]   Found strategies: WPFSpy
[23:44:46.698]   Added Name mapping: /Window[@AutomationId='MainWindow']/Grid/StackPanel/Button[@AutomationId='btnSubmit'] -> LoginPage.MainWindow.btnSubmit
[23:44:46.698] Processing alias=LoginPage.MainWindow.lblError, entry keys=displayName,controlType,parentAlias,defaultTimeout,tags,strategies
[23:44:46.699]   Found strategies: WPFSpy
[23:44:46.699]   Added Name mapping: /Window[@AutomationId='MainWindow']/Grid/StackPanel/Label[@Name='lblError'] -> LoginPage.MainWindow.lblError
[23:44:46.700] Loaded YAML: D:\testpgms\WPFTestAutoClaudeNew\WpfTestFramework\repository\elements\orders_page.yaml, keys: elements
[23:44:46.701] elements count: 7
[23:44:46.701] Processing alias=OrdersPage.OrdersWindow.cmbSku, entry keys=displayName,controlType,parentAlias,defaultTimeout,tags,strategies
[23:44:46.701]   Found strategies: WPFSpy
[23:44:46.701]   Added Name mapping: /Window[@AutomationId='OrdersWindow']/Grid/ComboBox[@AutomationId='cmbSku'] -> OrdersPage.OrdersWindow.cmbSku
[23:44:46.701] Processing alias=OrdersPage.OrdersWindow.txtQty, entry keys=displayName,controlType,parentAlias,defaultTimeout,tags,strategies
[23:44:46.701]   Found strategies: WPFSpy
[23:44:46.702]   Added Name mapping: /Window[@AutomationId='OrdersWindow']/Grid/TextBox[@AutomationId='txtQty'] -> OrdersPage.OrdersWindow.txtQty
[23:44:46.702] Processing alias=OrdersPage.OrdersWindow.chkPriority, entry keys=displayName,controlType,parentAlias,defaultTimeout,tags,strategies
[23:44:46.702]   Found strategies: WPFSpy
[23:44:46.702]   Added Name mapping: /Window[@AutomationId='OrdersWindow']/Grid/StackPanel/PriorityToggleControl[@Name='chkPriority'] -> OrdersPage.OrdersWindow.chkPriority
[23:44:46.702] Processing alias=OrdersPage.OrdersWindow.btnCreateOrder, entry keys=displayName,controlType,parentAlias,defaultTimeout,tags,strategies
[23:44:46.703]   Found strategies: WPFSpy
[23:44:46.703]   Added Name mapping: /Window[@AutomationId='OrdersWindow']/Grid/StackPanel/Button[@AutomationId='btnCreateOrder'] -> OrdersPage.OrdersWindow.btnCreateOrder
[23:44:46.703] Processing alias=OrdersPage.OrdersWindow.btnLogout, entry keys=displayName,controlType,parentAlias,defaultTimeout,tags,strategies
[23:44:46.703]   Found strategies: WPFSpy
[23:44:46.703]   Added Name mapping: /Window[@AutomationId='OrdersWindow']/Grid/StackPanel/Button[@AutomationId='btnLogout'] -> OrdersPage.OrdersWindow.btnLogout
[23:44:46.703] Processing alias=OrdersPage.OrdersWindow.lblConfirmation, entry keys=displayName,controlType,parentAlias,defaultTimeout,tags,strategies
[23:44:46.704]   Found strategies: WPFSpy
[23:44:46.704]   Added Name mapping: /Window[@AutomationId='OrdersWindow']/Grid/StackPanel/Label[@Name='lblConfirmation'] -> OrdersPage.OrdersWindow.lblConfirmation
[23:44:46.704] Processing alias=OrdersPage.OrdersWindow.gridOrders, entry keys=displayName,controlType,parentAlias,defaultTimeout,tags,strategies
[23:44:46.704]   Found strategies: WPFSpy
[23:44:46.704]   Added Name mapping: /Window[@AutomationId='OrdersWindow']/Grid/DataGrid[@AutomationId='gridOrders'] -> OrdersPage.OrdersWindow.gridOrders
[23:44:46.704] Loaded 0 AutomationId mappings, 11 Name mappings
[23:44:56.968] ResolveAlias(automationId=, name=)
[23:44:56.968]   -> NO MATCH
[23:45:06.402] ResolveAlias(automationId=, name=border)
[23:45:06.402]   -> NO MATCH
[23:45:10.401] ResolveAlias(automationId=, name=)
[23:45:10.401]   -> NO MATCH
[23:49:44.659] ResolveAlias(automationId=, name=)
[23:49:44.659]   -> NO MATCH
[23:52:01.981] ResolveAlias(automationId=, name=)
[23:52:01.981]   -> NO MATCH
[23:52:03.359] ResolveAlias(automationId=MainWindow, name=)
[23:52:03.359]   -> NO MATCH
[23:52:03.546] ResolveAlias(automationId=MainWindow, name=)
[23:52:03.546]   -> NO MATCH
[23:52:04.434] ResolveAlias(automationId=MainWindow, name=)
[23:52:04.434]   -> NO MATCH
[23:52:04.629] ResolveAlias(automationId=MainWindow, name=)
[23:52:04.629]   -> NO MATCH
[23:52:05.986] ResolveAlias(automationId=MainWindow, name=)
[23:52:05.986]   -> NO MATCH
[23:52:06.199] ResolveAlias(automationId=MainWindow, name=)
[23:52:06.200]   -> NO MATCH
[23:52:07.000] ResolveAlias(automationId=MainWindow, name=)
[23:52:07.000]   -> NO MATCH
[23:52:10.954] ResolveAlias(automationId=MainWindow, name=)
[23:52:10.954]   -> NO MATCH
[00:01:34.922] EnsureLoaded: frameworkRoot=D:\testpgms\WPFTestAutoClaudeNew\WpfTestFramework, repoDir=D:\testpgms\WPFTestAutoClaudeNew\WpfTestFramework\repository\elements, exists=True
[00:01:34.962] Loaded YAML: D:\testpgms\WPFTestAutoClaudeNew\WpfTestFramework\repository\elements\login_page.yaml, keys: elements
[00:01:34.964] elements count: 4
[00:01:34.965] Processing alias=LoginPage.MainWindow.txtUsername, entry keys=displayName,controlType,parentAlias,defaultTimeout,tags,strategies
[00:01:34.965]   Found strategies: WPFSpy
[00:01:34.965]   Added Name mapping: /Window[@AutomationId='MainWindow']/Grid/TextBox[@AutomationId='txtUsername'] -> LoginPage.MainWindow.txtUsername
[00:01:34.965] Processing alias=LoginPage.MainWindow.txtPassword, entry keys=displayName,controlType,parentAlias,defaultTimeout,tags,strategies
[00:01:34.966]   Found strategies: WPFSpy
[00:01:34.966]   Added Name mapping: /Window[@AutomationId='MainWindow']/Grid/PasswordBox[@AutomationId='txtPassword'] -> LoginPage.MainWindow.txtPassword
[00:01:34.966] Processing alias=LoginPage.MainWindow.btnSubmit, entry keys=displayName,controlType,parentAlias,defaultTimeout,tags,strategies
[00:01:34.966]   Found strategies: WPFSpy
[00:01:34.967]   Added Name mapping: /Window[@AutomationId='MainWindow']/Grid/StackPanel/Button[@AutomationId='btnSubmit'] -> LoginPage.MainWindow.btnSubmit
[00:01:34.967] Processing alias=LoginPage.MainWindow.lblError, entry keys=displayName,controlType,parentAlias,defaultTimeout,tags,strategies
[00:01:34.967]   Found strategies: WPFSpy
[00:01:34.968]   Added Name mapping: /Window[@AutomationId='MainWindow']/Grid/StackPanel/Label[@Name='lblError'] -> LoginPage.MainWindow.lblError
[00:01:34.969] Loaded YAML: D:\testpgms\WPFTestAutoClaudeNew\WpfTestFramework\repository\elements\orders_page.yaml, keys: elements
[00:01:34.969] elements count: 7
[00:01:34.969] Processing alias=OrdersPage.OrdersWindow.cmbSku, entry keys=displayName,controlType,parentAlias,defaultTimeout,tags,strategies
[00:01:34.970]   Found strategies: WPFSpy
[00:01:34.970]   Added Name mapping: /Window[@AutomationId='OrdersWindow']/Grid/ComboBox[@AutomationId='cmbSku'] -> OrdersPage.OrdersWindow.cmbSku
[00:01:34.970] Processing alias=OrdersPage.OrdersWindow.txtQty, entry keys=displayName,controlType,parentAlias,defaultTimeout,tags,strategies
[00:01:34.970]   Found strategies: WPFSpy
[00:01:34.971]   Added Name mapping: /Window[@AutomationId='OrdersWindow']/Grid/TextBox[@AutomationId='txtQty'] -> OrdersPage.OrdersWindow.txtQty
[00:01:34.971] Processing alias=OrdersPage.OrdersWindow.chkPriority, entry keys=displayName,controlType,parentAlias,defaultTimeout,tags,strategies
[00:01:34.971]   Found strategies: WPFSpy
[00:01:34.971]   Added Name mapping: /Window[@AutomationId='OrdersWindow']/Grid/StackPanel/PriorityToggleControl[@Name='chkPriority'] -> OrdersPage.OrdersWindow.chkPriority
[00:01:34.971] Processing alias=OrdersPage.OrdersWindow.btnCreateOrder, entry keys=displayName,controlType,parentAlias,defaultTimeout,tags,strategies
[00:01:34.971]   Found strategies: WPFSpy
[00:01:34.972]   Added Name mapping: /Window[@AutomationId='OrdersWindow']/Grid/StackPanel/Button[@AutomationId='btnCreateOrder'] -> OrdersPage.OrdersWindow.btnCreateOrder
[00:01:34.972] Processing alias=OrdersPage.OrdersWindow.btnLogout, entry keys=displayName,controlType,parentAlias,defaultTimeout,tags,strategies
[00:01:34.972]   Found strategies: WPFSpy
[00:01:34.972]   Added Name mapping: /Window[@AutomationId='OrdersWindow']/Grid/StackPanel/Button[@AutomationId='btnLogout'] -> OrdersPage.OrdersWindow.btnLogout
[00:01:34.973] Processing alias=OrdersPage.OrdersWindow.lblConfirmation, entry keys=displayName,controlType,parentAlias,defaultTimeout,tags,strategies
[00:01:34.973]   Found strategies: WPFSpy
[00:01:34.973]   Added Name mapping: /Window[@AutomationId='OrdersWindow']/Grid/StackPanel/Label[@Name='lblConfirmation'] -> OrdersPage.OrdersWindow.lblConfirmation
[00:01:34.973] Processing alias=OrdersPage.OrdersWindow.gridOrders, entry keys=displayName,controlType,parentAlias,defaultTimeout,tags,strategies
[00:01:34.973]   Found strategies: WPFSpy
[00:01:34.974]   Added Name mapping: /Window[@AutomationId='OrdersWindow']/Grid/DataGrid[@AutomationId='gridOrders'] -> OrdersPage.OrdersWindow.gridOrders
[00:01:34.974] Loaded 0 AutomationId mappings, 11 Name mappings
[00:01:44.348] ResolveAlias(automationId=, name=)
[00:01:44.348]   -> NO MATCH
[00:01:48.742] ResolveAlias(automationId=, name=)
[00:01:48.742]   -> NO MATCH
[00:01:50.677] ResolveAlias(automationId=, name=border)
[00:01:50.677]   -> NO MATCH
[00:02:02.702] ResolveAlias(automationId=, name=)
[00:02:02.702]   -> NO MATCH
[00:02:28.078] ResolveAlias(automationId=, name=)
[00:02:28.078]   -> NO MATCH
[00:02:34.186] ResolveAlias(automationId=, name=)
[00:02:34.186]   -> NO MATCH
[00:02:36.206] ResolveAlias(automationId=, name=)
[00:02:36.206]   -> NO MATCH
[00:07:05.480] EnsureLoaded: frameworkRoot=D:\testpgms\WPFTestAutoClaudeNew\WpfTestFramework, repoDir=D:\testpgms\WPFTestAutoClaudeNew\WpfTestFramework\repository\elements, exists=True
[00:07:05.518] Loaded YAML: D:\testpgms\WPFTestAutoClaudeNew\WpfTestFramework\repository\elements\login_page.yaml, keys: elements
[00:07:05.519] elements count: 4
[00:07:05.520] Processing alias=LoginPage.MainWindow.txtUsername, entry keys=displayName,controlType,parentAlias,defaultTimeout,tags,strategies
[00:07:05.520]   Found strategies: WPFSpy
[00:07:05.520]   Added Name mapping: /Window[@AutomationId='MainWindow']/Grid/TextBox[@AutomationId='txtUsername'] -> LoginPage.MainWindow.txtUsername
[00:07:05.520] Processing alias=LoginPage.MainWindow.txtPassword, entry keys=displayName,controlType,parentAlias,defaultTimeout,tags,strategies
[00:07:05.520]   Found strategies: WPFSpy
[00:07:05.521]   Added Name mapping: /Window[@AutomationId='MainWindow']/Grid/PasswordBox[@AutomationId='txtPassword'] -> LoginPage.MainWindow.txtPassword
[00:07:05.521] Processing alias=LoginPage.MainWindow.btnSubmit, entry keys=displayName,controlType,parentAlias,defaultTimeout,tags,strategies
[00:07:05.521]   Found strategies: WPFSpy
[00:07:05.521]   Added Name mapping: /Window[@AutomationId='MainWindow']/Grid/StackPanel/Button[@AutomationId='btnSubmit'] -> LoginPage.MainWindow.btnSubmit
[00:07:05.521] Processing alias=LoginPage.MainWindow.lblError, entry keys=displayName,controlType,parentAlias,defaultTimeout,tags,strategies
[00:07:05.521]   Found strategies: WPFSpy
[00:07:05.522]   Added Name mapping: /Window[@AutomationId='MainWindow']/Grid/StackPanel/Label[@Name='lblError'] -> LoginPage.MainWindow.lblError
[00:07:05.523] Loaded YAML: D:\testpgms\WPFTestAutoClaudeNew\WpfTestFramework\repository\elements\orders_page.yaml, keys: elements
[00:07:05.524] elements count: 7
[00:07:05.524] Processing alias=OrdersPage.OrdersWindow.cmbSku, entry keys=displayName,controlType,parentAlias,defaultTimeout,tags,strategies
[00:07:05.524]   Found strategies: WPFSpy
[00:07:05.524]   Added Name mapping: /Window[@AutomationId='OrdersWindow']/Grid/ComboBox[@AutomationId='cmbSku'] -> OrdersPage.OrdersWindow.cmbSku
[00:07:05.525] Processing alias=OrdersPage.OrdersWindow.txtQty, entry keys=displayName,controlType,parentAlias,defaultTimeout,tags,strategies
[00:07:05.525]   Found strategies: WPFSpy
[00:07:05.525]   Added Name mapping: /Window[@AutomationId='OrdersWindow']/Grid/TextBox[@AutomationId='txtQty'] -> OrdersPage.OrdersWindow.txtQty
[00:07:05.525] Processing alias=OrdersPage.OrdersWindow.chkPriority, entry keys=displayName,controlType,parentAlias,defaultTimeout,tags,strategies
[00:07:05.525]   Found strategies: WPFSpy
[00:07:05.525]   Added Name mapping: /Window[@AutomationId='OrdersWindow']/Grid/StackPanel/PriorityToggleControl[@Name='chkPriority'] -> OrdersPage.OrdersWindow.chkPriority
[00:07:05.526] Processing alias=OrdersPage.OrdersWindow.btnCreateOrder, entry keys=displayName,controlType,parentAlias,defaultTimeout,tags,strategies
[00:07:05.526]   Found strategies: WPFSpy
[00:07:05.526]   Added Name mapping: /Window[@AutomationId='OrdersWindow']/Grid/StackPanel/Button[@AutomationId='btnCreateOrder'] -> OrdersPage.OrdersWindow.btnCreateOrder
[00:07:05.526] Processing alias=OrdersPage.OrdersWindow.btnLogout, entry keys=displayName,controlType,parentAlias,defaultTimeout,tags,strategies
[00:07:05.527]   Found strategies: WPFSpy
[00:07:05.527]   Added Name mapping: /Window[@AutomationId='OrdersWindow']/Grid/StackPanel/Button[@AutomationId='btnLogout'] -> OrdersPage.OrdersWindow.btnLogout
[00:07:05.527] Processing alias=OrdersPage.OrdersWindow.lblConfirmation, entry keys=displayName,controlType,parentAlias,defaultTimeout,tags,strategies
[00:07:05.527]   Found strategies: WPFSpy
[00:07:05.527]   Added Name mapping: /Window[@AutomationId='OrdersWindow']/Grid/StackPanel/Label[@Name='lblConfirmation'] -> OrdersPage.OrdersWindow.lblConfirmation
[00:07:05.527] Processing alias=OrdersPage.OrdersWindow.gridOrders, entry keys=displayName,controlType,parentAlias,defaultTimeout,tags,strategies
[00:07:05.527]   Found strategies: WPFSpy
[00:07:05.528]   Added Name mapping: /Window[@AutomationId='OrdersWindow']/Grid/DataGrid[@AutomationId='gridOrders'] -> OrdersPage.OrdersWindow.gridOrders
[00:07:05.528] Loaded 0 AutomationId mappings, 11 Name mappings
[00:07:11.464] ResolveAlias(automationId=, name=)
[00:07:11.464]   -> NO MATCH
[00:07:12.333] ResolveAlias(automationId=, name=)
[00:07:12.333]   -> NO MATCH
[00:10:14.478] EnsureLoaded: frameworkRoot=D:\testpgms\WPFTestAutoClaudeNew\WpfTestFramework, repoDir=D:\testpgms\WPFTestAutoClaudeNew\WpfTestFramework\repository\elements, exists=True
[00:10:14.519] Loaded YAML: D:\testpgms\WPFTestAutoClaudeNew\WpfTestFramework\repository\elements\login_page.yaml, keys: elements
[00:10:14.520] elements count: 4
[00:10:14.520] Processing alias=LoginPage.MainWindow.txtUsername, entry keys=displayName,controlType,parentAlias,defaultTimeout,tags,strategies
[00:10:14.521]   Found strategies: WPFSpy
[00:10:14.521]   Added Name mapping: /Window[@AutomationId='MainWindow']/Grid/TextBox[@AutomationId='txtUsername'] -> LoginPage.MainWindow.txtUsername
[00:10:14.521] Processing alias=LoginPage.MainWindow.txtPassword, entry keys=displayName,controlType,parentAlias,defaultTimeout,tags,strategies
[00:10:14.521]   Found strategies: WPFSpy
[00:10:14.522]   Added Name mapping: /Window[@AutomationId='MainWindow']/Grid/PasswordBox[@AutomationId='txtPassword'] -> LoginPage.MainWindow.txtPassword
[00:10:14.522] Processing alias=LoginPage.MainWindow.btnSubmit, entry keys=displayName,controlType,parentAlias,defaultTimeout,tags,strategies
[00:10:14.523]   Found strategies: WPFSpy
[00:10:14.523]   Added Name mapping: /Window[@AutomationId='MainWindow']/Grid/StackPanel/Button[@AutomationId='btnSubmit'] -> LoginPage.MainWindow.btnSubmit
[00:10:14.523] Processing alias=LoginPage.MainWindow.lblError, entry keys=displayName,controlType,parentAlias,defaultTimeout,tags,strategies
[00:10:14.523]   Found strategies: WPFSpy
[00:10:14.524]   Added Name mapping: /Window[@AutomationId='MainWindow']/Grid/StackPanel/Label[@Name='lblError'] -> LoginPage.MainWindow.lblError
[00:10:14.526] Loaded YAML: D:\testpgms\WPFTestAutoClaudeNew\WpfTestFramework\repository\elements\orders_page.yaml, keys: elements
[00:10:14.527] elements count: 7
[00:10:14.527] Processing alias=OrdersPage.OrdersWindow.cmbSku, entry keys=displayName,controlType,parentAlias,defaultTimeout,tags,strategies
[00:10:14.527]   Found strategies: WPFSpy
[00:10:14.527]   Added Name mapping: /Window[@AutomationId='OrdersWindow']/Grid/ComboBox[@AutomationId='cmbSku'] -> OrdersPage.OrdersWindow.cmbSku
[00:10:14.528] Processing alias=OrdersPage.OrdersWindow.txtQty, entry keys=displayName,controlType,parentAlias,defaultTimeout,tags,strategies
[00:10:14.528]   Found strategies: WPFSpy
[00:10:14.528]   Added Name mapping: /Window[@AutomationId='OrdersWindow']/Grid/TextBox[@AutomationId='txtQty'] -> OrdersPage.OrdersWindow.txtQty
[00:10:14.528] Processing alias=OrdersPage.OrdersWindow.chkPriority, entry keys=displayName,controlType,parentAlias,defaultTimeout,tags,strategies
[00:10:14.529]   Found strategies: WPFSpy
[00:10:14.529]   Added Name mapping: /Window[@AutomationId='OrdersWindow']/Grid/StackPanel/PriorityToggleControl[@Name='chkPriority'] -> OrdersPage.OrdersWindow.chkPriority
[00:10:14.529] Processing alias=OrdersPage.OrdersWindow.btnCreateOrder, entry keys=displayName,controlType,parentAlias,defaultTimeout,tags,strategies
[00:10:14.529]   Found strategies: WPFSpy
[00:10:14.530]   Added Name mapping: /Window[@AutomationId='OrdersWindow']/Grid/StackPanel/Button[@AutomationId='btnCreateOrder'] -> OrdersPage.OrdersWindow.btnCreateOrder
[00:10:14.530] Processing alias=OrdersPage.OrdersWindow.btnLogout, entry keys=displayName,controlType,parentAlias,defaultTimeout,tags,strategies
[00:10:14.530]   Found strategies: WPFSpy
[00:10:14.530]   Added Name mapping: /Window[@AutomationId='OrdersWindow']/Grid/StackPanel/Button[@AutomationId='btnLogout'] -> OrdersPage.OrdersWindow.btnLogout
[00:10:14.530] Processing alias=OrdersPage.OrdersWindow.lblConfirmation, entry keys=displayName,controlType,parentAlias,defaultTimeout,tags,strategies
[00:10:14.530]   Found strategies: WPFSpy
[00:10:14.531]   Added Name mapping: /Window[@AutomationId='OrdersWindow']/Grid/StackPanel/Label[@Name='lblConfirmation'] -> OrdersPage.OrdersWindow.lblConfirmation
[00:10:14.531] Processing alias=OrdersPage.OrdersWindow.gridOrders, entry keys=displayName,controlType,parentAlias,defaultTimeout,tags,strategies
[00:10:14.531]   Found strategies: WPFSpy
[00:10:14.532]   Added Name mapping: /Window[@AutomationId='OrdersWindow']/Grid/DataGrid[@AutomationId='gridOrders'] -> OrdersPage.OrdersWindow.gridOrders
[00:10:14.532] Loaded 0 AutomationId mappings, 11 Name mappings
[00:12:01.183] EnsureLoaded: frameworkRoot=D:\testpgms\WPFTestAutoClaudeNew\WpfTestFramework, repoDir=D:\testpgms\WPFTestAutoClaudeNew\WpfTestFramework\repository\elements, exists=True
[00:12:01.220] Loaded YAML: D:\testpgms\WPFTestAutoClaudeNew\WpfTestFramework\repository\elements\login_page.yaml, keys: elements
[00:12:01.221] elements count: 4
[00:12:01.221] Processing alias=LoginPage.MainWindow.txtUsername, entry keys=displayName,controlType,parentAlias,defaultTimeout,tags,strategies
[00:12:01.221]   Found strategies: WPFSpy
[00:12:01.221]   Added Name mapping: /Window[@AutomationId='MainWindow']/Grid/TextBox[@AutomationId='txtUsername'] -> LoginPage.MainWindow.txtUsername
[00:12:01.222] Processing alias=LoginPage.MainWindow.txtPassword, entry keys=displayName,controlType,parentAlias,defaultTimeout,tags,strategies
[00:12:01.222]   Found strategies: WPFSpy
[00:12:01.222]   Added Name mapping: /Window[@AutomationId='MainWindow']/Grid/PasswordBox[@AutomationId='txtPassword'] -> LoginPage.MainWindow.txtPassword
[00:12:01.222] Processing alias=LoginPage.MainWindow.btnSubmit, entry keys=displayName,controlType,parentAlias,defaultTimeout,tags,strategies
[00:12:01.222]   Found strategies: WPFSpy
[00:12:01.223]   Added Name mapping: /Window[@AutomationId='MainWindow']/Grid/StackPanel/Button[@AutomationId='btnSubmit'] -> LoginPage.MainWindow.btnSubmit
[00:12:01.223] Processing alias=LoginPage.MainWindow.lblError, entry keys=displayName,controlType,parentAlias,defaultTimeout,tags,strategies
[00:12:01.223]   Found strategies: WPFSpy
[00:12:01.224]   Added Name mapping: /Window[@AutomationId='MainWindow']/Grid/StackPanel/Label[@Name='lblError'] -> LoginPage.MainWindow.lblError
[00:12:01.226] Loaded YAML: D:\testpgms\WPFTestAutoClaudeNew\WpfTestFramework\repository\elements\orders_page.yaml, keys: elements
[00:12:01.226] elements count: 7
[00:12:01.227] Processing alias=OrdersPage.OrdersWindow.cmbSku, entry keys=displayName,controlType,parentAlias,defaultTimeout,tags,strategies
[00:12:01.227]   Found strategies: WPFSpy
[00:12:01.227]   Added Name mapping: /Window[@AutomationId='OrdersWindow']/Grid/ComboBox[@AutomationId='cmbSku'] -> OrdersPage.OrdersWindow.cmbSku
[00:12:01.227] Processing alias=OrdersPage.OrdersWindow.txtQty, entry keys=displayName,controlType,parentAlias,defaultTimeout,tags,strategies
[00:12:01.227]   Found strategies: WPFSpy
[00:12:01.227]   Added Name mapping: /Window[@AutomationId='OrdersWindow']/Grid/TextBox[@AutomationId='txtQty'] -> OrdersPage.OrdersWindow.txtQty
[00:12:01.227] Processing alias=OrdersPage.OrdersWindow.chkPriority, entry keys=displayName,controlType,parentAlias,defaultTimeout,tags,strategies
[00:12:01.228]   Found strategies: WPFSpy
[00:12:01.228]   Added Name mapping: /Window[@AutomationId='OrdersWindow']/Grid/StackPanel/PriorityToggleControl[@Name='chkPriority'] -> OrdersPage.OrdersWindow.chkPriority
[00:12:01.228] Processing alias=OrdersPage.OrdersWindow.btnCreateOrder, entry keys=displayName,controlType,parentAlias,defaultTimeout,tags,strategies
[00:12:01.228]   Found strategies: WPFSpy
[00:12:01.228]   Added Name mapping: /Window[@AutomationId='OrdersWindow']/Grid/StackPanel/Button[@AutomationId='btnCreateOrder'] -> OrdersPage.OrdersWindow.btnCreateOrder
[00:12:01.228] Processing alias=OrdersPage.OrdersWindow.btnLogout, entry keys=displayName,controlType,parentAlias,defaultTimeout,tags,strategies
[00:12:01.229]   Found strategies: WPFSpy
[00:12:01.229]   Added Name mapping: /Window[@AutomationId='OrdersWindow']/Grid/StackPanel/Button[@AutomationId='btnLogout'] -> OrdersPage.OrdersWindow.btnLogout
[00:12:01.229] Processing alias=OrdersPage.OrdersWindow.lblConfirmation, entry keys=displayName,controlType,parentAlias,defaultTimeout,tags,strategies
[00:12:01.229]   Found strategies: WPFSpy
[00:12:01.230]   Added Name mapping: /Window[@AutomationId='OrdersWindow']/Grid/StackPanel/Label[@Name='lblConfirmation'] -> OrdersPage.OrdersWindow.lblConfirmation
[00:12:01.230] Processing alias=OrdersPage.OrdersWindow.gridOrders, entry keys=displayName,controlType,parentAlias,defaultTimeout,tags,strategies
[00:12:01.230]   Found strategies: WPFSpy
[00:12:01.230]   Added Name mapping: /Window[@AutomationId='OrdersWindow']/Grid/DataGrid[@AutomationId='gridOrders'] -> OrdersPage.OrdersWindow.gridOrders
[00:12:01.230] Loaded 0 AutomationId mappings, 11 Name mappings
[00:12:07.253] ResolveAlias(automationId=, name=)
[00:12:07.253]   -> NO MATCH
[00:12:09.739] ResolveAlias(automationId=, name=)
[00:12:09.739]   -> NO MATCH
[00:12:10.284] ResolveAlias(automationId=, name=)
[00:12:10.285]   -> NO MATCH
[00:12:16.338] ResolveAlias(automationId=, name=border)
[00:12:16.338]   -> NO MATCH
[00:12:25.203] ResolveAlias(automationId=, name=)
[00:12:25.204]   -> NO MATCH
[00:15:16.917] EnsureLoaded: frameworkRoot=D:\testpgms\WPFTestAutoClaudeNew\WpfTestFramework, repoDir=D:\testpgms\WPFTestAutoClaudeNew\WpfTestFramework\repository\elements, exists=True
[00:15:16.967] Loaded YAML: D:\testpgms\WPFTestAutoClaudeNew\WpfTestFramework\repository\elements\login_page.yaml, keys: elements
[00:15:16.968] elements count: 4
[00:15:16.969] Processing alias=LoginPage.MainWindow.txtUsername, entry keys=displayName,controlType,parentAlias,defaultTimeout,tags,strategies
[00:15:16.969]   Found strategies: WPFSpy
[00:15:16.969]   Added Name mapping: /Window[@AutomationId='MainWindow']/Grid/TextBox[@AutomationId='txtUsername'] -> LoginPage.MainWindow.txtUsername
[00:15:16.969] Processing alias=LoginPage.MainWindow.txtPassword, entry keys=displayName,controlType,parentAlias,defaultTimeout,tags,strategies
[00:15:16.969]   Found strategies: WPFSpy
[00:15:16.969]   Added Name mapping: /Window[@AutomationId='MainWindow']/Grid/PasswordBox[@AutomationId='txtPassword'] -> LoginPage.MainWindow.txtPassword
[00:15:16.970] Processing alias=LoginPage.MainWindow.btnSubmit, entry keys=displayName,controlType,parentAlias,defaultTimeout,tags,strategies
[00:15:16.970]   Found strategies: WPFSpy
[00:15:16.970]   Added Name mapping: /Window[@AutomationId='MainWindow']/Grid/StackPanel/Button[@AutomationId='btnSubmit'] -> LoginPage.MainWindow.btnSubmit
[00:15:16.970] Processing alias=LoginPage.MainWindow.lblError, entry keys=displayName,controlType,parentAlias,defaultTimeout,tags,strategies
[00:15:16.971]   Found strategies: WPFSpy
[00:15:16.971]   Added Name mapping: /Window[@AutomationId='MainWindow']/Grid/StackPanel/Label[@Name='lblError'] -> LoginPage.MainWindow.lblError
[00:15:16.973] Loaded YAML: D:\testpgms\WPFTestAutoClaudeNew\WpfTestFramework\repository\elements\orders_page.yaml, keys: elements
[00:15:16.973] elements count: 7
[00:15:16.973] Processing alias=OrdersPage.OrdersWindow.cmbSku, entry keys=displayName,controlType,parentAlias,defaultTimeout,tags,strategies
[00:15:16.974]   Found strategies: WPFSpy
[00:15:16.974]   Added Name mapping: /Window[@AutomationId='OrdersWindow']/Grid/ComboBox[@AutomationId='cmbSku'] -> OrdersPage.OrdersWindow.cmbSku
[00:15:16.974] Processing alias=OrdersPage.OrdersWindow.txtQty, entry keys=displayName,controlType,parentAlias,defaultTimeout,tags,strategies
[00:15:16.974]   Found strategies: WPFSpy
[00:15:16.974]   Added Name mapping: /Window[@AutomationId='OrdersWindow']/Grid/TextBox[@AutomationId='txtQty'] -> OrdersPage.OrdersWindow.txtQty
[00:15:16.974] Processing alias=OrdersPage.OrdersWindow.chkPriority, entry keys=displayName,controlType,parentAlias,defaultTimeout,tags,strategies
[00:15:16.975]   Found strategies: WPFSpy
[00:15:16.975]   Added Name mapping: /Window[@AutomationId='OrdersWindow']/Grid/StackPanel/PriorityToggleControl[@Name='chkPriority'] -> OrdersPage.OrdersWindow.chkPriority
[00:15:16.975] Processing alias=OrdersPage.OrdersWindow.btnCreateOrder, entry keys=displayName,controlType,parentAlias,defaultTimeout,tags,strategies
[00:15:16.976]   Found strategies: WPFSpy
[00:15:16.976]   Added Name mapping: /Window[@AutomationId='OrdersWindow']/Grid/StackPanel/Button[@AutomationId='btnCreateOrder'] -> OrdersPage.OrdersWindow.btnCreateOrder
[00:15:16.976] Processing alias=OrdersPage.OrdersWindow.btnLogout, entry keys=displayName,controlType,parentAlias,defaultTimeout,tags,strategies
[00:15:16.976]   Found strategies: WPFSpy
[00:15:16.976]   Added Name mapping: /Window[@AutomationId='OrdersWindow']/Grid/StackPanel/Button[@AutomationId='btnLogout'] -> OrdersPage.OrdersWindow.btnLogout
[00:15:16.976] Processing alias=OrdersPage.OrdersWindow.lblConfirmation, entry keys=displayName,controlType,parentAlias,defaultTimeout,tags,strategies
[00:15:16.976]   Found strategies: WPFSpy
[00:15:16.977]   Added Name mapping: /Window[@AutomationId='OrdersWindow']/Grid/StackPanel/Label[@Name='lblConfirmation'] -> OrdersPage.OrdersWindow.lblConfirmation
[00:15:16.977] Processing alias=OrdersPage.OrdersWindow.gridOrders, entry keys=displayName,controlType,parentAlias,defaultTimeout,tags,strategies
[00:15:16.977]   Found strategies: WPFSpy
[00:15:16.977]   Added Name mapping: /Window[@AutomationId='OrdersWindow']/Grid/DataGrid[@AutomationId='gridOrders'] -> OrdersPage.OrdersWindow.gridOrders
[00:15:16.977] Loaded 0 AutomationId mappings, 11 Name mappings
[23:15:12.011] EnsureLoaded: frameworkRoot=D:\testpgms\WPFTestAutoClaudeNew\WpfTestFramework, repoDir=D:\testpgms\WPFTestAutoClaudeNew\WpfTestFramework\repository\elements, exists=True
[23:15:12.058] Loaded YAML: D:\testpgms\WPFTestAutoClaudeNew\WpfTestFramework\repository\elements\login_page.yaml, keys: elements
[23:15:12.059] elements count: 4
[23:15:12.060] Processing alias=LoginPage.MainWindow.txtUsername, entry keys=displayName,controlType,parentAlias,defaultTimeout,tags,strategies
[23:15:12.060]   Found strategies: WPFSpy
[23:15:12.060]   Added Name mapping: /Window[@AutomationId='MainWindow']/Grid/TextBox[@AutomationId='txtUsername'] -> LoginPage.MainWindow.txtUsername
[23:15:12.060] Processing alias=LoginPage.MainWindow.txtPassword, entry keys=displayName,controlType,parentAlias,defaultTimeout,tags,strategies
[23:15:12.061]   Found strategies: WPFSpy
[23:15:12.061]   Added Name mapping: /Window[@AutomationId='MainWindow']/Grid/PasswordBox[@AutomationId='txtPassword'] -> LoginPage.MainWindow.txtPassword
[23:15:12.061] Processing alias=LoginPage.MainWindow.btnSubmit, entry keys=displayName,controlType,parentAlias,defaultTimeout,tags,strategies
[23:15:12.061]   Found strategies: WPFSpy
[23:15:12.061]   Added Name mapping: /Window[@AutomationId='MainWindow']/Grid/StackPanel/Button[@AutomationId='btnSubmit'] -> LoginPage.MainWindow.btnSubmit
[23:15:12.061] Processing alias=LoginPage.MainWindow.lblError, entry keys=displayName,controlType,parentAlias,defaultTimeout,tags,strategies
[23:15:12.062]   Found strategies: WPFSpy
[23:15:12.062]   Added Name mapping: /Window[@AutomationId='MainWindow']/Grid/StackPanel/Label[@Name='lblError'] -> LoginPage.MainWindow.lblError
[23:15:12.063] Loaded YAML: D:\testpgms\WPFTestAutoClaudeNew\WpfTestFramework\repository\elements\orders_page.yaml, keys: elements
[23:15:12.063] elements count: 7
[23:15:12.063] Processing alias=OrdersPage.OrdersWindow.cmbSku, entry keys=displayName,controlType,parentAlias,defaultTimeout,tags,strategies
[23:15:12.064]   Found strategies: WPFSpy
[23:15:12.064]   Added Name mapping: /Window[@AutomationId='OrdersWindow']/Grid/ComboBox[@AutomationId='cmbSku'] -> OrdersPage.OrdersWindow.cmbSku
[23:15:12.064] Processing alias=OrdersPage.OrdersWindow.txtQty, entry keys=displayName,controlType,parentAlias,defaultTimeout,tags,strategies
[23:15:12.064]   Found strategies: WPFSpy
[23:15:12.064]   Added Name mapping: /Window[@AutomationId='OrdersWindow']/Grid/TextBox[@AutomationId='txtQty'] -> OrdersPage.OrdersWindow.txtQty
[23:15:12.065] Processing alias=OrdersPage.OrdersWindow.chkPriority, entry keys=displayName,controlType,parentAlias,defaultTimeout,tags,strategies
[23:15:12.065]   Found strategies: WPFSpy
[23:15:12.065]   Added Name mapping: /Window[@AutomationId='OrdersWindow']/Grid/StackPanel/PriorityToggleControl[@Name='chkPriority'] -> OrdersPage.OrdersWindow.chkPriority
[23:15:12.065] Processing alias=OrdersPage.OrdersWindow.btnCreateOrder, entry keys=displayName,controlType,parentAlias,defaultTimeout,tags,strategies
[23:15:12.065]   Found strategies: WPFSpy
[23:15:12.065]   Added Name mapping: /Window[@AutomationId='OrdersWindow']/Grid/StackPanel/Button[@AutomationId='btnCreateOrder'] -> OrdersPage.OrdersWindow.btnCreateOrder
[23:15:12.065] Processing alias=OrdersPage.OrdersWindow.btnLogout, entry keys=displayName,controlType,parentAlias,defaultTimeout,tags,strategies
[23:15:12.066]   Found strategies: WPFSpy
[23:15:12.066]   Added Name mapping: /Window[@AutomationId='OrdersWindow']/Grid/StackPanel/Button[@AutomationId='btnLogout'] -> OrdersPage.OrdersWindow.btnLogout
[23:15:12.066] Processing alias=OrdersPage.OrdersWindow.lblConfirmation, entry keys=displayName,controlType,parentAlias,defaultTimeout,tags,strategies
[23:15:12.066]   Found strategies: WPFSpy
[23:15:12.067]   Added Name mapping: /Window[@AutomationId='OrdersWindow']/Grid/StackPanel/Label[@Name='lblConfirmation'] -> OrdersPage.OrdersWindow.lblConfirmation
[23:15:12.067] Processing alias=OrdersPage.OrdersWindow.gridOrders, entry keys=displayName,controlType,parentAlias,defaultTimeout,tags,strategies
[23:15:12.067]   Found strategies: WPFSpy
[23:15:12.067]   Added Name mapping: /Window[@AutomationId='OrdersWindow']/Grid/DataGrid[@AutomationId='gridOrders'] -> OrdersPage.OrdersWindow.gridOrders
[23:15:12.067] Loaded 0 AutomationId mappings, 11 Name mappings
[23:15:17.466] ResolveAlias(automationId=, name=)
[23:15:17.466]   -> NO MATCH
[23:15:21.656] ResolveAlias(automationId=, name=)
[23:15:21.656]   -> NO MATCH
[23:15:29.088] ResolveAlias(automationId=, name=border)
[23:15:29.088]   -> NO MATCH
[23:15:31.495] ResolveAlias(automationId=, name=Border)
[23:15:31.496]   -> NO MATCH
[23:15:33.314] ResolveAlias(automationId=, name=splitBorder)
[23:15:33.314]   -> NO MATCH
[23:15:34.259] ResolveAlias(automationId=, name=Bd)
[23:15:34.259]   -> NO MATCH
[23:15:35.506] ResolveAlias(automationId=, name=)
[23:15:35.506]   -> NO MATCH
[23:15:37.420] ResolveAlias(automationId=, name=)
[23:15:37.420]   -> NO MATCH
[23:15:38.599] ResolveAlias(automationId=, name=border)
[23:15:38.599]   -> NO MATCH
[23:15:39.982] ResolveAlias(automationId=, name=border)
[23:15:39.982]   -> NO MATCH
[23:15:43.462] ResolveAlias(automationId=, name=Bd)
[23:15:43.463]   -> NO MATCH
[23:15:47.073] ResolveAlias(automationId=, name=)
[23:15:47.074]   -> NO MATCH
[23:46:54.903] EnsureLoaded: frameworkRoot=D:\testpgms\WPFTestAutoClaudeNew\WpfTestFramework, repoDir=D:\testpgms\WPFTestAutoClaudeNew\WpfTestFramework\repository\elements, exists=True
[23:46:54.957] Loaded YAML: D:\testpgms\WPFTestAutoClaudeNew\WpfTestFramework\repository\elements\login_page.yaml, keys: elements
[23:46:54.960] elements count: 4
[23:46:54.960] Processing alias=LoginPage.MainWindow.txtUsername, entry keys=displayName,controlType,parentAlias,defaultTimeout,tags,strategies
[23:46:54.960]   Found strategies: WPFSpy
[23:46:54.961]   Added Name mapping: /Window[@AutomationId='MainWindow']/Grid/TextBox[@AutomationId='txtUsername'] -> LoginPage.MainWindow.txtUsername
[23:46:54.961] Processing alias=LoginPage.MainWindow.txtPassword, entry keys=displayName,controlType,parentAlias,defaultTimeout,tags,strategies
[23:46:54.961]   Found strategies: WPFSpy
[23:46:54.961]   Added Name mapping: /Window[@AutomationId='MainWindow']/Grid/PasswordBox[@AutomationId='txtPassword'] -> LoginPage.MainWindow.txtPassword
[23:46:54.961] Processing alias=LoginPage.MainWindow.btnSubmit, entry keys=displayName,controlType,parentAlias,defaultTimeout,tags,strategies
[23:46:54.961]   Found strategies: WPFSpy
[23:46:54.961]   Added Name mapping: /Window[@AutomationId='MainWindow']/Grid/StackPanel/Button[@AutomationId='btnSubmit'] -> LoginPage.MainWindow.btnSubmit
[23:46:54.961] Processing alias=LoginPage.MainWindow.lblError, entry keys=displayName,controlType,parentAlias,defaultTimeout,tags,strategies
[23:46:54.962]   Found strategies: WPFSpy
[23:46:54.962]   Added Name mapping: /Window[@AutomationId='MainWindow']/Grid/StackPanel/Label[@Name='lblError'] -> LoginPage.MainWindow.lblError
[23:46:54.963] Loaded YAML: D:\testpgms\WPFTestAutoClaudeNew\WpfTestFramework\repository\elements\orders_page.yaml, keys: elements
[23:46:54.964] elements count: 7
[23:46:54.964] Processing alias=OrdersPage.OrdersWindow.cmbSku, entry keys=displayName,controlType,parentAlias,defaultTimeout,tags,strategies
[23:46:54.964]   Found strategies: WPFSpy
[23:46:54.964]   Added Name mapping: /Window[@AutomationId='OrdersWindow']/Grid/ComboBox[@AutomationId='cmbSku'] -> OrdersPage.OrdersWindow.cmbSku
[23:46:54.964] Processing alias=OrdersPage.OrdersWindow.txtQty, entry keys=displayName,controlType,parentAlias,defaultTimeout,tags,strategies
[23:46:54.965]   Found strategies: WPFSpy
[23:46:54.965]   Added Name mapping: /Window[@AutomationId='OrdersWindow']/Grid/TextBox[@AutomationId='txtQty'] -> OrdersPage.OrdersWindow.txtQty
[23:46:54.965] Processing alias=OrdersPage.OrdersWindow.chkPriority, entry keys=displayName,controlType,parentAlias,defaultTimeout,tags,strategies
[23:46:54.965]   Found strategies: WPFSpy
[23:46:54.965]   Added Name mapping: /Window[@AutomationId='OrdersWindow']/Grid/StackPanel/PriorityToggleControl[@Name='chkPriority'] -> OrdersPage.OrdersWindow.chkPriority
[23:46:54.965] Processing alias=OrdersPage.OrdersWindow.btnCreateOrder, entry keys=displayName,controlType,parentAlias,defaultTimeout,tags,strategies
[23:46:54.966]   Found strategies: WPFSpy
[23:46:54.966]   Added Name mapping: /Window[@AutomationId='OrdersWindow']/Grid/StackPanel/Button[@AutomationId='btnCreateOrder'] -> OrdersPage.OrdersWindow.btnCreateOrder
[23:46:54.966] Processing alias=OrdersPage.OrdersWindow.btnLogout, entry keys=displayName,controlType,parentAlias,defaultTimeout,tags,strategies
[23:46:54.967]   Found strategies: WPFSpy
[23:46:54.967]   Added Name mapping: /Window[@AutomationId='OrdersWindow']/Grid/StackPanel/Button[@AutomationId='btnLogout'] -> OrdersPage.OrdersWindow.btnLogout
[23:46:54.967] Processing alias=OrdersPage.OrdersWindow.lblConfirmation, entry keys=displayName,controlType,parentAlias,defaultTimeout,tags,strategies
[23:46:54.967]   Found strategies: WPFSpy
[23:46:54.967]   Added Name mapping: /Window[@AutomationId='OrdersWindow']/Grid/StackPanel/Label[@Name='lblConfirmation'] -> OrdersPage.OrdersWindow.lblConfirmation
[23:46:54.967] Processing alias=OrdersPage.OrdersWindow.gridOrders, entry keys=displayName,controlType,parentAlias,defaultTimeout,tags,strategies
[23:46:54.968]   Found strategies: WPFSpy
[23:46:54.968]   Added Name mapping: /Window[@AutomationId='OrdersWindow']/Grid/DataGrid[@AutomationId='gridOrders'] -> OrdersPage.OrdersWindow.gridOrders
[23:46:54.968] Loaded 0 AutomationId mappings, 11 Name mappings
[23:47:10.965] ResolveAlias(automationId=, name=)
[23:47:10.965]   -> NO MATCH
[23:47:12.477] ResolveAlias(automationId=, name=templateRoot)
[23:47:12.477]   -> NO MATCH
[23:47:13.645] ResolveAlias(automationId=, name=Bd)
[23:47:13.645]   -> NO MATCH
[23:47:14.399] ResolveAlias(automationId=, name=)
[23:47:14.399]   -> NO MATCH
[23:47:16.252] ResolveAlias(automationId=, name=)
[23:47:16.252]   -> NO MATCH
[23:47:17.000] ResolveAlias(automationId=, name=border)
[23:47:17.000]   -> NO MATCH
[23:47:17.791] ResolveAlias(automationId=, name=border)
[23:47:17.791]   -> NO MATCH
[23:47:18.453] ResolveAlias(automationId=, name=border)
[23:47:18.454]   -> NO MATCH
[23:47:18.695] ResolveAlias(automationId=, name=border)
[23:47:18.696]   -> NO MATCH
[23:47:22.774] ResolveAlias(automationId=, name=)
[23:47:22.774]   -> NO MATCH
[23:47:25.196] ResolveAlias(automationId=, name=Bd)
[23:47:25.196]   -> NO MATCH
[23:47:25.860] ResolveAlias(automationId=, name=Bd)
[23:47:25.861]   -> NO MATCH
[23:47:28.336] ResolveAlias(automationId=, name=)
[23:47:28.336]   -> NO MATCH
[23:48:26.586] ResolveAlias(automationId=, name=)
[23:48:26.587]   -> NO MATCH
[23:48:27.649] ResolveAlias(automationId=, name=)
[23:48:27.649]   -> NO MATCH
[23:48:28.409] ResolveAlias(automationId=, name=)
[23:48:28.409]   -> NO MATCH
[23:48:30.593] ResolveAlias(automationId=OrdersWindow, name=)
[23:48:30.593]   -> NO MATCH
[23:48:55.245] ResolveAlias(automationId=, name=)
[23:48:55.246]   -> NO MATCH
[00:22:15.833] EnsureLoaded: frameworkRoot=D:\testpgms\WPFTestAutoClaudeNew\WpfTestFramework, repoDir=D:\testpgms\WPFTestAutoClaudeNew\WpfTestFramework\repository\elements, exists=True
[00:22:15.898] Loaded YAML: D:\testpgms\WPFTestAutoClaudeNew\WpfTestFramework\repository\elements\login_page.yaml, keys: elements
[00:22:15.899] elements count: 4
[00:22:15.899] Processing alias=LoginPage.MainWindow.txtUsername, entry keys=displayName,controlType,parentAlias,defaultTimeout,tags,strategies
[00:22:15.899]   Found strategies: WPFSpy
[00:22:15.899]   Added Name mapping: /Window[@AutomationId='MainWindow']/Grid/TextBox[@AutomationId='txtUsername'] -> LoginPage.MainWindow.txtUsername
[00:22:15.900] Processing alias=LoginPage.MainWindow.txtPassword, entry keys=displayName,controlType,parentAlias,defaultTimeout,tags,strategies
[00:22:15.900]   Found strategies: WPFSpy
[00:22:15.900]   Added Name mapping: /Window[@AutomationId='MainWindow']/Grid/PasswordBox[@AutomationId='txtPassword'] -> LoginPage.MainWindow.txtPassword
[00:22:15.900] Processing alias=LoginPage.MainWindow.btnSubmit, entry keys=displayName,controlType,parentAlias,defaultTimeout,tags,strategies
[00:22:15.901]   Found strategies: WPFSpy
[00:22:15.901]   Added Name mapping: /Window[@AutomationId='MainWindow']/Grid/StackPanel/Button[@AutomationId='btnSubmit'] -> LoginPage.MainWindow.btnSubmit
[00:22:15.901] Processing alias=LoginPage.MainWindow.lblError, entry keys=displayName,controlType,parentAlias,defaultTimeout,tags,strategies
[00:22:15.901]   Found strategies: WPFSpy
[00:22:15.902]   Added Name mapping: /Window[@AutomationId='MainWindow']/Grid/StackPanel/Label[@Name='lblError'] -> LoginPage.MainWindow.lblError
[00:22:15.903] Loaded YAML: D:\testpgms\WPFTestAutoClaudeNew\WpfTestFramework\repository\elements\orders_page.yaml, keys: elements
[00:22:15.904] elements count: 7
[00:22:15.904] Processing alias=OrdersPage.OrdersWindow.cmbSku, entry keys=displayName,controlType,parentAlias,defaultTimeout,tags,strategies
[00:22:15.904]   Found strategies: WPFSpy
[00:22:15.904]   Added Name mapping: /Window[@AutomationId='OrdersWindow']/Grid/ComboBox[@AutomationId='cmbSku'] -> OrdersPage.OrdersWindow.cmbSku
[00:22:15.904] Processing alias=OrdersPage.OrdersWindow.txtQty, entry keys=displayName,controlType,parentAlias,defaultTimeout,tags,strategies
[00:22:15.904]   Found strategies: WPFSpy
[00:22:15.904]   Added Name mapping: /Window[@AutomationId='OrdersWindow']/Grid/TextBox[@AutomationId='txtQty'] -> OrdersPage.OrdersWindow.txtQty
[00:22:15.905] Processing alias=OrdersPage.OrdersWindow.chkPriority, entry keys=displayName,controlType,parentAlias,defaultTimeout,tags,strategies
[00:22:15.905]   Found strategies: WPFSpy
[00:22:15.905]   Added Name mapping: /Window[@AutomationId='OrdersWindow']/Grid/StackPanel/PriorityToggleControl[@Name='chkPriority'] -> OrdersPage.OrdersWindow.chkPriority
[00:22:15.905] Processing alias=OrdersPage.OrdersWindow.btnCreateOrder, entry keys=displayName,controlType,parentAlias,defaultTimeout,tags,strategies
[00:22:15.905]   Found strategies: WPFSpy
[00:22:15.906]   Added Name mapping: /Window[@AutomationId='OrdersWindow']/Grid/StackPanel/Button[@AutomationId='btnCreateOrder'] -> OrdersPage.OrdersWindow.btnCreateOrder
[00:22:15.906] Processing alias=OrdersPage.OrdersWindow.btnLogout, entry keys=displayName,controlType,parentAlias,defaultTimeout,tags,strategies
[00:22:15.906]   Found strategies: WPFSpy
[00:22:15.906]   Added Name mapping: /Window[@AutomationId='OrdersWindow']/Grid/StackPanel/Button[@AutomationId='btnLogout'] -> OrdersPage.OrdersWindow.btnLogout
[00:22:15.906] Processing alias=OrdersPage.OrdersWindow.lblConfirmation, entry keys=displayName,controlType,parentAlias,defaultTimeout,tags,strategies
[00:22:15.906]   Found strategies: WPFSpy
[00:22:15.906]   Added Name mapping: /Window[@AutomationId='OrdersWindow']/Grid/StackPanel/Label[@Name='lblConfirmation'] -> OrdersPage.OrdersWindow.lblConfirmation
[00:22:15.906] Processing alias=OrdersPage.OrdersWindow.gridOrders, entry keys=displayName,controlType,parentAlias,defaultTimeout,tags,strategies
[00:22:15.907]   Found strategies: WPFSpy
[00:22:15.907]   Added Name mapping: /Window[@AutomationId='OrdersWindow']/Grid/DataGrid[@AutomationId='gridOrders'] -> OrdersPage.OrdersWindow.gridOrders
[00:22:15.907] Loaded 0 AutomationId mappings, 11 Name mappings
[00:22:50.860] ResolveAlias(automationId=, name=Bd)
[00:22:50.860]   -> NO MATCH
[00:22:58.363] ResolveAlias(automationId=, name=)
[00:22:58.363]   -> NO MATCH
[00:23:02.988] ResolveAlias(automationId=OrdersWindow, name=)
[00:23:02.988]   -> NO MATCH
[01:08:01.700] EnsureLoaded: frameworkRoot=D:\testpgms\WPFTestAutoClaudeNew\WpfTestFramework, repoDir=D:\testpgms\WPFTestAutoClaudeNew\WpfTestFramework\repository\elements, exists=True
[01:08:01.759] Loaded YAML: D:\testpgms\WPFTestAutoClaudeNew\WpfTestFramework\repository\elements\login_page.yaml, keys: elements
[01:08:01.760] elements count: 4
[01:08:01.760] Processing alias=LoginPage.MainWindow.txtUsername, entry keys=displayName,controlType,parentAlias,defaultTimeout,tags,strategies
[01:08:01.760]   Found strategies: WPFSpy
[01:08:01.760]   Added Name mapping: /Window[@AutomationId='MainWindow']/Grid/TextBox[@AutomationId='txtUsername'] -> LoginPage.MainWindow.txtUsername
[01:08:01.761] Processing alias=LoginPage.MainWindow.txtPassword, entry keys=displayName,controlType,parentAlias,defaultTimeout,tags,strategies
[01:08:01.761]   Found strategies: WPFSpy
[01:08:01.761]   Added Name mapping: /Window[@AutomationId='MainWindow']/Grid/PasswordBox[@AutomationId='txtPassword'] -> LoginPage.MainWindow.txtPassword
[01:08:01.761] Processing alias=LoginPage.MainWindow.btnSubmit, entry keys=displayName,controlType,parentAlias,defaultTimeout,tags,strategies
[01:08:01.761]   Found strategies: WPFSpy
[01:08:01.761]   Added Name mapping: /Window[@AutomationId='MainWindow']/Grid/StackPanel/Button[@AutomationId='btnSubmit'] -> LoginPage.MainWindow.btnSubmit
[01:08:01.762] Processing alias=LoginPage.MainWindow.lblError, entry keys=displayName,controlType,parentAlias,defaultTimeout,tags,strategies
[01:08:01.762]   Found strategies: WPFSpy
[01:08:01.762]   Added Name mapping: /Window[@AutomationId='MainWindow']/Grid/StackPanel/Label[@Name='lblError'] -> LoginPage.MainWindow.lblError
[01:08:01.768] Loaded YAML: D:\testpgms\WPFTestAutoClaudeNew\WpfTestFramework\repository\elements\orders_page.yaml, keys: elements
[01:08:01.768] elements count: 7
[01:08:01.769] Processing alias=OrdersPage.OrdersWindow.cmbSku, entry keys=displayName,controlType,parentAlias,defaultTimeout,tags,strategies
[01:08:01.769]   Found strategies: WPFSpy
[01:08:01.769]   Added Name mapping: /Window[@AutomationId='OrdersWindow']/Grid/ComboBox[@AutomationId='cmbSku'] -> OrdersPage.OrdersWindow.cmbSku
[01:08:01.769] Processing alias=OrdersPage.OrdersWindow.txtQty, entry keys=displayName,controlType,parentAlias,defaultTimeout,tags,strategies
[01:08:01.769]   Found strategies: WPFSpy
[01:08:01.769]   Added Name mapping: /Window[@AutomationId='OrdersWindow']/Grid/TextBox[@AutomationId='txtQty'] -> OrdersPage.OrdersWindow.txtQty
[01:08:01.770] Processing alias=OrdersPage.OrdersWindow.chkPriority, entry keys=displayName,controlType,parentAlias,defaultTimeout,tags,strategies
[01:08:01.770]   Found strategies: WPFSpy
[01:08:01.770]   Added Name mapping: /Window[@AutomationId='OrdersWindow']/Grid/StackPanel/PriorityToggleControl[@Name='chkPriority'] -> OrdersPage.OrdersWindow.chkPriority
[01:08:01.770] Processing alias=OrdersPage.OrdersWindow.btnCreateOrder, entry keys=displayName,controlType,parentAlias,defaultTimeout,tags,strategies
[01:08:01.771]   Found strategies: WPFSpy
[01:08:01.771]   Added Name mapping: /Window[@AutomationId='OrdersWindow']/Grid/StackPanel/Button[@AutomationId='btnCreateOrder'] -> OrdersPage.OrdersWindow.btnCreateOrder
[01:08:01.771] Processing alias=OrdersPage.OrdersWindow.btnLogout, entry keys=displayName,controlType,parentAlias,defaultTimeout,tags,strategies
[01:08:01.771]   Found strategies: WPFSpy
[01:08:01.771]   Added Name mapping: /Window[@AutomationId='OrdersWindow']/Grid/StackPanel/Button[@AutomationId='btnLogout'] -> OrdersPage.OrdersWindow.btnLogout
[01:08:01.771] Processing alias=OrdersPage.OrdersWindow.lblConfirmation, entry keys=displayName,controlType,parentAlias,defaultTimeout,tags,strategies
[01:08:01.771]   Found strategies: WPFSpy
[01:08:01.771]   Added Name mapping: /Window[@AutomationId='OrdersWindow']/Grid/StackPanel/Label[@Name='lblConfirmation'] -> OrdersPage.OrdersWindow.lblConfirmation
[01:08:01.772] Processing alias=OrdersPage.OrdersWindow.gridOrders, entry keys=displayName,controlType,parentAlias,defaultTimeout,tags,strategies
[01:08:01.772]   Found strategies: WPFSpy
[01:08:01.772]   Added Name mapping: /Window[@AutomationId='OrdersWindow']/Grid/DataGrid[@AutomationId='gridOrders'] -> OrdersPage.OrdersWindow.gridOrders
[01:08:01.772] Loaded 0 AutomationId mappings, 11 Name mappings
[14:46:10.599] EnsureLoaded: frameworkRoot=D:\testpgms\WPFTestAutoClaudeNew\WpfTestFramework, repoDir=D:\testpgms\WPFTestAutoClaudeNew\WpfTestFramework\repository\elements, exists=True
[14:46:10.642] Loaded YAML: D:\testpgms\WPFTestAutoClaudeNew\WpfTestFramework\repository\elements\login_page.yaml, keys: elements
[14:46:10.642] elements count: 4
[14:46:10.643] Processing alias=LoginPage.MainWindow.txtUsername, entry keys=displayName,controlType,parentAlias,defaultTimeout,tags,strategies
[14:46:10.643]   Found strategies: WPFSpy
[14:46:10.643]   Added Name mapping: /Window[@AutomationId='MainWindow']/Grid/TextBox[@AutomationId='txtUsername'] -> LoginPage.MainWindow.txtUsername
[14:46:10.643] Processing alias=LoginPage.MainWindow.txtPassword, entry keys=displayName,controlType,parentAlias,defaultTimeout,tags,strategies
[14:46:10.643]   Found strategies: WPFSpy
[14:46:10.643]   Added Name mapping: /Window[@AutomationId='MainWindow']/Grid/PasswordBox[@AutomationId='txtPassword'] -> LoginPage.MainWindow.txtPassword
[14:46:10.644] Processing alias=LoginPage.MainWindow.btnSubmit, entry keys=displayName,controlType,parentAlias,defaultTimeout,tags,strategies
[14:46:10.644]   Found strategies: WPFSpy
[14:46:10.644]   Added Name mapping: /Window[@AutomationId='MainWindow']/Grid/StackPanel/Button[@AutomationId='btnSubmit'] -> LoginPage.MainWindow.btnSubmit
[14:46:10.644] Processing alias=LoginPage.MainWindow.lblError, entry keys=displayName,controlType,parentAlias,defaultTimeout,tags,strategies
[14:46:10.644]   Found strategies: WPFSpy
[14:46:10.645]   Added Name mapping: /Window[@AutomationId='MainWindow']/Grid/StackPanel/Label[@Name='lblError'] -> LoginPage.MainWindow.lblError
[14:46:10.647] Loaded YAML: D:\testpgms\WPFTestAutoClaudeNew\WpfTestFramework\repository\elements\orders_page.yaml, keys: elements
[14:46:10.647] elements count: 7
[14:46:10.647] Processing alias=OrdersPage.OrdersWindow.cmbSku, entry keys=displayName,controlType,parentAlias,defaultTimeout,tags,strategies
[14:46:10.647]   Found strategies: WPFSpy
[14:46:10.648]   Added Name mapping: /Window[@AutomationId='OrdersWindow']/Grid/ComboBox[@AutomationId='cmbSku'] -> OrdersPage.OrdersWindow.cmbSku
[14:46:10.648] Processing alias=OrdersPage.OrdersWindow.txtQty, entry keys=displayName,controlType,parentAlias,defaultTimeout,tags,strategies
[14:46:10.648]   Found strategies: WPFSpy
[14:46:10.648]   Added Name mapping: /Window[@AutomationId='OrdersWindow']/Grid/TextBox[@AutomationId='txtQty'] -> OrdersPage.OrdersWindow.txtQty
[14:46:10.648] Processing alias=OrdersPage.OrdersWindow.chkPriority, entry keys=displayName,controlType,parentAlias,defaultTimeout,tags,strategies
[14:46:10.648]   Found strategies: WPFSpy
[14:46:10.648]   Added Name mapping: /Window[@AutomationId='OrdersWindow']/Grid/StackPanel/PriorityToggleControl[@Name='chkPriority'] -> OrdersPage.OrdersWindow.chkPriority
[14:46:10.648] Processing alias=OrdersPage.OrdersWindow.btnCreateOrder, entry keys=displayName,controlType,parentAlias,defaultTimeout,tags,strategies
[14:46:10.648]   Found strategies: WPFSpy
[14:46:10.649]   Added Name mapping: /Window[@AutomationId='OrdersWindow']/Grid/StackPanel/Button[@AutomationId='btnCreateOrder'] -> OrdersPage.OrdersWindow.btnCreateOrder
[14:46:10.649] Processing alias=OrdersPage.OrdersWindow.btnLogout, entry keys=displayName,controlType,parentAlias,defaultTimeout,tags,strategies
[14:46:10.649]   Found strategies: WPFSpy
[14:46:10.649]   Added Name mapping: /Window[@AutomationId='OrdersWindow']/Grid/StackPanel/Button[@AutomationId='btnLogout'] -> OrdersPage.OrdersWindow.btnLogout
[14:46:10.649] Processing alias=OrdersPage.OrdersWindow.lblConfirmation, entry keys=displayName,controlType,parentAlias,defaultTimeout,tags,strategies
[14:46:10.649]   Found strategies: WPFSpy
[14:46:10.649]   Added Name mapping: /Window[@AutomationId='OrdersWindow']/Grid/StackPanel/Label[@Name='lblConfirmation'] -> OrdersPage.OrdersWindow.lblConfirmation
[14:46:10.650] Processing alias=OrdersPage.OrdersWindow.gridOrders, entry keys=displayName,controlType,parentAlias,defaultTimeout,tags,strategies
[14:46:10.650]   Found strategies: WPFSpy
[14:46:10.650]   Added Name mapping: /Window[@AutomationId='OrdersWindow']/Grid/DataGrid[@AutomationId='gridOrders'] -> OrdersPage.OrdersWindow.gridOrders
[14:46:10.650] Loaded 0 AutomationId mappings, 11 Name mappings
[14:46:35.515] ResolveAlias(automationId=, name=)
[14:46:35.515]   -> NO MATCH
[14:46:36.485] ResolveAlias(automationId=, name=splitBorder)
[14:46:36.485]   -> NO MATCH
[14:46:37.233] ResolveAlias(automationId=, name=Bd)
[14:46:37.233]   -> NO MATCH
[14:46:37.836] ResolveAlias(automationId=, name=)
[14:46:37.836]   -> NO MATCH
[14:46:39.573] ResolveAlias(automationId=, name=)
[14:46:39.573]   -> NO MATCH
[14:46:40.385] ResolveAlias(automationId=, name=border)
[14:46:40.385]   -> NO MATCH
[14:46:42.530] ResolveAlias(automationId=, name=border)
[14:46:42.530]   -> NO MATCH
[14:46:44.225] ResolveAlias(automationId=, name=Bd)
[14:46:44.225]   -> NO MATCH
[14:46:46.754] ResolveAlias(automationId=, name=)
[14:46:46.754]   -> NO MATCH
[14:46:48.694] ResolveAlias(automationId=, name=)
[14:46:48.694]   -> NO MATCH
[14:57:14.344] EnsureLoaded: frameworkRoot=D:\testpgms\WPFTestAutoClaudeNew\WpfTestFramework, repoDir=D:\testpgms\WPFTestAutoClaudeNew\WpfTestFramework\repository\elements, exists=True
[14:57:14.396] Loaded YAML: D:\testpgms\WPFTestAutoClaudeNew\WpfTestFramework\repository\elements\login_page.yaml, keys: elements
[14:57:14.397] elements count: 4
[14:57:14.397] Processing alias=LoginPage.MainWindow.txtUsername, entry keys=displayName,controlType,parentAlias,defaultTimeout,tags,strategies
[14:57:14.398]   Found strategies: WPFSpy
[14:57:14.398]   Added Name mapping: /Window[@AutomationId='MainWindow']/Grid/TextBox[@AutomationId='txtUsername'] -> LoginPage.MainWindow.txtUsername
[14:57:14.398] Processing alias=LoginPage.MainWindow.txtPassword, entry keys=displayName,controlType,parentAlias,defaultTimeout,tags,strategies
[14:57:14.398]   Found strategies: WPFSpy
[14:57:14.398]   Added Name mapping: /Window[@AutomationId='MainWindow']/Grid/PasswordBox[@AutomationId='txtPassword'] -> LoginPage.MainWindow.txtPassword
[14:57:14.398] Processing alias=LoginPage.MainWindow.btnSubmit, entry keys=displayName,controlType,parentAlias,defaultTimeout,tags,strategies
[14:57:14.398]   Found strategies: WPFSpy
[14:57:14.399]   Added Name mapping: /Window[@AutomationId='MainWindow']/Grid/StackPanel/Button[@AutomationId='btnSubmit'] -> LoginPage.MainWindow.btnSubmit
[14:57:14.399] Processing alias=LoginPage.MainWindow.lblError, entry keys=displayName,controlType,parentAlias,defaultTimeout,tags,strategies
[14:57:14.399]   Found strategies: WPFSpy
[14:57:14.399]   Added Name mapping: /Window[@AutomationId='MainWindow']/Grid/StackPanel/Label[@Name='lblError'] -> LoginPage.MainWindow.lblError
[14:57:14.401] Loaded YAML: D:\testpgms\WPFTestAutoClaudeNew\WpfTestFramework\repository\elements\orders_page.yaml, keys: elements
[14:57:14.401] elements count: 7
[14:57:14.401] Processing alias=OrdersPage.OrdersWindow.cmbSku, entry keys=displayName,controlType,parentAlias,defaultTimeout,tags,strategies
[14:57:14.402]   Found strategies: WPFSpy
[14:57:14.402]   Added Name mapping: /Window[@AutomationId='OrdersWindow']/Grid/ComboBox[@AutomationId='cmbSku'] -> OrdersPage.OrdersWindow.cmbSku
[14:57:14.402] Processing alias=OrdersPage.OrdersWindow.txtQty, entry keys=displayName,controlType,parentAlias,defaultTimeout,tags,strategies
[14:57:14.403]   Found strategies: WPFSpy
[14:57:14.403]   Added Name mapping: /Window[@AutomationId='OrdersWindow']/Grid/TextBox[@AutomationId='txtQty'] -> OrdersPage.OrdersWindow.txtQty
[14:57:14.403] Processing alias=OrdersPage.OrdersWindow.chkPriority, entry keys=displayName,controlType,parentAlias,defaultTimeout,tags,strategies
[14:57:14.403]   Found strategies: WPFSpy
[14:57:14.404]   Added Name mapping: /Window[@AutomationId='OrdersWindow']/Grid/StackPanel/PriorityToggleControl[@Name='chkPriority'] -> OrdersPage.OrdersWindow.chkPriority
[14:57:14.404] Processing alias=OrdersPage.OrdersWindow.btnCreateOrder, entry keys=displayName,controlType,parentAlias,defaultTimeout,tags,strategies
[14:57:14.404]   Found strategies: WPFSpy
[14:57:14.405]   Added Name mapping: /Window[@AutomationId='OrdersWindow']/Grid/StackPanel/Button[@AutomationId='btnCreateOrder'] -> OrdersPage.OrdersWindow.btnCreateOrder
[14:57:14.405] Processing alias=OrdersPage.OrdersWindow.btnLogout, entry keys=displayName,controlType,parentAlias,defaultTimeout,tags,strategies
[14:57:14.405]   Found strategies: WPFSpy
[14:57:14.405]   Added Name mapping: /Window[@AutomationId='OrdersWindow']/Grid/StackPanel/Button[@AutomationId='btnLogout'] -> OrdersPage.OrdersWindow.btnLogout
[14:57:14.405] Processing alias=OrdersPage.OrdersWindow.lblConfirmation, entry keys=displayName,controlType,parentAlias,defaultTimeout,tags,strategies
[14:57:14.406]   Found strategies: WPFSpy
[14:57:14.406]   Added Name mapping: /Window[@AutomationId='OrdersWindow']/Grid/StackPanel/Label[@Name='lblConfirmation'] -> OrdersPage.OrdersWindow.lblConfirmation
[14:57:14.406] Processing alias=OrdersPage.OrdersWindow.gridOrders, entry keys=displayName,controlType,parentAlias,defaultTimeout,tags,strategies
[14:57:14.406]   Found strategies: WPFSpy
[14:57:14.406]   Added Name mapping: /Window[@AutomationId='OrdersWindow']/Grid/DataGrid[@AutomationId='gridOrders'] -> OrdersPage.OrdersWindow.gridOrders
[14:57:14.406] Loaded 0 AutomationId mappings, 11 Name mappings
[14:57:21.289] ResolveAlias(automationId=, name=)
[14:57:21.289]   -> NO MATCH
[16:06:18.000] EnsureLoaded: frameworkRoot=D:\testpgms\WPFTestAutoClaudeNew\WpfTestFramework, repoDir=D:\testpgms\WPFTestAutoClaudeNew\WpfTestFramework\repository\elements, exists=True
[16:06:18.051] Loaded YAML: D:\testpgms\WPFTestAutoClaudeNew\WpfTestFramework\repository\elements\login_page.yaml, keys: elements
[16:06:18.052] elements count: 4
[16:06:18.052] Processing alias=LoginPage.MainWindow.txtUsername, entry keys=displayName,controlType,parentAlias,defaultTimeout,tags,strategies
[16:06:18.052]   Found strategies: WPFSpy
[16:06:18.053]   Added Name mapping: /Window[@AutomationId='MainWindow']/Grid/TextBox[@AutomationId='txtUsername'] -> LoginPage.MainWindow.txtUsername
[16:06:18.053] Processing alias=LoginPage.MainWindow.txtPassword, entry keys=displayName,controlType,parentAlias,defaultTimeout,tags,strategies
[16:06:18.053]   Found strategies: WPFSpy
[16:06:18.053]   Added Name mapping: /Window[@AutomationId='MainWindow']/Grid/PasswordBox[@AutomationId='txtPassword'] -> LoginPage.MainWindow.txtPassword
[16:06:18.053] Processing alias=LoginPage.MainWindow.btnSubmit, entry keys=displayName,controlType,parentAlias,defaultTimeout,tags,strategies
[16:06:18.053]   Found strategies: WPFSpy
[16:06:18.053]   Added Name mapping: /Window[@AutomationId='MainWindow']/Grid/StackPanel/Button[@AutomationId='btnSubmit'] -> LoginPage.MainWindow.btnSubmit
[16:06:18.054] Processing alias=LoginPage.MainWindow.lblError, entry keys=displayName,controlType,parentAlias,defaultTimeout,tags,strategies
[16:06:18.054]   Found strategies: WPFSpy
[16:06:18.054]   Added Name mapping: /Window[@AutomationId='MainWindow']/Grid/StackPanel/Label[@Name='lblError'] -> LoginPage.MainWindow.lblError
[16:06:18.056] Loaded YAML: D:\testpgms\WPFTestAutoClaudeNew\WpfTestFramework\repository\elements\orders_page.yaml, keys: elements
[16:06:18.056] elements count: 7
[16:06:18.056] Processing alias=OrdersPage.OrdersWindow.cmbSku, entry keys=displayName,controlType,parentAlias,defaultTimeout,tags,strategies
[16:06:18.056]   Found strategies: WPFSpy
[16:06:18.056]   Added Name mapping: /Window[@AutomationId='OrdersWindow']/Grid/ComboBox[@AutomationId='cmbSku'] -> OrdersPage.OrdersWindow.cmbSku
[16:06:18.056] Processing alias=OrdersPage.OrdersWindow.txtQty, entry keys=displayName,controlType,parentAlias,defaultTimeout,tags,strategies
[16:06:18.057]   Found strategies: WPFSpy
[16:06:18.057]   Added Name mapping: /Window[@AutomationId='OrdersWindow']/Grid/TextBox[@AutomationId='txtQty'] -> OrdersPage.OrdersWindow.txtQty
[16:06:18.057] Processing alias=OrdersPage.OrdersWindow.chkPriority, entry keys=displayName,controlType,parentAlias,defaultTimeout,tags,strategies
[16:06:18.057]   Found strategies: WPFSpy
[16:06:18.058]   Added Name mapping: /Window[@AutomationId='OrdersWindow']/Grid/StackPanel/PriorityToggleControl[@Name='chkPriority'] -> OrdersPage.OrdersWindow.chkPriority
[16:06:18.058] Processing alias=OrdersPage.OrdersWindow.btnCreateOrder, entry keys=displayName,controlType,parentAlias,defaultTimeout,tags,strategies
[16:06:18.058]   Found strategies: WPFSpy
[16:06:18.058]   Added Name mapping: /Window[@AutomationId='OrdersWindow']/Grid/StackPanel/Button[@AutomationId='btnCreateOrder'] -> OrdersPage.OrdersWindow.btnCreateOrder
[16:06:18.058] Processing alias=OrdersPage.OrdersWindow.btnLogout, entry keys=displayName,controlType,parentAlias,defaultTimeout,tags,strategies
[16:06:18.058]   Found strategies: WPFSpy
[16:06:18.058]   Added Name mapping: /Window[@AutomationId='OrdersWindow']/Grid/StackPanel/Button[@AutomationId='btnLogout'] -> OrdersPage.OrdersWindow.btnLogout
[16:06:18.059] Processing alias=OrdersPage.OrdersWindow.lblConfirmation, entry keys=displayName,controlType,parentAlias,defaultTimeout,tags,strategies
[16:06:18.059]   Found strategies: WPFSpy
[16:06:18.059]   Added Name mapping: /Window[@AutomationId='OrdersWindow']/Grid/StackPanel/Label[@Name='lblConfirmation'] -> OrdersPage.OrdersWindow.lblConfirmation
[16:06:18.059] Processing alias=OrdersPage.OrdersWindow.gridOrders, entry keys=displayName,controlType,parentAlias,defaultTimeout,tags,strategies
[16:06:18.059]   Found strategies: WPFSpy
[16:06:18.060]   Added Name mapping: /Window[@AutomationId='OrdersWindow']/Grid/DataGrid[@AutomationId='gridOrders'] -> OrdersPage.OrdersWindow.gridOrders
[16:06:18.060] Loaded 0 AutomationId mappings, 11 Name mappings
[16:06:21.718] ResolveAlias(automationId=, name=)
[16:06:21.718]   -> NO MATCH
[16:14:18.779] ResolveAlias(automationId=, name=border)
[16:14:18.780]   -> NO MATCH
[16:14:19.321] ResolveAlias(automationId=, name=border)
[16:14:19.321]   -> NO MATCH
[16:14:20.014] ResolveAlias(automationId=, name=border)
[16:14:20.015]   -> NO MATCH
[16:14:22.824] ResolveAlias(automationId=, name=)
[16:14:22.825]   -> NO MATCH
[16:14:24.243] ResolveAlias(automationId=, name=Bd)
[16:14:24.244]   -> NO MATCH
